<DATE>	<OPEN>	<HIGH>	<LOW>	<CLOSE>	<TICKVOL>	<VOL>	<SPREAD>
2000.01.03	287.50	289.00	287.50	289.00	151	0	0
2000.01.04	283.62	291.50	279.45	282.00	2249	0	0
2000.01.05	282.00	283.95	279.25	281.10	851	0	0
2000.01.06	280.55	283.60	278.70	281.70	866	0	0
2000.01.07	280.88	283.80	280.15	282.00	619	0	0
2000.01.10	281.15	283.00	280.51	282.00	414	0	0
2000.01.11	281.50	284.50	280.25	283.70	631	0	0
2000.01.12	282.50	283.55	281.00	282.80	481	0	0
2000.01.13	281.13	285.30	281.00	284.50	524	0	0
2000.01.14	284.00	285.68	282.65	284.60	547	0	0
2000.01.17	283.80	287.40	282.40	285.75	806	0	0
2000.01.18	285.15	289.30	284.70	289.10	526	0	0
2000.01.19	286.65	289.70	286.50	289.70	336	0	0
2000.01.20	289.10	290.25	286.90	288.95	656	0	0
2000.01.21	288.20	290.10	286.55	289.50	581	0	0
2000.01.24	287.00	289.77	286.00	288.00	655	0	0
2000.01.25	287.00	291.50	285.50	286.50	1151	0	0
2000.01.26	287.50	288.10	284.15	286.55	696	0	0
2000.01.27	284.90	287.80	284.90	287.60	311	0	0
2000.01.28	285.50	288.45	280.30	282.75	1356	0	0
2000.01.31	281.60	287.65	281.60	283.90	981	0	0
2000.02.01	283.30	284.70	282.00	282.90	501	0	0
2000.02.02	281.50	287.20	281.50	285.20	771	0	0
2000.02.03	284.65	288.50	283.40	287.40	746	0	0
2000.02.04	287.50	315.80	285.45	310.80	3741	0	0
2000.02.07	313.00	327.00	301.00	304.00	4301	0	0
2000.02.08	302.00	307.00	294.80	300.10	2251	0	0
2000.02.09	300.50	312.50	298.20	307.70	2141	0	0
2000.02.10	307.00	317.65	307.00	317.45	1086	0	0
2000.02.11	315.35	318.75	307.20	311.15	1891	0	0
2000.02.14	310.35	316.75	304.75	309.65	2331	0	0
2000.02.15	306.75	309.75	300.00	302.50	1526	0	0
2000.02.16	302.05	306.00	297.00	303.50	1656	0	0
2000.02.17	301.50	310.50	297.30	301.50	2641	0	0
2000.02.18	300.10	306.30	299.80	305.75	736	0	0
2000.02.21	303.40	307.50	302.75	306.25	666	0	0
2000.02.22	305.75	306.75	300.95	305.70	1156	0	0
2000.02.23	304.30	306.62	299.30	300.80	1115	0	0
2000.02.24	300.80	302.70	297.45	299.10	881	0	0
2000.02.25	297.80	299.75	291.10	294.50	1401	0	0
2000.02.28	291.25	294.50	290.75	293.20	556	0	0
2000.02.29	292.10	295.35	291.30	292.70	751	0	0
2000.03.01	291.70	294.88	288.25	289.80	1137	0	0
2000.03.02	288.70	294.00	287.00	289.25	1346	0	0
2000.03.03	287.38	292.00	286.88	289.00	863	0	0
2000.03.06	288.00	290.88	287.20	288.40	697	0	0
2000.03.07	287.25	294.55	287.00	293.70	866	0	0
2000.03.08	293.00	294.70	287.50	288.50	991	0	0
2000.03.09	289.00	294.00	287.50	291.70	1031	0	0
2000.03.10	290.70	293.75	287.90	289.50	1051	0	0
2000.03.13	290.00	292.65	288.60	290.90	721	0	0
2000.03.14	290.00	292.50	287.55	289.40	931	0	0
2000.03.15	288.50	291.70	287.60	289.50	721	0	0
2000.03.16	288.60	290.25	284.90	287.00	911	0	0
2000.03.17	285.90	287.85	282.40	285.10	1011	0	0
2000.03.20	282.80	287.05	282.80	286.40	491	0	0
2000.03.21	285.10	292.15	283.25	290.20	1271	0	0
2000.03.22	289.30	291.40	284.50	288.50	1301	0	0
2000.03.23	287.00	290.60	282.35	285.70	1521	0	0
2000.03.24	285.30	288.25	283.50	285.50	931	0	0
2000.03.27	284.50	285.85	279.80	281.10	871	0	0
2000.03.28	280.30	283.00	278.70	280.50	841	0	0
2000.03.29	279.50	281.15	274.60	276.90	1051	0	0
2000.03.30	274.70	279.80	274.70	277.40	751	0	0
2000.03.31	276.75	280.90	274.00	279.40	1116	0	0
2000.04.03	278.50	279.88	276.40	278.70	677	0	0
2000.04.04	277.40	289.25	275.30	284.40	2091	0	0
2000.04.05	283.75	286.20	275.75	282.00	1916	0	0
2000.04.06	281.30	282.70	278.10	281.00	891	0	0
2000.04.07	279.90	281.90	278.85	280.70	531	0	0
2000.04.10	280.10	283.30	279.15	282.50	591	0	0
2000.04.11	281.40	284.70	280.45	282.10	781	0	0
2000.04.12	281.00	284.35	278.55	282.70	991	0	0
2000.04.13	281.70	283.50	279.20	282.40	791	0	0
2000.04.14	281.20	287.00	279.65	283.10	1281	0	0
2000.04.17	284.25	285.80	280.00	282.00	936	0	0
2000.04.18	281.00	283.40	279.90	281.80	621	0	0
2000.04.19	280.80	282.70	279.60	281.20	581	0	0
2000.04.20	280.20	281.90	278.30	280.30	711	0	0
2000.04.21	279.30	280.60	279.10	280.50	181	0	0
2000.04.24	279.50	281.40	279.00	280.30	401	0	0
2000.04.25	280.40	281.20	277.20	278.90	651	0	0
2000.04.26	277.40	281.00	274.20	276.62	1283	0	0
2000.04.27	275.10	278.20	274.65	277.30	491	0	0
2000.04.28	276.70	277.60	272.60	273.60	691	0	0
2000.05.01	275.00	275.50	272.10	273.90	571	0	0
2000.05.02	273.60	277.00	272.80	275.20	681	0	0
2000.05.03	275.15	278.00	275.00	278.00	316	0	0
2000.05.04	278.00	283.30	276.20	280.20	1201	0	0
2000.05.05	280.10	283.20	277.40	279.20	1071	0	0
2000.05.08	278.70	281.20	276.00	276.80	851	0	0
2000.05.09	276.30	278.50	275.00	277.50	581	0	0
2000.05.10	277.00	279.80	276.30	278.00	601	0	0
2000.05.11	277.40	278.80	275.20	276.40	621	0	0
2000.05.12	275.60	278.00	275.20	276.40	481	0	0
2000.05.15	276.20	277.90	273.90	275.70	751	0	0
2000.05.16	275.20	278.00	274.50	275.90	631	0	0
2000.05.17	274.90	276.90	271.50	274.30	1021	0	0
2000.05.18	273.50	275.00	271.55	274.10	631	0	0
2000.05.19	272.65	275.30	272.15	274.50	446	0	0
2000.05.22	273.85	277.65	273.00	276.30	686	0	0
2000.05.23	275.30	277.50	272.90	274.50	841	0	0
2000.05.24	273.90	275.00	272.15	274.00	561	0	0
2000.05.25	273.00	275.40	268.70	270.80	1121	0	0
2000.05.26	269.80	273.90	269.00	272.80	681	0	0
2000.05.29	272.20	275.00	271.60	272.60	641	0	0
2000.05.30	271.60	275.30	271.60	273.70	531	0	0
2000.05.31	272.60	273.95	271.40	272.60	511	0	0
2000.06.01	271.70	274.45	271.00	273.10	551	0	0
2000.06.02	272.30	283.20	272.15	281.40	1301	0	0
2000.06.05	280.80	286.75	277.60	285.70	1341	0	0
2000.06.06	285.20	291.65	281.30	290.00	1591	0	0
2000.06.07	289.00	290.00	283.85	287.80	1111	0	0
2000.06.08	286.90	288.00	283.35	284.70	711	0	0
2000.06.09	284.20	287.25	283.00	284.35	836	0	0
2000.06.12	282.75	286.50	282.65	286.50	396	0	0
2000.06.13	286.00	294.62	284.15	286.00	2095	0	0
2000.06.14	285.25	291.50	285.00	291.50	676	0	0
2000.06.15	291.50	293.75	286.25	290.10	1361	0	0
2000.06.16	289.05	292.45	287.00	289.50	1046	0	0
2000.06.19	288.90	290.90	285.00	286.50	941	0	0
2000.06.20	285.25	288.10	284.85	286.75	501	0	0
2000.06.21	285.75	288.05	285.10	286.40	526	0	0
2000.06.22	285.65	289.95	284.40	285.90	1086	0	0
2000.06.23	285.05	287.15	282.20	283.40	826	0	0
2000.06.26	282.90	285.20	281.55	284.20	601	0	0
2000.06.27	283.20	286.15	282.60	286.15	416	0	0
2000.06.28	285.80	293.60	283.85	293.00	1231	0	0
2000.06.29	292.40	293.15	287.60	289.65	836	0	0
2000.06.30	288.80	290.75	287.30	289.30	641	0	0
2000.07.03	288.60	290.60	287.40	288.20	601	0	0
2000.07.04	287.50	289.60	286.00	288.30	641	0	0
2000.07.05	286.40	288.40	283.50	284.50	791	0	0
2000.07.06	283.80	286.90	281.90	283.90	991	0	0
2000.07.07	283.20	285.25	281.60	284.00	651	0	0
2000.07.10	283.40	285.90	282.60	284.40	561	0	0
2000.07.11	283.70	284.90	281.50	282.80	591	0	0
2000.07.12	283.00	284.00	279.00	280.90	791	0	0
2000.07.13	280.40	282.40	279.40	280.75	566	0	0
2000.07.14	279.55	281.30	279.40	281.30	206	0	0
2000.07.17	280.20	284.65	280.20	283.80	531	0	0
2000.07.18	283.30	284.60	281.55	282.90	571	0	0
2000.07.19	282.10	283.10	277.05	279.40	941	0	0
2000.07.20	278.90	281.75	277.25	280.50	741	0	0
2000.07.21	280.00	282.05	278.50	280.60	651	0	0
2000.07.24	280.25	281.00	278.50	279.75	451	0	0
2000.07.25	279.00	282.15	277.60	279.30	881	0	0
2000.07.26	278.80	280.95	278.00	280.00	471	0	0
2000.07.27	279.75	281.95	277.45	279.00	826	0	0
2000.07.28	278.20	279.90	277.30	278.90	451	0	0
2000.07.31	278.00	279.00	276.05	277.50	541	0	0
2000.08.01	276.95	279.05	276.00	277.60	546	0	0
2000.08.02	277.00	279.60	275.95	277.80	651	0	0
2000.08.03	276.85	278.90	272.30	274.20	1056	0	0
2000.08.04	273.65	275.70	271.70	273.50	786	0	0
2000.08.07	272.50	275.00	272.00	274.00	451	0	0
2000.08.08	273.60	275.50	271.55	273.75	776	0	0
2000.08.09	272.70	274.70	270.80	273.05	746	0	0
2000.08.10	271.75	273.95	271.00	273.00	466	0	0
2000.08.11	272.75	276.05	272.00	275.40	546	0	0
2000.08.14	274.50	277.10	272.60	275.00	851	0	0
2000.08.15	274.75	275.90	273.65	274.90	436	0	0
2000.08.16	274.40	278.10	273.95	277.70	501	0	0
2000.08.17	277.50	279.40	275.35	277.90	771	0	0
2000.08.18	277.40	278.25	275.00	277.15	626	0	0
2000.08.21	276.45	277.80	273.85	275.70	716	0	0
2000.08.22	274.90	276.25	272.05	274.00	751	0	0
2000.08.23	273.50	274.60	270.40	271.50	641	0	0
2000.08.24	271.00	273.75	270.00	273.20	531	0	0
2000.08.25	272.70	275.35	272.00	274.50	491	0	0
2000.08.28	273.40	274.25	272.80	274.25	206	0	0
2000.08.29	273.55	275.75	272.10	273.75	711	0	0
2000.08.30	272.50	274.00	272.10	274.00	231	0	0
2000.08.31	273.80	279.10	272.70	278.20	841	0	0
2000.09.01	277.50	278.50	275.00	277.00	651	0	0
2000.09.04	276.70	278.35	276.00	277.25	416	0	0
2000.09.05	276.80	278.00	274.40	276.10	651	0	0
2000.09.06	275.40	277.15	273.05	275.00	781	0	0
2000.09.07	274.20	275.05	272.00	274.10	601	0	0
2000.09.08	273.00	275.25	271.00	273.40	811	0	0
2000.09.11	272.70	274.75	271.70	273.40	541	0	0
2000.09.12	272.90	276.05	272.05	273.30	761	0	0
2000.09.13	272.85	274.65	271.65	273.00	586	0	0
2000.09.14	272.60	274.60	271.60	272.80	581	0	0
2000.09.15	272.30	274.10	270.60	272.70	661	0	0
2000.09.18	271.80	274.80	270.95	272.00	751	0	0
2000.09.19	271.50	273.65	270.35	272.65	546	0	0
2000.09.20	271.80	273.40	268.70	269.60	721	0	0
2000.09.21	269.10	272.00	268.25	271.10	551	0	0
2000.09.22	270.40	276.50	269.60	272.40	1181	0	0
2000.09.25	271.90	275.05	271.55	274.60	431	0	0
2000.09.26	274.10	276.15	273.30	274.60	521	0	0
2000.09.27	274.10	279.95	273.60	278.70	811	0	0
2000.09.28	278.30	279.25	274.60	275.10	611	0	0
2000.09.29	275.80	277.85	272.25	274.50	991	0	0
2000.10.02	274.10	275.05	272.35	273.70	501	0	0
2000.10.03	273.20	274.10	271.35	272.50	481	0	0
2000.10.04	271.90	274.60	269.75	271.35	916	0	0
2000.10.05	270.30	272.75	268.40	270.20	861	0	0
2000.10.06	270.60	272.00	268.85	269.90	561	0	0
2000.10.09	269.15	270.65	269.10	270.65	161	0	0
2000.10.10	270.10	273.85	268.25	273.00	831	0	0
2000.10.11	272.50	275.45	270.15	271.20	931	0	0
2000.10.12	269.95	276.55	269.95	276.55	661	0	0
2000.10.13	276.55	278.10	271.20	272.90	1016	0	0
2000.10.16	272.65	274.30	270.25	272.30	776	0	0
2000.10.17	271.80	272.65	268.90	271.50	721	0	0
2000.10.18	271.05	274.35	269.40	271.00	986	0	0
2000.10.19	271.50	272.35	269.65	271.15	506	0	0
2000.10.20	270.80	275.70	269.65	271.80	1111	0	0
2000.10.23	270.90	272.65	269.40	270.60	621	0	0
2000.10.24	270.00	272.15	269.30	270.40	531	0	0
2000.10.25	270.00	271.05	265.65	267.00	781	0	0
2000.10.26	266.50	268.00	263.95	265.50	711	0	0
2000.10.27	265.20	267.30	261.85	264.72	1043	0	0
2000.10.30	264.42	266.65	263.80	264.70	543	0	0
2000.10.31	264.00	266.35	263.10	264.75	576	0	0
2000.11.01	264.45	267.30	262.85	264.40	886	0	0
2000.11.02	264.50	267.15	263.20	265.00	741	0	0
2000.11.03	264.50	267.25	263.55	265.40	651	0	0
2000.11.06	265.45	267.05	264.10	265.30	576	0	0
2000.11.07	264.70	267.30	263.00	265.00	831	0	0
2000.11.08	264.20	266.30	263.40	265.40	461	0	0
2000.11.09	264.90	267.20	263.35	266.45	616	0	0
2000.11.10	265.55	266.95	263.75	265.00	586	0	0
2000.11.13	264.75	266.45	263.65	264.60	546	0	0
2000.11.14	264.25	265.90	263.65	264.75	401	0	0
2000.11.15	264.45	267.20	263.95	265.45	551	0	0
2000.11.16	264.60	268.85	264.30	266.85	686	0	0
2000.11.17	266.15	267.55	264.65	266.00	566	0	0
2000.11.20	266.00	267.45	265.25	266.70	371	0	0
2000.11.21	266.30	268.45	265.15	266.10	641	0	0
2000.11.22	265.40	268.10	265.15	266.80	451	0	0
2000.11.23	266.30	268.10	265.00	266.10	601	0	0
2000.11.24	265.10	266.10	265.00	266.10	121	0	0
2000.11.27	265.70	271.35	265.25	270.30	761	0	0
2000.11.28	269.50	271.65	268.20	269.90	651	0	0
2000.11.29	269.10	270.70	265.70	266.80	771	0	0
2000.11.30	266.30	271.35	265.25	270.70	781	0	0
2000.12.01	270.20	273.50	268.60	269.60	921	0	0
2000.12.04	269.50	272.60	269.10	271.15	536	0	0
2000.12.05	270.70	272.75	269.80	270.85	576	0	0
2000.12.06	270.30	276.00	269.90	274.95	756	0	0
2000.12.07	274.50	276.40	270.85	274.00	1061	0	0
2000.12.08	273.55	274.80	271.85	273.00	536	0	0
2000.12.11	272.50	273.75	269.90	270.70	591	0	0
2000.12.12	270.30	272.70	269.70	271.30	501	0	0
2000.12.13	270.80	271.50	267.80	269.75	636	0	0
2000.12.14	269.00	271.55	268.05	269.80	621	0	0
2000.12.15	268.80	270.70	268.55	270.70	241	0	0
2000.12.18	270.30	271.40	269.30	270.40	411	0	0
2000.12.19	269.90	271.05	268.75	270.50	401	0	0
2000.12.20	270.30	274.50	269.25	273.10	771	0	0
2000.12.21	272.60	275.45	272.00	274.40	511	0	0
2000.12.22	273.90	275.95	272.75	274.20	611	0	0
2000.12.25	273.54	273.89	273.54	273.54	71	0	0
2000.12.26	273.55	275.45	272.90	274.70	396	0	0
2000.12.27	274.20	276.45	273.85	275.70	371	0	0
2000.12.28	275.15	276.65	270.95	272.50	876	0	0
2000.12.29	272.00	274.85	270.65	272.50	791	0	0
2001.01.01	272.45	272.70	272.25	272.50	86	0	0
2001.01.02	272.25	274.00	267.50	269.55	1031	0	0
2001.01.03	268.40	270.45	266.00	268.30	881	0	0
2001.01.04	267.90	269.80	266.30	267.80	691	0	0
2001.01.05	267.25	269.50	266.40	268.40	506	0	0
2001.01.08	267.85	270.40	267.45	268.60	516	0	0
2001.01.09	268.10	269.10	266.50	268.00	511	0	0
2001.01.10	267.50	268.55	264.10	265.20	661	0	0
2001.01.11	264.70	266.35	263.00	264.90	651	0	0
2001.01.12	264.10	265.45	263.10	264.57	424	0	0
2001.01.15	264.10	265.10	262.85	263.81	422	0	0
2001.01.16	263.48	266.20	262.45	264.00	699	0	0
2001.01.17	263.70	264.94	262.36	264.30	457	0	0
2001.01.18	263.50	265.85	262.90	265.30	411	0	0
2001.01.19	264.80	267.25	263.95	265.00	641	0	0
2001.01.22	264.50	269.05	264.20	267.15	706	0	0
2001.01.23	266.80	269.75	265.05	266.80	941	0	0
2001.01.24	266.50	267.50	263.20	265.40	751	0	0
2001.01.25	264.50	265.95	262.60	265.20	601	0	0
2001.01.26	264.70	267.40	261.70	263.55	1026	0	0
2001.01.29	262.90	265.25	262.05	263.50	581	0	0
2001.01.30	262.80	267.10	262.50	266.10	591	0	0
2001.01.31	265.60	267.20	263.80	266.55	586	0	0
2001.02.01	265.60	269.45	264.55	268.60	681	0	0
2001.02.02	268.20	269.15	266.20	267.80	551	0	0
2001.02.05	267.20	268.05	264.75	265.75	516	0	0
2001.02.06	265.30	267.50	261.85	264.00	1001	0	0
2001.02.07	263.50	265.80	262.15	263.60	721	0	0
2001.02.08	263.10	264.40	260.00	260.90	661	0	0
2001.02.09	260.60	262.15	258.80	260.90	641	0	0
2001.02.12	260.40	262.60	260.10	261.70	371	0	0
2001.02.13	261.20	262.40	259.70	261.20	541	0	0
2001.02.14	260.40	261.90	259.25	260.35	526	0	0
2001.02.15	259.80	261.00	254.70	256.10	891	0	0
2001.02.16	255.55	260.05	253.50	259.20	946	0	0
2001.02.19	258.60	260.55	258.20	259.90	341	0	0
2001.02.20	259.40	260.20	255.75	256.90	641	0	0
2001.02.21	255.75	259.95	255.65	258.90	546	0	0
2001.02.22	258.50	261.45	257.15	259.30	781	0	0
2001.02.23	258.80	262.40	258.05	261.80	571	0	0
2001.02.26	261.30	267.50	261.25	266.80	701	0	0
2001.02.27	266.30	270.12	265.40	268.50	725	0	0
2001.02.28	267.00	269.00	264.15	267.40	931	0	0
2001.03.01	266.90	268.55	264.65	265.90	681	0	0
2001.03.02	265.40	266.30	261.95	263.10	641	0	0
2001.03.05	262.50	263.95	261.45	263.30	421	0	0
2001.03.06	262.90	264.00	259.50	261.00	711	0	0
2001.03.07	260.40	263.50	259.55	262.50	581	0	0
2001.03.08	262.20	267.85	261.65	266.30	831	0	0
2001.03.09	267.60	273.05	265.50	272.00	1071	0	0
2001.03.12	271.90	275.60	269.25	272.80	1181	0	0
2001.03.13	272.30	273.15	267.15	268.40	811	0	0
2001.03.14	267.90	270.65	262.35	263.40	1211	0	0
2001.03.15	262.70	264.40	259.20	260.90	861	0	0
2001.03.16	260.40	263.00	257.95	259.30	901	0	0
2001.03.19	259.10	262.55	258.25	260.95	676	0	0
2001.03.20	260.60	263.75	260.35	261.80	561	0	0
2001.03.21	261.30	263.05	260.45	263.05	346	0	0
2001.03.22	262.60	264.00	260.55	262.30	661	0	0
2001.03.23	261.80	264.60	261.30	262.60	581	0	0
2001.03.26	261.90	263.75	260.55	262.90	541	0	0
2001.03.27	262.40	264.00	260.65	261.80	611	0	0
2001.03.28	260.70	262.70	259.05	260.30	691	0	0
2001.03.29	260.00	261.45	258.15	259.20	581	0	0
2001.03.30	258.90	260.60	256.75	258.20	701	0	0
2001.04.02	257.80	259.00	254.20	255.80	761	0	0
2001.04.03	255.30	259.05	254.90	257.75	586	0	0
2001.04.04	256.80	261.25	256.25	258.70	811	0	0
2001.04.05	258.20	259.85	257.20	258.80	471	0	0
2001.04.06	258.30	260.85	257.20	260.30	531	0	0
2001.04.09	259.80	261.75	257.75	258.80	701	0	0
2001.04.10	258.25	259.75	256.05	257.75	691	0	0
2001.04.11	257.20	260.25	256.35	259.05	596	0	0
2001.04.12	258.45	261.35	257.40	260.40	596	0	0
2001.04.13	259.90	260.75	259.00	259.50	311	0	0
2001.04.16	259.00	264.65	259.00	263.60	671	0	0
2001.04.17	263.40	264.75	259.55	261.30	831	0	0
2001.04.18	260.80	262.80	257.95	261.50	901	0	0
2001.04.19	260.50	265.20	260.35	265.20	501	0	0
2001.04.20	265.20	266.10	263.30	264.90	531	0	0
2001.04.23	264.15	265.55	262.00	263.90	686	0	0
2001.04.24	263.40	265.40	262.35	264.40	511	0	0
2001.04.25	263.90	265.15	261.35	262.50	621	0	0
2001.04.26	262.40	264.95	261.50	264.40	491	0	0
2001.04.27	263.90	267.45	263.30	263.90	831	0	0
2001.04.30	263.30	263.80	262.65	263.80	181	0	0
2001.05.01	263.30	264.40	263.25	264.40	121	0	0
2001.05.02	263.80	265.25	263.35	265.25	236	0	0
2001.05.03	265.35	268.05	264.50	266.50	596	0	0
2001.05.04	266.00	268.05	264.90	266.40	591	0	0
2001.05.07	266.15	267.15	264.98	266.50	400	0	0
2001.05.08	266.00	266.60	264.05	265.50	461	0	0
2001.05.09	265.00	271.25	264.45	270.30	831	0	0
2001.05.10	269.80	271.15	267.90	269.50	621	0	0
2001.05.11	269.00	270.25	267.45	268.30	491	0	0
2001.05.14	267.90	269.60	267.05	268.90	411	0	0
2001.05.15	267.70	268.20	266.00	268.20	391	0	0
2001.05.16	268.20	273.05	267.75	272.50	631	0	0
2001.05.17	272.00	275.15	271.05	274.00	621	0	0
2001.05.18	272.80	287.30	271.10	287.30	1791	0	0
2001.05.21	285.75	299.00	282.15	285.90	3356	0	0
2001.05.22	285.20	286.75	281.10	285.40	1111	0	0
2001.05.23	284.90	286.50	281.80	284.00	851	0	0
2001.05.24	283.75	288.50	275.30	279.40	2206	0	0
2001.05.25	278.90	282.30	274.57	277.90	1447	0	0
2001.05.28	277.40	280.00	275.75	277.90	801	0	0
2001.05.29	277.60	279.30	272.55	274.10	1001	0	0
2001.05.30	273.25	276.20	264.40	266.30	1666	0	0
2001.05.31	265.80	269.02	264.80	266.10	815	0	0
2001.06.01	265.60	268.10	264.55	267.30	541	0	0
2001.06.04	266.50	268.40	264.60	266.00	711	0	0
2001.06.05	265.50	267.60	264.25	266.50	571	0	0
2001.06.06	266.00	268.30	264.80	266.50	651	0	0
2001.06.07	265.50	266.80	265.00	266.80	231	0	0
2001.06.08	266.30	275.50	265.60	274.00	1211	0	0
2001.06.11	273.00	274.25	266.10	268.40	1171	0	0
2001.06.12	267.80	273.25	266.60	272.00	911	0	0
2001.06.13	271.50	274.15	269.05	272.60	911	0	0
2001.06.14	272.15	277.40	270.45	276.25	981	0	0
2001.06.15	275.20	276.85	269.75	271.80	1081	0	0
2001.06.18	271.00	274.65	270.60	273.00	611	0	0
2001.06.19	272.15	275.50	271.55	273.90	616	0	0
2001.06.20	273.40	274.80	270.65	273.00	791	0	0
2001.06.21	272.50	274.65	270.85	273.20	691	0	0
2001.06.22	272.70	276.20	271.60	272.90	901	0	0
2001.06.25	272.30	275.65	272.15	274.20	511	0	0
2001.06.26	274.00	279.55	272.60	276.40	1151	0	0
2001.06.27	276.25	277.95	270.95	272.85	1061	0	0
2001.06.28	272.35	276.00	267.30	269.50	1456	0	0
2001.06.29	269.25	272.65	268.75	271.10	596	0	0
2001.07.02	270.60	271.45	267.40	269.80	731	0	0
2001.07.03	269.30	272.50	267.25	268.00	921	0	0
2001.07.04	267.50	269.15	267.15	268.20	331	0	0
2001.07.05	267.70	268.95	264.45	265.60	691	0	0
2001.07.06	265.10	267.90	264.15	266.50	611	0	0
2001.07.09	266.50	267.65	265.10	266.90	471	0	0
2001.07.10	266.40	268.25	265.60	266.60	511	0	0
2001.07.11	266.10	270.35	265.50	268.70	711	0	0
2001.07.12	268.75	269.25	265.25	267.10	636	0	0
2001.07.13	266.60	268.30	265.65	267.60	431	0	0
2001.07.16	266.95	269.75	266.25	267.75	621	0	0
2001.07.17	266.75	268.10	266.25	268.10	236	0	0
2001.07.18	268.10	271.60	266.75	271.00	681	0	0
2001.07.19	270.75	272.35	267.25	269.80	926	0	0
2001.07.20	268.75	271.85	268.35	270.30	546	0	0
2001.07.23	270.15	270.80	268.25	269.10	406	0	0
2001.07.24	268.60	270.65	267.95	270.00	401	0	0
2001.07.25	269.50	270.25	266.75	268.20	571	0	0
2001.07.26	267.50	269.00	265.35	266.70	651	0	0
2001.07.27	266.20	268.45	265.00	267.80	531	0	0
2001.07.30	267.60	268.75	264.45	265.50	651	0	0
2001.07.31	265.00	267.65	264.00	267.10	521	0	0
2001.08.01	266.60	269.25	265.90	268.20	511	0	0
2001.08.02	267.70	269.10	266.65	268.30	431	0	0
2001.08.03	267.80	269.55	266.25	268.80	561	0	0
2001.08.06	268.50	269.25	266.65	268.00	471	0	0
2001.08.07	267.15	268.45	265.75	267.90	466	0	0
2001.08.08	267.40	269.25	265.75	268.60	581	0	0
2001.08.09	267.60	273.90	266.60	273.90	831	0	0
2001.08.10	273.90	277.55	272.10	274.80	1001	0	0
2001.08.13	273.50	277.90	273.50	276.20	611	0	0
2001.08.14	275.20	276.50	273.00	276.50	571	0	0
2001.08.15	276.50	278.45	274.25	276.10	801	0	0
2001.08.16	275.60	277.35	274.15	275.60	641	0	0
2001.08.17	275.10	281.70	274.40	279.50	1021	0	0
2001.08.20	279.00	280.05	275.35	276.30	671	0	0
2001.08.21	275.80	279.00	273.45	275.30	1061	0	0
2001.08.22	274.80	278.55	273.95	275.00	901	0	0
2001.08.23	274.50	276.90	273.75	275.60	521	0	0
2001.08.24	275.10	276.35	271.55	273.10	761	0	0
2001.08.27	272.25	274.95	270.95	273.10	716	0	0
2001.08.28	272.55	273.25	270.15	272.55	621	0	0
2001.08.29	272.00	274.85	271.70	273.90	441	0	0
2001.08.30	273.00	275.05	271.75	275.05	456	0	0
2001.08.31	274.95	276.75	271.95	274.70	936	0	0
2001.09.03	274.45	274.95	272.60	273.75	401	0	0
2001.09.04	273.25	274.25	270.75	272.40	616	0	0
2001.09.05	271.55	273.25	270.70	272.30	436	0	0
2001.09.06	271.80	274.15	270.75	273.40	521	0	0
2001.09.07	272.90	275.25	271.70	273.40	661	0	0
2001.09.10	273.00	274.10	270.45	272.00	631	0	0
2001.09.11	271.50	296.00	270.80	287.00	3491	0	0
2001.09.12	286.00	293.00	275.50	278.50	2751	0	0
2001.09.13	278.00	284.00	275.50	281.50	1351	0	0
2001.09.14	281.00	291.00	278.00	285.80	2121	0	0
2001.09.17	288.00	296.00	283.75	290.50	2201	0	0
2001.09.18	289.40	292.00	285.12	288.00	1237	0	0
2001.09.19	287.50	293.30	286.00	290.40	1171	0	0
2001.09.20	289.90	291.50	286.90	288.90	821	0	0
2001.09.21	288.40	296.10	287.50	291.70	1391	0	0
2001.09.24	290.50	293.50	286.70	289.50	1261	0	0
2001.09.25	289.00	291.25	286.50	290.00	851	0	0
2001.09.26	289.50	294.40	286.75	293.30	1151	0	0
2001.09.27	292.80	293.93	288.50	292.20	1027	0	0
2001.09.28	291.70	294.65	289.40	293.45	876	0	0
2001.10.01	292.00	293.70	289.80	291.95	776	0	0
2001.10.02	291.45	293.50	288.30	289.70	866	0	0
2001.10.03	289.20	293.50	288.62	289.70	927	0	0
2001.10.04	289.20	292.70	288.10	290.10	831	0	0
2001.10.05	289.60	292.88	289.50	291.20	517	0	0
2001.10.08	290.75	294.62	290.20	292.15	745	0	0
2001.10.09	291.65	293.50	287.50	288.25	861	0	0
2001.10.10	287.75	291.25	283.50	285.10	1286	0	0
2001.10.11	284.60	288.70	279.70	281.50	1491	0	0
2001.10.12	282.20	286.60	281.00	284.70	871	0	0
2001.10.15	284.20	286.25	280.90	281.70	821	0	0
2001.10.16	281.30	284.25	280.30	281.60	761	0	0
2001.10.17	281.10	285.00	280.55	282.70	731	0	0
2001.10.18	282.20	284.30	277.30	279.70	1151	0	0
2001.10.19	279.20	283.60	277.20	279.90	1211	0	0
2001.10.22	279.40	280.00	274.70	275.80	701	0	0
2001.10.23	275.30	278.70	273.95	276.20	861	0	0
2001.10.24	275.70	277.20	274.77	275.60	477	0	0
2001.10.25	275.20	278.07	274.60	277.50	465	0	0
2001.10.26	276.50	278.40	276.00	277.60	371	0	0
2001.10.29	277.10	279.90	276.65	279.40	421	0	0
2001.10.30	278.90	282.00	278.60	280.75	496	0	0
2001.10.31	280.25	282.50	277.80	279.75	891	0	0
2001.11.01	279.25	281.80	278.15	279.90	666	0	0
2001.11.02	279.05	281.30	278.80	280.20	386	0	0
2001.11.05	279.70	280.65	277.35	279.30	621	0	0
2001.11.06	278.30	280.40	277.85	280.40	301	0	0
2001.11.07	280.25	281.60	278.60	281.00	526	0	0
2001.11.08	280.30	281.25	276.05	277.30	741	0	0
2001.11.09	276.80	280.80	276.00	277.95	846	0	0
2001.11.12	277.20	282.50	277.00	278.65	956	0	0
2001.11.13	278.15	280.60	275.60	277.80	966	0	0
2001.11.14	277.30	280.05	276.55	278.00	631	0	0
2001.11.15	277.60	278.60	274.15	275.60	691	0	0
2001.11.16	275.10	277.35	273.45	275.10	781	0	0
2001.11.19	274.10	275.25	271.85	272.50	521	0	0
2001.11.20	272.10	274.00	272.05	273.25	276	0	0
2001.11.21	272.50	273.35	271.70	272.90	291	0	0
2001.11.22	272.30	273.05	271.85	272.60	211	0	0
2001.11.23	272.10	272.90	272.00	272.65	126	0	0
2001.11.26	272.30	273.10	272.00	272.70	181	0	0
2001.11.27	272.30	273.40	272.25	273.20	141	0	0
2001.11.28	273.30	275.90	273.10	274.80	411	0	0
2001.11.29	273.70	275.35	273.05	274.00	431	0	0
2001.11.30	273.40	276.55	273.10	274.65	566	0	0
2001.12.03	274.15	278.70	274.00	277.60	596	0	0
2001.12.04	276.60	277.05	275.05	275.50	291	0	0
2001.12.05	275.00	276.10	273.25	274.20	491	0	0
2001.12.06	273.30	276.10	273.10	274.55	476	0	0
2001.12.07	273.50	274.75	273.25	274.30	221	0	0
2001.12.10	273.80	274.20	270.95	272.50	521	0	0
2001.12.11	272.10	272.75	271.35	272.60	231	0	0
2001.12.12	272.00	274.30	271.90	274.30	251	0	0
2001.12.13	273.80	274.25	273.25	274.25	156	0	0
2001.12.14	273.75	278.95	273.55	278.20	636	0	0
2001.12.17	276.85	278.30	276.15	278.10	306	0	0
2001.12.18	278.00	281.75	277.55	280.70	571	0	0
2001.12.19	279.70	279.80	274.85	275.90	611	0	0
2001.12.20	275.40	278.85	274.00	276.10	901	0	0
2001.12.21	275.60	279.00	275.60	277.90	451	0	0
2001.12.24	277.20	278.38	276.90	277.80	237	0	0
2001.12.25	277.80	280.75	277.50	279.00	531	0	0
2001.12.26	278.00	279.50	277.70	279.00	261	0	0
2001.12.27	278.50	280.25	276.35	276.80	611	0	0
2001.12.28	276.30	277.80	275.55	276.30	451	0	0
2001.12.31	275.90	279.60	275.65	279.20	461	0	0
2002.01.01	278.20	278.70	276.70	278.70	351	0	0
2002.01.02	278.20	278.95	277.35	278.50	291	0	0
2002.01.03	278.00	279.75	276.55	278.20	621	0	0
2002.01.04	277.55	279.15	276.80	278.70	356	0	0
2002.01.07	277.90	280.01	276.90	278.50	563	0	0
2002.01.08	278.00	279.50	277.75	278.80	271	0	0
2002.01.09	278.30	284.15	278.20	283.95	626	0	0
2002.01.10	283.10	289.00	282.30	286.15	1036	0	0
2002.01.11	285.65	287.65	285.15	287.30	336	0	0
2002.01.14	286.10	286.85	284.35	284.90	381	0	0
2002.01.15	284.50	285.00	282.55	284.40	481	0	0
2002.01.16	283.90	289.00	283.05	286.90	891	0	0
2002.01.17	286.65	288.35	283.55	283.80	676	0	0
2002.01.18	283.30	284.30	282.45	283.30	371	0	0
2002.01.21	282.80	283.55	281.50	282.30	361	0	0
2002.01.22	281.80	283.55	280.50	281.35	566	0	0
2002.01.23	280.90	282.50	278.15	279.00	681	0	0
2002.01.24	278.50	279.35	277.35	279.00	351	0	0
2002.01.25	278.25	279.20	277.75	279.20	196	0	0
2002.01.28	278.70	279.40	277.95	278.50	271	0	0
2002.01.29	277.90	281.70	276.60	281.70	641	0	0
2002.01.30	281.20	283.50	279.20	281.70	811	0	0
2002.01.31	281.20	282.95	280.75	282.95	266	0	0
2002.02.01	282.20	286.70	281.45	286.00	671	0	0
2002.02.04	285.25	291.60	284.90	291.60	706	0	0
2002.02.05	289.60	298.50	289.10	297.30	1111	0	0
2002.02.06	296.95	306.50	295.50	296.50	2156	0	0
2002.02.07	296.38	303.00	296.38	303.00	663	0	0
2002.02.08	301.00	308.30	299.60	303.50	1491	0	0
2002.02.11	303.00	304.80	297.10	299.00	1141	0	0
2002.02.12	298.50	301.75	296.90	300.00	821	0	0
2002.02.13	299.50	300.40	295.10	299.25	1036	0	0
2002.02.14	298.75	300.20	297.40	299.70	466	0	0
2002.02.15	298.90	301.80	297.40	297.60	751	0	0
2002.02.18	298.00	298.88	296.38	297.50	451	0	0
2002.02.19	297.00	298.35	292.00	292.85	856	0	0
2002.02.20	292.35	293.90	290.30	291.20	606	0	0
2002.02.21	290.70	293.50	289.55	292.50	611	0	0
2002.02.22	292.00	294.12	291.10	292.50	555	0	0
2002.02.25	292.25	292.80	290.40	292.30	476	0	0
2002.02.26	291.80	297.55	291.68	297.50	605	0	0
2002.02.27	297.00	299.12	295.15	296.10	705	0	0
2002.02.28	296.10	297.55	295.40	296.30	411	0	0
2002.03.01	295.80	299.05	294.75	297.90	651	0	0
2002.03.04	297.10	299.62	296.35	296.60	605	0	0
2002.03.05	296.10	299.00	293.55	294.05	886	0	0
2002.03.06	293.30	294.55	292.10	293.25	486	0	0
2002.03.07	292.65	293.15	289.05	289.30	486	0	0
2002.03.08	288.80	289.85	287.40	289.50	421	0	0
2002.03.11	289.35	293.45	288.90	290.95	751	0	0
2002.03.12	290.45	295.15	290.00	294.10	666	0	0
2002.03.13	293.10	294.40	292.45	293.10	391	0	0
2002.03.14	292.60	293.30	290.05	291.00	491	0	0
2002.03.15	290.50	291.15	288.85	289.80	391	0	0
2002.03.18	289.80	293.38	289.50	292.80	477	0	0
2002.03.19	291.80	293.55	291.35	292.95	326	0	0
2002.03.20	292.45	292.80	291.20	292.10	286	0	0
2002.03.21	291.60	293.15	291.60	292.90	181	0	0
2002.03.22	292.90	298.38	292.60	298.00	647	0	0
2002.03.25	296.90	298.30	296.60	298.10	221	0	0
2002.03.26	297.25	297.75	295.35	296.50	406	0	0
2002.03.27	296.25	302.80	295.85	302.00	816	0	0
2002.03.28	301.50	304.27	300.00	302.40	765	0	0
2002.03.29	301.90	303.00	301.75	302.25	216	0	0
2002.04.01	301.75	303.10	300.45	303.10	396	0	0
2002.04.02	302.60	306.20	301.88	305.60	565	0	0
2002.04.03	305.10	306.45	300.80	302.30	851	0	0
2002.04.04	301.80	302.50	298.45	300.75	706	0	0
2002.04.05	300.25	301.75	297.75	299.80	756	0	0
2002.04.08	299.35	300.75	297.95	300.25	471	0	0
2002.04.09	299.75	299.80	297.75	298.30	266	0	0
2002.04.10	297.80	301.65	296.75	301.00	661	0	0
2002.04.11	300.50	302.75	298.50	302.40	661	0	0
2002.04.12	301.65	301.90	299.70	301.90	416	0	0
2002.04.15	301.40	302.20	299.15	299.60	431	0	0
2002.04.16	299.10	299.50	297.15	298.75	436	0	0
2002.04.17	298.25	302.15	297.60	301.80	556	0	0
2002.04.18	301.30	305.60	301.00	303.40	711	0	0
2002.04.19	302.90	304.80	300.70	302.10	741	0	0
2002.04.22	301.50	304.00	301.35	302.65	416	0	0
2002.04.23	302.00	304.05	301.50	303.40	371	0	0
2002.04.24	303.40	306.05	303.00	304.30	521	0	0
2002.04.25	303.55	308.60	303.55	307.40	626	0	0
2002.04.26	307.15	311.50	305.60	311.10	786	0	0
2002.04.29	310.25	312.00	308.00	311.05	721	0	0
2002.04.30	310.55	310.85	306.55	308.20	626	0	0
2002.05.01	307.70	310.35	306.70	308.85	616	0	0
2002.05.02	308.10	308.75	306.35	307.60	431	0	0
2002.05.03	307.10	312.85	307.05	311.70	701	0	0
2002.05.06	311.00	312.70	310.00	311.20	521	0	0
2002.05.07	310.70	313.40	308.60	311.30	901	0	0
2002.05.08	310.80	312.55	307.55	308.00	721	0	0
2002.05.09	308.00	310.75	307.55	309.80	461	0	0
2002.05.10	308.80	311.45	308.60	310.80	371	0	0
2002.05.13	310.10	311.25	308.85	310.70	421	0	0
2002.05.14	310.00	310.35	306.45	307.40	521	0	0
2002.05.15	306.90	308.80	305.95	308.80	381	0	0
2002.05.16	308.30	310.15	308.10	309.60	281	0	0
2002.05.17	309.40	311.65	308.75	310.80	441	0	0
2002.05.20	310.10	316.15	309.75	315.70	721	0	0
2002.05.21	315.20	316.75	311.50	315.90	981	0	0
2002.05.22	315.20	319.35	315.10	317.40	631	0	0
2002.05.23	316.90	323.48	315.00	321.80	1207	0	0
2002.05.24	321.30	322.25	317.30	320.30	891	0	0
2002.05.27	319.80	321.25	319.70	320.00	291	0	0
2002.05.28	319.50	328.10	319.50	324.10	1261	0	0
2002.05.29	323.85	327.05	322.60	324.80	796	0	0
2002.05.30	324.20	326.30	321.00	324.80	1001	0	0
2002.05.31	324.20	329.25	323.50	326.30	941	0	0
2002.06.03	325.80	328.05	324.45	326.90	611	0	0
2002.06.04	327.60	331.15	323.75	324.70	1191	0	0
2002.06.05	324.10	326.95	319.75	321.20	1151	0	0
2002.06.06	320.90	325.40	320.80	325.40	471	0	0
2002.06.07	324.85	327.30	322.10	323.70	926	0	0
2002.06.10	324.10	324.60	317.25	318.80	941	0	0
2002.06.11	318.30	320.85	315.45	320.80	831	0	0
2002.06.12	320.10	321.60	318.50	319.00	511	0	0
2002.06.13	318.50	321.00	316.40	317.90	861	0	0
2002.06.14	317.75	323.65	317.60	319.60	1026	0	0
2002.06.17	318.60	320.00	316.60	316.60	481	0	0
2002.06.18	316.70	319.80	316.25	319.80	401	0	0
2002.06.19	319.50	321.90	318.55	320.60	561	0	0
2002.06.20	320.35	324.00	318.90	323.70	686	0	0
2002.06.21	323.20	324.60	321.95	324.40	411	0	0
2002.06.24	323.90	326.30	322.00	322.40	711	0	0
2002.06.25	322.00	325.10	317.50	321.20	1441	0	0
2002.06.26	320.70	325.10	318.90	319.00	1071	0	0
2002.06.27	318.50	321.30	316.10	318.00	991	0	0
2002.06.28	317.75	320.50	309.90	314.20	1766	0	0
2002.07.01	313.70	314.90	310.90	314.90	681	0	0
2002.07.02	314.15	315.40	312.20	312.70	496	0	0
2002.07.03	312.20	313.85	310.00	310.90	641	0	0
2002.07.04	310.40	311.10	310.30	310.50	151	0	0
2002.07.05	310.55	312.00	310.50	311.80	176	0	0
2002.07.08	310.70	314.00	309.90	312.60	631	0	0
2002.07.09	312.10	316.60	310.00	316.40	891	0	0
2002.07.10	315.90	316.70	313.90	315.80	551	0	0
2002.07.11	315.20	317.50	313.20	316.30	751	0	0
2002.07.12	315.80	316.50	314.80	315.80	341	0	0
2002.07.15	315.70	320.90	315.70	318.40	771	0	0
2002.07.16	317.30	320.35	316.00	318.00	801	0	0
2002.07.17	317.50	318.10	315.50	317.50	521	0	0
2002.07.18	317.00	317.70	316.25	317.70	221	0	0
2002.07.19	317.20	325.40	316.50	323.70	1131	0	0
2002.07.22	323.20	325.23	321.90	322.90	637	0	0
2002.07.23	322.40	322.80	311.20	312.75	1356	0	0
2002.07.24	312.40	318.50	306.60	311.00	2241	0	0
2002.07.25	310.50	311.60	308.00	310.10	681	0	0
2002.07.26	309.50	311.50	300.50	303.50	1601	0	0
2002.07.29	303.70	304.00	301.00	302.40	471	0	0
2002.07.30	301.90	305.40	301.50	304.85	486	0	0
2002.07.31	304.00	305.50	302.00	303.30	631	0	0
2002.08.01	302.80	304.70	298.45	304.40	1091	0	0
2002.08.02	303.90	307.50	303.50	306.90	501	0	0
2002.08.05	306.60	309.35	305.20	307.90	701	0	0
2002.08.06	307.40	307.50	304.70	306.10	431	0	0
2002.08.07	305.60	315.05	303.70	313.80	1451	0	0
2002.08.08	313.30	314.20	310.10	310.40	531	0	0
2002.08.09	309.90	314.60	308.05	314.30	871	0	0
2002.08.12	313.80	317.50	313.15	314.10	841	0	0
2002.08.13	313.50	315.40	313.30	315.40	231	0	0
2002.08.14	314.90	317.00	310.80	311.50	901	0	0
2002.08.15	311.40	316.70	311.20	315.20	721	0	0
2002.08.16	314.20	314.85	312.10	313.70	501	0	0
2002.08.19	313.20	315.40	304.30	306.50	1551	0	0
2002.08.20	306.00	309.75	305.90	308.80	491	0	0
2002.08.21	308.70	309.20	305.50	307.80	651	0	0
2002.08.22	307.30	307.40	304.60	306.90	521	0	0
2002.08.23	306.30	306.85	303.95	306.80	531	0	0
2002.08.26	306.20	310.10	306.20	309.30	471	0	0
2002.08.27	308.70	312.60	308.15	312.50	511	0	0
2002.08.28	312.00	312.10	309.20	310.00	381	0	0
2002.08.29	309.30	313.70	307.00	313.70	901	0	0
2002.08.30	313.20	314.30	311.40	312.50	511	0	0
2002.09.02	312.00	312.15	311.65	312.00	101	0	0
2002.09.03	311.50	314.20	310.90	313.90	421	0	0
2002.09.04	313.30	315.50	312.30	314.50	521	0	0
2002.09.05	314.00	319.00	313.45	319.00	611	0	0
2002.09.06	318.50	321.10	317.60	320.00	551	0	0
2002.09.09	319.40	323.60	318.80	321.00	801	0	0
2002.09.10	320.50	320.70	317.10	317.50	421	0	0
2002.09.11	317.00	318.00	314.40	317.10	711	0	0
2002.09.12	316.60	319.50	316.40	318.85	396	0	0
2002.09.13	318.30	319.60	315.40	316.60	671	0	0
2002.09.16	316.55	318.50	314.60	317.45	1556	0	0
2002.09.17	315.75	318.02	313.50	317.75	1575	0	0
2002.09.18	318.35	321.60	316.30	320.17	1887	0	0
2002.09.19	320.37	323.82	319.32	323.27	2015	0	0
2002.09.20	323.05	324.50	320.50	322.15	1459	0	0
2002.09.23	322.15	325.10	320.90	322.75	1590	0	0
2002.09.24	322.22	328.30	322.20	326.15	2115	0	0
2002.09.25	326.25	326.80	322.00	322.25	1213	0	0
2002.09.26	322.47	323.75	318.50	320.05	1529	0	0
2002.09.27	319.90	322.30	318.80	319.95	1386	0	0
2002.09.30	320.25	325.50	319.40	324.17	1422	0	0
2002.10.01	323.50	323.50	323.50	323.50	2	0	0
2002.10.02	320.50	323.20	319.80	322.85	2136	0	0
2002.10.03	323.05	324.72	321.10	321.65	233	0	0
2002.10.04	321.37	323.10	319.00	322.25	1092	0	0
2002.10.07	322.25	323.70	321.20	322.37	209	0	0
2002.10.08	322.45	322.80	317.92	318.25	711	0	0
2002.10.09	318.45	320.70	318.20	320.05	559	0	0
2002.10.10	320.05	321.20	316.00	316.85	831	0	0
2002.10.11	316.97	318.60	315.90	316.75	1059	0	0
2002.10.14	318.45	319.10	316.80	317.95	1966	0	0
2002.10.15	318.40	318.70	312.10	313.40	3316	0	0
2002.10.16	313.50	315.40	313.20	314.35	1225	0	0
2002.10.17	313.75	314.32	310.40	311.55	1600	0	0
2002.10.18	311.45	313.70	310.22	312.85	984	0	0
2002.10.21	312.50	314.10	310.20	311.15	1168	0	0
2002.10.22	311.05	313.90	310.20	313.05	1188	0	0
2002.10.23	313.00	314.10	311.60	311.85	475	0	0
2002.10.24	311.95	312.90	308.50	311.40	1033	0	0
2002.10.25	311.77	314.60	308.50	313.05	921	0	0
2002.10.28	313.27	315.60	312.50	315.40	1034	0	0
2002.10.29	314.55	318.60	314.30	316.75	1615	0	0
2002.10.30	316.97	317.70	315.60	316.37	985	0	0
2002.10.31	316.25	318.50	315.70	317.77	1159	0	0
2002.11.01	317.75	321.80	317.30	318.75	1801	0	0
2002.11.04	320.35	320.60	316.50	318.55	1063	0	0
2002.11.05	318.55	320.20	317.50	317.75	939	0	0
2002.11.06	317.85	318.80	316.60	318.15	970	0	0
2002.11.07	318.05	321.50	317.80	320.97	1411	0	0
2002.11.08	321.05	323.50	320.00	321.55	1377	0	0
2002.11.11	321.55	322.10	319.50	321.65	650	0	0
2002.11.12	321.47	325.10	320.40	324.45	1219	0	0
2002.11.13	323.75	325.40	316.50	318.92	3548	0	0
2002.11.14	319.07	320.00	316.80	318.10	1509	0	0
2002.11.15	318.15	321.40	317.20	320.55	1469	0	0
2002.11.18	320.55	321.30	317.80	319.45	1060	0	0
2002.11.19	319.35	320.80	318.30	318.75	1078	0	0
2002.11.20	318.85	320.35	317.20	317.85	1263	0	0
2002.11.21	317.95	319.10	317.02	317.65	1063	0	0
2002.11.22	317.75	322.50	316.30	321.05	1689	0	0
2002.11.25	320.15	321.50	316.70	318.07	1357	0	0
2002.11.26	318.25	319.40	316.90	318.35	1033	0	0
2002.11.27	318.45	319.10	315.62	317.25	1036	0	0
2002.11.28	317.37	318.60	316.02	317.85	469	0	0
2002.11.29	317.85	320.60	316.80	317.90	332	0	0
2002.12.02	318.47	319.30	315.70	317.75	1389	0	0
2002.12.03	317.85	321.32	316.90	320.75	1634	0	0
2002.12.04	320.65	324.10	319.40	322.15	1468	0	0
2002.12.05	322.15	325.30	320.70	324.57	1609	0	0
2002.12.06	324.65	329.60	323.62	326.25	2088	0	0
2002.12.09	326.57	326.82	324.50	325.95	1138	0	0
2002.12.10	326.05	326.80	322.30	323.45	742	0	0
2002.12.11	323.55	325.60	322.40	324.97	1022	0	0
2002.12.12	324.85	333.10	324.00	331.35	2039	0	0
2002.12.13	331.25	336.00	329.80	330.55	2070	0	0
2002.12.16	333.15	337.80	331.90	336.65	1150	0	0
2002.12.17	336.75	343.20	335.60	336.75	2773	0	0
2002.12.18	336.85	343.40	335.70	343.40	2288	0	0
2002.12.19	345.22	354.72	343.20	345.55	2490	0	0
2002.12.20	345.86	349.05	338.35	340.75	1992	0	0
2002.12.23	340.76	346.60	340.45	345.35	1548	0	0
2002.12.24	345.65	349.50	344.40	346.55	1322	0	0
2002.12.25	346.97	347.50	343.50	344.72	33	0	0
2002.12.26	345.47	350.52	343.10	349.75	718	0	0
2002.12.27	349.65	351.51	346.60	349.25	1928	0	0
2002.12.30	349.17	350.50	341.85	343.65	1769	0	0
2002.12.31	343.65	348.40	341.10	347.80	1358	0	0
2003.01.01	347.30	347.80	346.70	347.80	1701	0	0
2003.01.02	348.05	348.30	342.11	345.58	1799	0	0
2003.01.03	345.36	353.50	343.00	351.25	2209	0	0
2003.01.06	349.85	357.35	349.60	351.25	2504	0	0
2003.01.07	350.75	352.05	344.45	347.25	2552	0	0
2003.01.08	347.15	356.00	344.80	353.59	3281	0	0
2003.01.09	353.45	357.75	350.90	354.26	2875	0	0
2003.01.10	353.86	356.65	350.05	354.75	2712	0	0
2003.01.13	354.75	355.40	351.20	353.00	1990	0	0
2003.01.14	354.85	355.25	351.01	351.50	2849	0	0
2003.01.15	351.75	353.90	345.51	350.75	2504	0	0
2003.01.16	350.55	359.20	350.10	357.45	3013	0	0
2003.01.17	357.09	358.85	354.95	356.55	2174	0	0
2003.01.20	356.55	357.40	355.34	355.75	405	0	0
2003.01.21	355.75	358.25	353.05	357.90	2308	0	0
2003.01.22	357.75	363.00	357.10	361.55	2419	0	0
2003.01.23	362.09	368.21	360.61	363.35	2795	0	0
2003.01.24	363.05	370.50	362.50	368.35	2490	0	0
2003.01.27	373.97	374.22	367.00	369.65	2254	0	0
2003.01.28	369.09	370.55	365.40	368.96	2156	0	0
2003.01.29	369.25	371.61	365.21	365.95	2629	0	0
2003.01.30	366.25	370.60	362.40	370.04	3316	0	0
2003.01.31	370.36	372.22	366.90	368.15	2229	0	0
2003.02.03	368.15	372.20	367.40	371.05	1929	0	0
2003.02.04	371.34	382.09	371.09	382.09	3328	0	0
2003.02.05	382.11	388.75	370.00	371.50	3737	0	0
2003.02.06	370.00	376.85	367.80	370.25	2242	0	0
2003.02.07	369.30	375.15	366.75	369.75	3463	0	0
2003.02.10	370.00	373.36	362.40	362.75	2986	0	0
2003.02.11	362.61	365.95	360.25	363.45	3255	0	0
2003.02.12	363.84	365.75	351.09	352.75	3130	0	0
2003.02.13	352.90	358.95	346.75	356.55	2620	0	0
2003.02.14	356.75	358.35	347.85	351.55	2868	0	0
2003.02.17	351.00	352.35	341.00	347.20	891	0	0
2003.02.18	347.00	348.97	342.25	343.55	2843	0	0
2003.02.19	343.85	349.70	341.97	349.70	2877	0	0
2003.02.20	349.61	354.78	349.10	352.45	3501	0	0
2003.02.21	352.64	355.05	350.35	351.90	2193	0	0
2003.02.24	351.75	358.04	350.00	357.09	2296	0	0
2003.02.25	357.07	360.65	350.25	351.95	2396	0	0
2003.02.26	352.09	355.55	350.90	354.05	2470	0	0
2003.02.27	354.62	357.15	345.00	345.95	2844	0	0
2003.02.28	345.11	351.50	344.75	349.95	3188	0	0
2003.03.03	349.50	349.86	344.70	349.86	2149	0	0
2003.03.04	349.95	355.00	348.97	353.15	2335	0	0
2003.03.05	354.11	357.90	351.28	353.55	1638	0	0
2003.03.06	353.87	357.40	352.10	356.25	4246	0	0
2003.03.07	356.34	358.60	346.50	350.75	2793	0	0
2003.03.10	352.22	355.50	351.47	354.72	2273	0	0
2003.03.11	354.85	355.47	348.20	350.65	1950	0	0
2003.03.12	350.53	351.00	345.30	346.00	2266	0	0
2003.03.13	346.35	346.86	331.45	334.35	1932	0	0
2003.03.14	334.45	338.15	331.50	336.35	1577	0	0
2003.03.17	339.95	345.65	334.45	336.90	1831	0	0
2003.03.18	337.15	340.98	333.75	338.10	1719	0	0
2003.03.19	337.95	341.25	333.95	336.43	2024	0	0
2003.03.20	336.85	338.15	331.60	332.25	2194	0	0
2003.03.21	331.97	335.00	325.49	326.05	2324	0	0
2003.03.24	328.13	331.25	325.88	329.65	1909	0	0
2003.03.25	329.85	334.70	327.10	328.55	2190	0	0
2003.03.26	328.74	331.25	327.88	330.25	1459	0	0
2003.03.27	330.35	334.62	328.10	328.45	2255	0	0
2003.03.28	329.60	332.90	328.90	332.45	1707	0	0
2003.03.31	332.61	337.00	332.20	336.55	2188	0	0
2003.04.01	337.11	339.15	333.28	334.95	1952	0	0
2003.04.02	335.50	335.80	327.38	329.95	1604	0	0
2003.04.03	329.50	329.80	323.13	325.32	2253	0	0
2003.04.04	325.41	325.95	321.88	325.38	2314	0	0
2003.04.07	321.72	323.38	318.88	322.80	2102	0	0
2003.04.08	322.72	324.63	319.07	323.05	1944	0	0
2003.04.09	323.01	327.60	320.88	326.82	2430	0	0
2003.04.10	326.85	327.70	323.86	326.50	2214	0	0
2003.04.11	326.12	329.55	322.88	328.05	1943	0	0
2003.04.14	326.13	327.70	323.70	324.85	1598	0	0
2003.04.15	324.63	326.62	321.88	324.95	1808	0	0
2003.04.16	324.72	327.13	322.38	326.45	1999	0	0
2003.04.17	326.82	328.50	325.50	327.13	1149	0	0
2003.04.18	327.22	327.70	325.30	327.00	145	0	0
2003.04.21	327.13	334.30	326.30	333.55	1540	0	0
2003.04.22	333.65	336.66	331.70	333.11	2507	0	0
2003.04.23	333.15	336.09	330.80	331.25	2206	0	0
2003.04.24	331.22	335.50	330.87	334.45	2331	0	0
2003.04.25	334.30	334.97	332.09	333.25	1523	0	0
2003.04.28	333.34	335.60	328.43	334.05	2056	0	0
2003.04.29	328.70	334.80	327.13	333.45	1566	0	0
2003.04.30	329.10	340.35	328.85	338.55	2735	0	0
2003.05.01	339.45	343.75	337.70	341.75	2319	0	0
2003.05.02	342.15	344.00	338.70	340.95	2236	0	0
2003.05.05	341.72	343.70	340.47	342.25	1426	0	0
2003.05.06	342.35	345.45	340.97	344.55	2044	0	0
2003.05.07	344.34	345.05	339.15	342.05	2164	0	0
2003.05.08	341.95	349.95	340.50	348.60	2627	0	0
2003.05.09	348.65	349.62	346.20	348.55	1959	0	0
2003.05.12	348.80	352.85	348.47	351.25	2133	0	0
2003.05.13	351.50	352.25	348.55	349.71	1627	0	0
2003.05.14	350.00	355.85	348.05	352.45	2536	0	0
2003.05.15	352.50	356.30	350.70	352.00	2155	0	0
2003.05.16	351.65	357.50	351.07	354.75	2203	0	0
2003.05.19	357.00	366.00	356.40	366.00	1572	0	0
2003.05.20	366.34	370.60	363.80	367.95	2716	0	0
2003.05.21	368.05	373.65	363.36	372.34	2935	0	0
2003.05.22	371.84	373.30	366.40	368.34	2422	0	0
2003.05.23	368.25	371.30	365.00	368.75	2089	0	0
2003.05.26	368.00	371.36	367.30	370.90	434	0	0
2003.05.27	370.61	375.02	364.50	365.11	2327	0	0
2003.05.28	364.95	367.30	358.30	364.52	2150	0	0
2003.05.29	366.11	370.35	359.40	369.25	2266	0	0
2003.05.30	368.61	369.45	360.40	364.85	1981	0	0
2003.06.02	363.25	367.70	359.36	365.95	2560	0	0
2003.06.03	365.85	367.65	363.25	365.25	1916	0	0
2003.06.04	365.52	366.37	360.59	362.75	2270	0	0
2003.06.05	361.82	370.30	360.70	368.30	2525	0	0
2003.06.06	368.22	369.10	361.40	363.85	2275	0	0
2003.06.09	362.75	367.45	360.80	361.32	2033	0	0
2003.06.10	362.05	362.30	351.15	352.34	2722	0	0
2003.06.11	353.11	357.70	351.00	354.72	2380	0	0
2003.06.12	355.00	356.27	350.70	353.40	2250	0	0
2003.06.13	353.22	357.50	351.20	356.75	2220	0	0
2003.06.16	356.75	361.75	356.47	359.40	1199	0	0
2003.06.17	359.35	365.28	356.97	362.80	1872	0	0
2003.06.18	363.12	364.80	356.38	357.15	1416	0	0
2003.06.19	357.70	363.10	355.20	362.00	1745	0	0
2003.06.20	361.30	363.40	355.10	356.25	1987	0	0
2003.06.23	357.25	358.86	350.28	352.72	2265	0	0
2003.06.24	352.75	355.30	345.67	347.09	2975	0	0
2003.06.25	347.50	350.30	346.47	347.40	2028	0	0
2003.06.26	347.35	348.90	343.05	344.15	2077	0	0
2003.06.27	343.95	347.40	342.40	345.22	2028	0	0
2003.06.30	345.11	348.70	343.80	345.75	1482	0	0
2003.07.01	345.85	353.85	344.17	350.82	2259	0	0
2003.07.02	350.72	353.40	349.67	351.50	1397	0	0
2003.07.03	351.22	352.50	348.90	350.62	1148	0	0
2003.07.04	351.02	351.70	350.10	351.05	440	0	0
2003.07.07	350.63	352.08	346.89	347.92	2982	0	0
2003.07.08	347.78	348.58	342.23	344.22	3978	0	0
2003.07.09	344.50	346.50	343.27	344.17	3840	0	0
2003.07.10	344.43	346.17	342.07	345.10	3281	0	0
2003.07.11	345.03	345.80	342.45	344.80	3163	0	0
2003.07.14	345.00	348.50	344.00	347.39	2536	0	0
2003.07.15	347.35	349.77	341.02	342.51	4360	0	0
2003.07.16	342.57	344.90	340.10	343.30	3290	0	0
2003.07.17	343.52	345.77	340.73	344.49	3511	0	0
2003.07.18	344.68	348.30	342.98	347.15	2828	0	0
2003.07.21	347.50	352.80	346.70	351.47	2249	0	0
2003.07.22	352.00	353.68	347.87	350.75	2164	0	0
2003.07.23	351.12	359.97	349.92	359.97	2525	0	0
2003.07.24	360.40	364.30	355.90	357.00	2564	0	0
2003.07.25	360.11	364.92	359.30	362.75	2343	0	0
2003.07.28	362.75	368.00	359.87	364.50	1870	0	0
2003.07.29	365.25	365.70	360.28	361.50	2412	0	0
2003.07.30	361.55	362.10	354.88	356.42	1956	0	0
2003.07.31	356.35	358.25	353.28	354.25	2865	0	0
2003.08.01	355.32	357.92	344.95	346.35	2391	0	0
2003.08.04	347.60	350.80	346.40	349.30	2223	0	0
2003.08.05	349.45	352.57	348.00	351.90	2081	0	0
2003.08.06	352.10	353.87	345.48	351.50	2230	0	0
2003.08.07	351.22	354.69	349.25	352.60	2296	0	0
2003.08.08	352.75	358.25	352.10	356.75	1879	0	0
2003.08.11	356.34	362.59	355.90	361.85	2033	0	0
2003.08.12	361.72	362.65	357.97	358.52	2096	0	0
2003.08.13	358.55	365.10	355.59	362.45	2263	0	0
2003.08.14	362.65	367.80	350.77	366.86	2555	0	0
2003.08.15	366.84	367.17	362.90	363.50	1292	0	0
2003.08.18	363.61	364.25	357.40	358.35	1924	0	0
2003.08.19	358.84	362.95	355.95	361.71	2461	0	0
2003.08.20	361.94	367.15	361.19	366.25	2560	0	0
2003.08.21	366.34	366.95	358.05	361.09	2434	0	0
2003.08.22	361.15	364.68	357.98	362.95	2222	0	0
2003.08.25	362.55	364.12	360.19	361.15	2041	0	0
2003.08.26	361.35	366.35	358.90	364.55	2217	0	0
2003.08.27	364.65	374.45	362.80	372.60	3280	0	0
2003.08.28	372.12	372.75	365.10	369.80	3099	0	0
2003.08.29	370.00	378.00	366.35	375.55	3264	0	0
2003.09.01	375.00	379.35	374.35	375.55	903	0	0
2003.09.02	375.50	379.55	371.05	371.60	1252	0	0
2003.09.03	371.80	375.75	369.55	373.80	1663	0	0
2003.09.04	374.30	375.75	370.25	373.30	476	0	0
2003.09.05	373.60	379.35	370.25	377.35	1120	0	0
2003.09.08	377.00	377.55	373.25	375.10	1857	0	0
2003.09.09	375.25	384.10	374.25	382.60	2869	0	0
2003.09.10	381.80	383.12	378.12	380.50	2286	0	0
2003.09.11	380.60	381.85	374.70	379.80	2480	0	0
2003.09.12	380.50	382.40	374.55	375.30	2807	0	0
2003.09.15	375.50	377.55	372.25	374.10	2177	0	0
2003.09.16	374.30	376.85	371.35	373.10	2207	0	0
2003.09.17	373.60	377.55	372.00	376.60	2320	0	0
2003.09.18	376.60	380.25	374.95	376.60	2398	0	0
2003.09.19	376.60	383.80	372.00	381.80	2357	0	0
2003.09.22	381.25	388.85	380.75	387.00	2545	0	0
2003.09.23	386.80	388.25	382.65	385.10	2325	0	0
2003.09.24	384.80	389.85	382.75	389.30	2431	0	0
2003.09.25	389.35	394.00	383.30	385.60	3026	0	0
2003.09.26	385.50	386.85	378.80	380.60	2629	0	0
2003.09.29	381.50	385.50	378.80	382.30	2376	0	0
2003.09.30	382.80	388.80	381.20	385.35	2655	0	0
2003.10.01	385.50	386.85	382.40	384.80	2204	0	0
2003.10.02	384.80	387.35	380.72	383.00	2523	0	0
2003.10.03	382.80	386.40	366.00	369.55	2881	0	0
2003.10.06	369.80	373.85	368.85	372.85	2343	0	0
2003.10.07	373.11	377.60	371.80	376.30	2327	0	0
2003.10.08	376.80	378.70	374.30	375.50	1929	0	0
2003.10.09	375.30	377.85	367.70	370.25	2748	0	0
2003.10.10	370.00	374.35	368.30	373.65	2136	0	0
2003.10.13	373.10	375.85	369.30	374.55	2174	0	0
2003.10.14	374.75	377.10	372.00	375.50	2577	0	0
2003.10.15	375.50	376.75	371.10	373.30	2480	0	0
2003.10.16	372.80	375.55	370.35	372.10	2850	0	0
2003.10.17	371.60	373.05	366.20	371.55	2606	0	0
2003.10.20	371.30	374.85	369.25	373.60	2675	0	0
2003.10.21	373.10	382.10	372.20	381.50	2957	0	0
2003.10.22	381.00	387.70	379.45	386.10	3130	0	0
2003.10.23	385.75	388.55	382.50	384.30	2953	0	0
2003.10.24	384.50	392.70	383.55	388.80	3150	0	0
2003.10.27	387.60	389.05	385.05	388.10	2499	0	0
2003.10.28	387.60	389.05	382.05	383.10	2537	0	0
2003.10.29	382.60	387.80	379.40	386.50	3283	0	0
2003.10.30	386.30	391.95	381.75	383.80	3166	0	0
2003.10.31	383.30	389.60	381.20	384.50	2751	0	0
2003.11.03	384.60	385.60	375.80	376.65	2425	0	0
2003.11.04	377.35	381.20	376.00	379.80	2657	0	0
2003.11.05	379.05	384.55	378.40	381.60	3018	0	0
2003.11.06	381.50	384.55	378.85	379.95	2650	0	0
2003.11.07	379.60	383.90	375.65	383.30	3139	0	0
2003.11.10	382.80	387.70	381.85	385.95	2447	0	0
2003.11.11	385.60	389.75	385.25	387.95	2764	0	0
2003.11.12	387.60	396.90	386.45	394.47	4792	0	0
2003.11.13	394.63	398.30	391.90	393.92	5088	0	0
2003.11.14	394.05	399.40	393.02	397.48	4983	0	0
2003.11.17	396.70	399.89	385.55	391.30	4172	0	0
2003.11.18	390.80	399.00	389.75	397.41	4963	0	0
2003.11.19	397.47	401.01	392.30	395.05	5032	0	0
2003.11.20	394.75	397.60	391.50	393.52	4496	0	0
2003.11.21	393.15	398.96	392.35	395.82	4785	0	0
2003.11.24	395.82	397.25	390.00	391.42	3855	0	0
2003.11.25	391.37	394.10	389.23	391.23	4165	0	0
2003.11.26	391.25	401.10	390.35	396.87	4691	0	0
2003.11.27	396.89	397.85	394.55	395.25	2029	0	0
2003.11.28	395.50	399.85	393.55	398.05	1172	0	0
2003.12.01	397.50	403.95	396.55	402.30	4107	0	0
2003.12.02	403.50	406.25	398.85	403.50	5203	0	0
2003.12.03	403.00	405.35	400.15	404.80	3987	0	0
2003.12.04	404.30	405.45	399.25	402.50	4496	0	0
2003.12.05	403.10	407.15	399.25	406.10	1300	0	0
2003.12.08	406.30	410.05	404.05	407.30	572	0	0
2003.12.09	407.30	409.85	405.35	408.00	773	0	0
2003.12.10	408.00	412.25	405.05	405.75	607	0	0
2003.12.11	405.30	406.85	402.74	404.50	226	0	0
2003.12.12	404.80	409.05	403.60	409.05	306	0	0
2003.12.15	403.20	410.95	401.05	410.25	81	0	0
2003.12.16	410.35	410.60	406.90	407.15	513	0	0
2003.12.17	406.80	412.90	406.80	412.45	621	0	0
2003.12.18	412.55	412.90	407.30	410.65	696	0	0
2003.12.19	410.65	411.40	407.20	409.10	581	0	0
2003.12.22	409.35	411.70	407.80	409.85	348	0	0
2003.12.23	409.75	411.40	408.60	410.75	307	0	0
2003.12.24	410.75	413.00	410.30	411.80	245	0	0
2003.12.25	411.70	414.30	411.60	412.70	19	0	0
2003.12.26	412.65	414.30	410.40	413.30	37	0	0
2003.12.29	413.55	415.90	411.70	414.90	419	0	0
2003.12.30	415.15	417.40	414.30	416.25	389	0	0
2003.12.31	416.35	417.90	413.90	415.75	292	0	0
2004.01.01	414.61	415.19	414.45	414.88	122	0	0
2004.01.02	415.35	416.50	414.50	415.30	61	0	0
2004.01.05	415.55	425.10	415.30	423.65	463	0	0
2004.01.06	423.55	430.70	420.60	422.35	556	0	0
2004.01.07	422.25	424.90	419.60	420.45	608	0	0
2004.01.08	420.45	425.60	417.20	423.75	653	0	0
2004.01.09	423.85	427.70	420.60	426.55	869	0	0
2004.01.12	426.75	429.10	423.00	424.85	623	0	0
2004.01.13	425.35	427.00	422.30	423.90	642	0	0
2004.01.14	424.05	425.25	417.30	420.40	730	0	0
2004.01.15	420.55	420.80	407.50	409.07	915	0	0
2004.01.16	408.67	411.00	405.20	406.60	583	0	0
2004.01.19	406.65	409.30	406.20	407.00	84	0	0
2004.01.20	407.25	413.40	405.10	412.78	548	0	0
2004.01.21	412.74	413.50	407.10	410.65	546	0	0
2004.01.22	410.85	413.40	407.90	409.35	647	0	0
2004.01.23	409.45	412.90	406.20	407.70	336	0	0
2004.01.26	407.70	409.50	404.00	404.25	539	0	0
2004.01.27	404.05	412.50	403.00	410.05	603	0	0
2004.01.28	410.15	415.30	407.90	410.45	560	0	0
2004.01.29	410.05	411.20	396.30	399.35	595	0	0
2004.01.30	399.25	402.80	398.40	402.40	317	0	0
2004.02.02	402.30	403.40	394.10	398.25	574	0	0
2004.02.03	398.10	403.70	398.10	399.55	550	0	0
2004.02.04	399.45	401.30	398.50	400.78	385	0	0
2004.02.05	400.85	401.10	396.70	396.95	565	0	0
2004.02.06	397.35	409.00	394.38	403.35	422	0	0
2004.02.09	403.48	407.87	402.25	406.75	774	0	0
2004.02.10	406.63	410.50	405.60	406.25	912	0	0
2004.02.11	406.04	412.00	404.46	409.95	901	0	0
2004.02.12	409.68	414.00	409.45	413.46	927	0	0
2004.02.13	413.48	417.50	406.60	410.03	951	0	0
2004.02.16	410.03	412.19	409.67	411.79	359	0	0
2004.02.17	411.80	416.36	410.90	415.77	893	0	0
2004.02.18	415.85	417.12	409.24	412.09	1217	0	0
2004.02.19	412.04	413.35	407.70	409.58	954	0	0
2004.02.20	409.59	412.01	393.70	397.40	1238	0	0
2004.02.23	397.00	400.80	395.50	398.80	1210	0	0
2004.02.24	398.66	404.80	397.93	404.26	623	0	0
2004.02.25	404.26	405.30	392.90	395.63	1017	0	0
2004.02.26	395.64	397.85	390.60	395.09	1013	0	0
2004.02.27	395.09	398.30	391.90	396.24	1023	0	0
2004.03.01	396.25	403.31	396.03	399.15	952	0	0
2004.03.02	399.20	402.13	390.70	393.46	1015	0	0
2004.03.03	393.44	394.01	387.90	392.43	1021	0	0
2004.03.04	392.46	395.83	391.15	392.94	1013	0	0
2004.03.05	392.97	401.85	391.91	401.35	1100	0	0
2004.03.08	401.34	401.70	397.75	400.67	737	0	0
2004.03.09	400.68	406.40	400.08	404.24	927	0	0
2004.03.10	403.95	404.74	397.35	400.02	1333	0	0
2004.03.11	400.07	401.48	396.90	400.75	5138	0	0
2004.03.12	400.75	403.01	394.70	395.35	5442	0	0
2004.03.15	395.37	400.90	395.06	399.40	4319	0	0
2004.03.16	399.39	404.10	398.98	402.15	4532	0	0
2004.03.17	401.90	407.55	401.00	406.91	2967	0	0
2004.03.18	406.89	412.75	405.78	410.99	3471	0	0
2004.03.19	411.00	413.40	408.80	412.41	3140	0	0
2004.03.22	412.38	418.95	411.06	417.27	2924	0	0
2004.03.23	417.27	420.80	415.06	419.71	2826	0	0
2004.03.24	419.71	420.05	414.40	417.06	3301	0	0
2004.03.25	417.05	418.60	414.61	416.65	3137	0	0
2004.03.26	416.65	424.00	414.80	421.95	2675	0	0
2004.03.29	422.08	422.61	416.16	416.83	2624	0	0
2004.03.30	416.81	422.50	416.32	421.63	3371	0	0
2004.03.31	421.64	427.60	420.14	427.18	3040	0	0
2004.04.01	427.21	432.60	424.60	427.59	2920	0	0
2004.04.02	427.60	431.50	417.35	421.39	3029	0	0
2004.04.05	421.48	421.81	413.20	415.27	3368	0	0
2004.04.06	415.25	419.82	413.79	418.74	3362	0	0
2004.04.07	418.74	424.20	417.21	422.70	3350	0	0
2004.04.08	422.68	423.56	418.30	419.69	3156	0	0
2004.04.09	419.69	421.53	419.22	421.26	808	0	0
2004.04.12	421.07	422.32	417.09	419.86	1822	0	0
2004.04.13	419.90	421.52	405.07	406.97	3396	0	0
2004.04.14	406.94	408.09	396.52	399.74	3145	0	0
2004.04.15	399.74	401.77	395.37	398.98	2954	0	0
2004.04.16	398.98	402.90	396.58	400.82	3177	0	0
2004.04.19	400.37	405.50	399.97	400.53	2231	0	0
2004.04.20	400.54	401.32	395.56	397.67	2891	0	0
2004.04.21	397.71	398.05	389.56	390.80	3317	0	0
2004.04.22	390.79	394.20	390.13	393.40	3408	0	0
2004.04.23	393.40	396.95	392.50	395.19	2521	0	0
2004.04.26	395.10	398.20	393.00	395.80	2345	0	0
2004.04.27	395.86	399.50	395.86	398.58	1927	0	0
2004.04.28	398.59	398.98	383.45	385.90	3215	0	0
2004.04.29	385.90	388.42	377.38	386.81	2074	0	0
2004.04.30	386.77	391.24	385.67	387.59	1661	0	0
2004.05.03	387.59	389.87	385.64	387.29	2159	0	0
2004.05.04	387.31	393.88	387.01	391.53	2598	0	0
2004.05.05	391.28	395.19	390.13	393.60	2725	0	0
2004.05.06	393.60	394.02	386.63	388.17	2625	0	0
2004.05.07	388.25	390.30	377.40	378.99	3172	0	0
2004.05.10	379.02	379.99	371.45	378.58	2704	0	0
2004.05.11	378.34	380.33	374.32	377.09	981	0	0
2004.05.12	377.08	384.70	376.81	377.60	1666	0	0
2004.05.13	377.61	379.50	372.80	374.84	2725	0	0
2004.05.14	374.50	377.97	372.80	377.06	2924	0	0
2004.05.17	376.82	383.93	376.50	379.59	4244	0	0
2004.05.18	379.60	379.98	375.25	375.75	3365	0	0
2004.05.19	375.72	383.76	375.04	382.40	3388	0	0
2004.05.20	382.43	383.30	378.08	378.56	2734	0	0
2004.05.21	378.56	387.58	378.26	384.97	3307	0	0
2004.05.24	384.97	387.12	383.25	386.10	3096	0	0
2004.05.25	386.14	390.29	384.73	388.49	2274	0	0
2004.05.26	388.51	392.93	387.56	388.17	2599	0	0
2004.05.27	388.20	396.27	387.93	395.24	2015	0	0
2004.05.28	395.84	396.98	392.47	394.07	1658	0	0
2004.05.31	394.05	396.05	393.76	395.38	237	0	0
2004.06.01	395.41	399.18	393.30	394.70	2379	0	0
2004.06.02	394.71	397.13	390.05	391.71	2691	0	0
2004.06.03	391.65	393.11	387.34	388.18	1717	0	0
2004.06.04	388.14	391.97	384.37	391.03	1294	0	0
2004.06.07	390.60	394.51	390.60	393.86	1741	0	0
2004.06.08	393.50	395.31	390.90	390.90	1819	0	0
2004.06.09	390.80	392.10	383.64	384.53	2965	0	0
2004.06.10	384.30	388.05	381.60	385.50	2337	0	0
2004.06.11	385.60	386.25	383.05	384.30	569	0	0
2004.06.14	384.80	386.55	382.05	383.30	2007	0	0
2004.06.15	383.30	389.35	381.35	387.80	2093	0	0
2004.06.16	389.10	390.55	382.85	384.10	2129	0	0
2004.06.17	384.30	390.05	383.25	388.80	1667	0	0
2004.06.18	388.60	396.55	386.05	394.80	2418	0	0
2004.06.21	394.60	397.55	392.35	393.60	1794	0	0
2004.06.22	393.95	397.05	392.55	394.80	1581	0	0
2004.06.23	395.10	397.35	392.55	395.55	1982	0	0
2004.06.24	395.80	403.55	393.35	402.80	2178	0	0
2004.06.25	402.50	403.55	400.35	401.60	1754	0	0
2004.06.28	402.50	405.35	399.05	400.30	2251	0	0
2004.06.29	401.10	401.55	390.55	392.60	2281	0	0
2004.06.30	391.60	397.05	391.35	392.10	2273	0	0
2004.07.01	392.80	396.55	391.75	395.50	1893	0	0
2004.07.02	395.30	400.55	391.55	398.55	1666	0	0
2004.07.05	398.13	399.48	397.15	398.05	1485	0	0
2004.07.06	398.26	399.58	388.41	392.55	1780	0	0
2004.07.07	392.56	403.90	392.13	402.24	898	0	0
2004.07.08	402.21	409.47	399.62	407.77	1016	0	0
2004.07.09	407.78	408.55	405.30	407.48	889	0	0
2004.07.12	407.49	408.98	405.30	407.96	981	0	0
2004.07.13	407.98	408.32	400.73	402.10	1079	0	0
2004.07.14	402.13	406.38	402.13	405.15	1097	0	0
2004.07.15	405.18	406.00	401.13	403.96	1156	0	0
2004.07.16	403.98	407.92	402.45	406.40	932	0	0
2004.07.19	406.14	408.38	404.12	405.70	805	0	0
2004.07.20	405.68	406.90	399.17	401.77	805	0	0
2004.07.21	401.73	402.45	394.40	397.00	930	0	0
2004.07.22	397.03	398.69	393.73	395.00	977	0	0
2004.07.23	395.03	396.00	387.00	390.28	1050	0	0
2004.07.26	390.43	392.78	389.18	390.88	761	0	0
2004.07.27	390.88	393.95	385.60	387.00	1079	0	0
2004.07.28	387.00	391.25	385.18	389.08	814	0	0
2004.07.29	389.06	391.53	385.20	387.37	830	0	0
2004.07.30	387.39	392.87	387.08	391.33	1459	0	0
2004.08.02	391.27	394.72	390.95	392.03	600	0	0
2004.08.03	392.05	395.07	388.73	394.11	839	0	0
2004.08.04	394.13	394.55	390.33	392.39	764	0	0
2004.08.05	392.40	393.73	390.48	392.44	626	0	0
2004.08.06	392.45	400.40	391.46	399.55	560	0	0
2004.08.09	394.65	401.07	394.40	400.67	672	0	0
2004.08.10	400.67	401.32	398.62	400.00	1447	0	0
2004.08.11	399.96	400.25	392.83	395.50	1729	0	0
2004.08.12	395.59	398.13	393.63	394.38	2028	0	0
2004.08.13	394.38	399.23	392.40	398.97	3036	0	0
2004.08.16	398.97	404.30	398.29	403.00	1696	0	0
2004.08.17	402.97	405.62	400.18	404.46	1854	0	0
2004.08.18	404.47	405.57	401.28	404.36	1102	0	0
2004.08.19	404.34	408.27	403.89	406.90	1647	0	0
2004.08.20	406.85	414.44	404.92	413.12	1596	0	0
2004.08.23	413.08	413.43	408.33	410.41	1841	0	0
2004.08.24	410.38	410.71	401.94	402.70	1984	0	0
2004.08.25	402.68	408.44	402.39	407.70	2826	0	0
2004.08.26	407.70	409.75	404.23	407.32	1646	0	0
2004.08.27	407.31	409.20	400.72	403.20	2426	0	0
2004.08.30	403.23	409.32	402.93	407.80	2376	0	0
2004.08.31	407.87	411.42	406.58	410.21	1564	0	0
2004.09.01	410.20	410.52	406.60	408.70	2009	0	0
2004.09.02	408.66	408.99	405.49	405.93	1408	0	0
2004.09.03	405.96	406.81	398.98	400.51	1770	0	0
2004.09.06	400.51	402.65	400.22	402.27	170	0	0
2004.09.07	402.33	402.60	396.62	398.21	1596	0	0
2004.09.08	398.20	400.60	394.87	399.60	2682	0	0
2004.09.09	399.60	400.93	397.20	398.61	3506	0	0
2004.09.10	398.65	403.46	398.35	402.00	3368	0	0
2004.09.13	402.01	405.18	398.95	404.20	3065	0	0
2004.09.14	404.20	407.31	402.30	405.70	2173	0	0
2004.09.15	405.79	406.16	402.86	405.08	2614	0	0
2004.09.16	405.08	406.32	402.10	404.75	3353	0	0
2004.09.17	404.80	407.43	403.09	405.91	3306	0	0
2004.09.20	405.91	406.20	403.43	405.30	2460	0	0
2004.09.21	405.43	410.50	404.12	408.40	2060	0	0
2004.09.22	408.45	409.11	404.07	407.36	2554	0	0
2004.09.23	407.40	412.48	406.45	410.93	2477	0	0
2004.09.24	410.98	412.22	406.72	408.05	2342	0	0
2004.09.27	408.08	410.61	407.20	409.03	1076	0	0
2004.09.28	409.07	413.47	408.17	412.53	2562	0	0
2004.09.29	412.57	414.66	410.93	413.05	3912	0	0
2004.09.30	413.08	419.36	411.21	418.76	4501	0	0
2004.10.01	418.75	420.08	416.95	419.49	1799	0	0
2004.10.04	419.30	419.55	411.55	413.85	967	0	0
2004.10.05	414.30	420.05	412.55	418.20	879	0	0
2004.10.06	418.75	420.25	416.05	417.60	1060	0	0
2004.10.07	417.75	420.35	417.05	417.60	3341	0	0
2004.10.08	417.80	423.95	417.15	422.80	712	0	0
2004.10.11	422.60	423.55	420.95	422.10	865	0	0
2004.10.12	422.10	422.55	412.77	415.05	1056	0	0
2004.10.13	415.30	417.05	409.55	415.95	1452	0	0
2004.10.14	416.30	419.05	414.05	417.80	1616	0	0
2004.10.15	417.55	421.55	417.30	418.80	1157	0	0
2004.10.18	418.60	420.45	416.05	416.30	1236	0	0
2004.10.19	415.80	420.95	414.55	419.80	1439	0	0
2004.10.20	420.20	426.25	419.55	423.80	1113	0	0
2004.10.21	423.80	426.55	421.85	423.80	1373	0	0
2004.10.22	423.55	425.45	420.55	424.20	1161	0	0
2004.10.25	424.35	430.55	424.10	428.30	555	0	0
2004.10.26	428.60	429.35	424.55	426.80	203	0	0
2004.10.27	427.10	428.85	422.80	424.30	696	0	0
2004.10.28	424.10	427.80	420.30	424.30	1606	0	0
2004.10.29	424.50	429.05	423.30	428.60	1346	0	0
2004.11.01	429.10	430.85	425.95	427.00	1307	0	0
2004.11.02	427.60	428.55	417.05	421.25	1235	0	0
2004.11.03	421.60	427.55	419.05	427.10	1216	0	0
2004.11.04	427.05	433.35	425.55	429.30	1238	0	0
2004.11.05	429.35	434.35	424.75	433.60	1478	0	0
2004.11.08	433.60	435.55	430.95	431.80	1045	0	0
2004.11.09	432.10	436.95	431.05	434.85	1307	0	0
2004.11.10	435.30	438.35	432.25	434.60	1281	0	0
2004.11.11	434.30	435.85	431.85	434.80	870	0	0
2004.11.12	434.60	439.25	434.05	437.80	1414	0	0
2004.11.15	438.30	440.55	435.45	436.50	1310	0	0
2004.11.16	436.30	441.05	435.05	439.80	2236	0	0
2004.11.17	439.70	445.35	438.25	444.60	2305	0	0
2004.11.18	444.80	446.45	439.90	442.80	1248	0	0
2004.11.19	443.10	448.55	441.55	447.10	1370	0	0
2004.11.22	446.55	449.25	445.85	448.80	875	0	0
2004.11.23	448.80	449.95	445.75	447.10	1085	0	0
2004.11.24	447.30	449.85	446.95	449.05	1411	0	0
2004.11.25	449.05	452.45	449.00	451.30	36	0	0
2004.11.26	451.90	455.55	449.25	452.25	418	0	0
2004.11.29	452.50	455.05	449.25	453.80	1082	0	0
2004.11.30	453.80	454.05	447.85	450.85	1705	0	0
2004.12.01	451.10	455.95	450.05	454.80	1318	0	0
2004.12.02	454.60	457.05	446.85	449.30	1331	0	0
2004.12.03	449.10	456.55	447.95	455.80	1480	0	0
2004.12.06	455.30	456.55	450.75	452.30	1024	0	0
2004.12.07	452.10	455.35	450.18	450.91	5617	0	0
2004.12.08	450.94	451.20	433.21	440.58	11104	0	0
2004.12.09	440.59	441.66	432.27	437.25	9344	0	0
2004.12.10	437.33	438.00	431.51	434.32	8310	0	0
2004.12.13	434.23	440.38	433.91	439.05	7283	0	0
2004.12.14	439.02	447.58	434.77	435.57	7609	0	0
2004.12.15	435.55	441.92	435.01	440.55	7608	0	0
2004.12.16	440.52	443.16	435.46	437.35	8821	0	0
2004.12.17	437.33	443.30	436.63	441.50	7908	0	0
2004.12.20	441.52	444.48	440.76	442.25	5154	0	0
2004.12.21	442.26	443.82	440.18	441.55	5251	0	0
2004.12.22	441.58	442.94	438.65	439.74	5375	0	0
2004.12.23	439.71	442.83	439.27	442.00	4813	0	0
2004.12.24	441.96	443.43	441.37	442.59	1627	0	0
2004.12.27	442.59	445.77	441.96	444.98	3807	0	0
2004.12.28	445.00	445.73	442.70	444.21	3470	0	0
2004.12.29	444.20	444.70	433.33	436.38	6233	0	0
2004.12.30	436.40	439.08	433.60	437.35	5121	0	0
2004.12.31	437.38	439.36	436.85	438.32	2080	0	0
2005.01.03	438.45	438.71	426.72	429.55	8339	0	0
2005.01.04	429.52	430.18	423.71	427.51	7110	0	0
2005.01.05	427.50	428.77	425.10	426.58	7301	0	0
2005.01.06	426.31	427.85	420.17	421.37	8407	0	0
2005.01.07	421.39	425.48	416.57	419.02	8149	0	0
2005.01.10	419.02	422.03	418.65	419.72	5329	0	0
2005.01.11	419.71	423.13	419.25	421.66	5870	0	0
2005.01.12	421.66	428.09	420.43	426.09	6866	0	0
2005.01.13	426.10	427.32	423.00	425.15	5310	0	0
2005.01.14	425.16	425.76	420.36	423.10	5681	0	0
2005.01.17	423.11	423.60	421.10	422.49	2069	0	0
2005.01.18	422.49	424.30	421.12	423.02	4774	0	0
2005.01.19	423.04	427.32	421.80	423.10	5664	0	0
2005.01.20	423.13	423.50	419.90	422.30	5213	0	0
2005.01.21	422.35	428.69	420.90	427.23	6064	0	0
2005.01.24	427.21	428.37	426.30	427.32	4243	0	0
2005.01.25	427.34	461.35	420.91	422.14	6364	0	0
2005.01.26	422.15	428.18	421.23	426.78	5911	0	0
2005.01.27	426.80	428.42	423.85	426.23	5258	0	0
2005.01.28	426.27	428.05	424.00	427.05	5578	0	0
2005.01.31	426.46	426.75	419.45	422.60	6656	0	0
2005.02.01	422.58	422.90	419.32	421.20	5342	0	0
2005.02.02	421.21	423.08	419.92	421.90	4411	0	0
2005.02.03	421.88	422.22	414.48	417.20	5963	0	0
2005.02.04	417.17	418.22	413.78	414.70	5439	0	0
2005.02.07	414.78	416.53	412.45	413.38	5997	0	0
2005.02.08	413.38	414.74	410.57	412.70	6106	0	0
2005.02.09	412.68	414.08	410.25	413.70	5223	0	0
2005.02.10	413.71	419.07	411.68	417.80	3911	0	0
2005.02.11	417.82	422.35	416.18	420.91	4573	0	0
2005.02.14	420.91	426.63	420.48	425.77	5528	0	0
2005.02.15	425.75	427.20	423.43	425.78	5001	0	0
2005.02.16	425.77	426.23	421.93	425.15	5811	0	0
2005.02.17	425.15	428.88	424.03	427.08	4506	0	0
2005.02.18	427.11	428.30	425.60	427.20	2931	0	0
2005.02.21	427.18	429.40	426.00	427.40	1329	0	0
2005.02.22	427.41	436.06	422.96	435.80	6038	0	0
2005.02.23	435.78	436.24	431.53	434.50	6317	0	0
2005.02.24	434.51	437.10	432.27	434.20	3551	0	0
2005.02.25	434.05	435.83	431.03	434.82	3731	0	0
2005.02.28	435.25	438.43	434.55	435.61	5737	0	0
2005.03.01	435.62	436.18	430.63	432.75	5777	0	0
2005.03.02	432.76	434.18	428.58	432.89	6816	0	0
2005.03.03	432.89	433.80	428.90	429.65	5836	0	0
2005.03.04	429.66	437.00	429.00	434.20	6006	0	0
2005.03.07	434.30	435.80	433.10	434.50	1108	0	0
2005.03.08	434.80	441.05	433.80	440.60	753	0	0
2005.03.09	440.80	442.90	438.77	440.60	4729	0	0
2005.03.10	440.37	443.10	439.70	442.55	5676	0	0
2005.03.11	442.56	447.50	440.07	445.85	5687	0	0
2005.03.14	446.06	446.38	439.77	440.91	5583	0	0
2005.03.15	440.92	444.47	439.36	440.50	5615	0	0
2005.03.16	440.46	444.20	439.73	443.65	4911	0	0
2005.03.17	443.62	444.30	437.17	438.74	5414	0	0
2005.03.18	438.72	440.30	435.61	439.33	5224	0	0
2005.03.21	439.31	439.61	428.81	431.15	6035	0	0
2005.03.22	431.13	432.91	426.23	426.75	4850	0	0
2005.03.23	426.71	428.97	424.16	425.33	6324	0	0
2005.03.24	425.35	426.88	424.20	425.07	5042	0	0
2005.03.25	425.07	425.98	424.74	425.47	1020	0	0
2005.03.28	425.48	426.71	423.28	425.98	2402	0	0
2005.03.29	426.01	428.23	425.49	426.18	3372	0	0
2005.03.30	426.17	428.46	425.50	426.15	4367	0	0
2005.03.31	426.21	429.30	425.90	428.73	4727	0	0
2005.04.01	428.71	429.13	424.54	426.08	5849	0	0
2005.04.04	426.25	426.98	422.28	424.30	4856	0	0
2005.04.05	424.28	425.90	422.52	425.15	4674	0	0
2005.04.06	425.13	427.82	423.94	426.65	5143	0	0
2005.04.07	426.65	428.77	425.26	425.85	5160	0	0
2005.04.08	425.86	427.73	424.37	427.05	4186	0	0
2005.04.11	427.05	430.12	426.00	428.05	4146	0	0
2005.04.12	428.06	430.75	426.16	428.23	4915	0	0
2005.04.13	428.22	429.88	426.73	428.86	4587	0	0
2005.04.14	428.90	429.63	421.83	423.66	5782	0	0
2005.04.15	423.67	426.34	422.35	424.80	5199	0	0
2005.04.18	424.84	428.37	423.02	427.44	5327	0	0
2005.04.19	427.45	434.23	426.36	433.95	6305	0	0
2005.04.20	433.96	438.45	431.23	434.54	6222	0	0
2005.04.21	434.53	435.53	431.81	432.53	6197	0	0
2005.04.22	432.54	435.77	431.87	434.61	4218	0	0
2005.04.25	434.66	435.17	432.40	434.65	4565	0	0
2005.04.26	434.68	437.94	434.08	437.06	4721	0	0
2005.04.27	437.08	437.56	431.78	432.18	5986	0	0
2005.04.28	432.16	434.27	430.35	431.55	5808	0	0
2005.04.29	431.53	437.10	430.90	434.95	5859	0	0
2005.05.02	434.96	435.87	428.50	429.84	4986	0	0
2005.05.03	429.83	430.23	424.81	427.74	5654	0	0
2005.05.04	427.72	430.23	426.61	429.50	5275	0	0
2005.05.05	429.33	431.91	427.78	430.45	4918	0	0
2005.05.06	430.43	431.46	423.79	426.23	6071	0	0
2005.05.09	426.20	426.93	424.50	426.28	4185	0	0
2005.05.10	426.26	428.47	425.97	426.60	3782	0	0
2005.05.11	426.62	429.07	425.30	427.61	5581	0	0
2005.05.12	427.63	427.90	420.28	422.20	6341	0	0
2005.05.13	422.21	422.66	418.70	420.20	6103	0	0
2005.05.16	420.25	421.06	417.93	419.75	4417	0	0
2005.05.17	419.76	421.60	418.36	418.73	4789	0	0
2005.05.18	418.75	422.11	418.41	421.77	5388	0	0
2005.05.19	421.75	423.50	419.28	420.80	4892	0	0
2005.05.20	420.88	421.45	416.40	417.65	4170	0	0
2005.05.23	417.70	418.76	416.58	417.50	4142	0	0
2005.05.24	417.47	419.75	416.06	418.12	4009	0	0
2005.05.25	418.38	419.92	416.86	419.55	4152	0	0
2005.05.26	419.55	420.38	416.78	417.95	4438	0	0
2005.05.27	417.96	420.74	417.35	420.43	3464	0	0
2005.05.30	420.45	420.76	417.93	418.50	1554	0	0
2005.05.31	418.25	418.25	414.15	417.10	85	0	0
2005.06.01	416.31	417.87	414.38	415.42	5119	0	0
2005.06.02	415.40	424.06	414.83	421.94	7775	0	0
2005.06.03	421.93	425.20	421.48	422.43	6575	0	0
2005.06.06	422.55	427.60	422.16	425.95	5570	0	0
2005.06.07	425.93	427.72	423.98	424.70	4967	0	0
2005.06.08	424.71	426.95	422.75	423.20	4123	0	0
2005.06.09	423.10	425.40	420.90	423.75	3160	0	0
2005.06.10	423.80	428.90	422.00	427.00	4269	0	0
2005.06.13	427.00	430.90	424.00	429.25	3796	0	0
2005.06.14	429.20	429.55	426.20	426.75	3065	0	0
2005.06.15	426.80	430.40	425.80	429.05	3154	0	0
2005.06.16	428.95	437.00	428.05	435.65	4336	0	0
2005.06.17	435.55	439.70	435.20	437.65	3173	0	0
2005.06.20	437.70	441.60	437.20	438.15	2634	0	0
2005.06.21	438.10	439.10	433.80	438.75	3145	0	0
2005.06.22	438.70	439.40	435.90	438.05	2493	0	0
2005.06.23	438.30	442.70	435.65	441.35	3077	0	0
2005.06.24	441.45	444.00	438.10	439.85	3077	0	0
2005.06.27	439.80	440.70	438.40	439.80	2000	0	0
2005.06.28	439.85	440.40	435.10	435.55	2439	0	0
2005.06.29	435.65	438.50	433.80	437.25	3074	0	0
2005.06.30	437.20	439.50	434.65	435.55	3441	0	0
2005.07.01	435.50	437.00	426.60	427.55	3805	0	0
2005.07.04	427.70	428.40	426.10	427.65	1220	0	0
2005.07.05	427.50	428.05	421.30	422.90	3559	0	0
2005.07.06	422.85	425.70	422.60	423.55	2526	0	0
2005.07.07	423.60	429.30	421.10	423.30	3762	0	0
2005.07.08	423.35	425.35	421.30	423.05	3076	0	0
2005.07.11	423.15	426.90	422.75	425.90	3060	0	0
2005.07.12	426.25	428.15	424.65	426.90	3553	0	0
2005.07.13	426.95	427.90	423.30	423.80	3206	0	0
2005.07.14	423.90	425.05	418.70	419.50	4115	0	0
2005.07.15	419.45	422.00	417.85	421.55	3350	0	0
2005.07.18	421.60	423.00	419.90	420.85	2422	0	0
2005.07.19	420.80	422.40	418.65	420.10	2873	0	0
2005.07.20	419.80	423.80	419.70	423.10	3410	0	0
2005.07.21	422.90	426.20	422.70	425.60	3021	0	0
2005.07.22	425.80	427.20	423.95	425.00	2737	0	0
2005.07.25	425.05	427.25	424.25	425.75	2350	0	0
2005.07.26	426.00	426.40	422.05	423.50	3110	0	0
2005.07.27	423.45	426.25	421.65	425.50	2906	0	0
2005.07.28	425.45	429.60	424.10	427.95	3974	0	0
2005.07.29	428.00	431.20	426.75	429.60	3921	0	0
2005.08.01	429.55	433.00	428.80	432.30	2803	0	0
2005.08.02	432.40	433.75	430.85	432.10	3501	0	0
2005.08.03	432.30	437.85	430.80	436.75	3977	0	0
2005.08.04	436.80	439.75	435.35	437.75	4148	0	0
2005.08.05	437.70	439.55	436.75	437.25	3796	0	0
2005.08.08	437.30	438.20	434.00	434.70	3386	0	0
2005.08.09	434.95	436.10	432.75	434.75	5300	0	0
2005.08.10	434.80	437.90	434.10	437.55	5158	0	0
2005.08.11	437.50	447.65	436.70	445.85	7995	0	0
2005.08.12	445.80	450.04	443.55	446.15	6807	0	0
2005.08.15	445.90	446.50	440.70	442.25	4719	0	0
2005.08.16	442.30	447.30	440.30	446.15	5541	0	0
2005.08.17	446.20	446.60	437.95	440.00	6805	0	0
2005.08.18	440.20	443.05	437.67	439.65	6602	0	0
2005.08.19	439.70	440.95	435.75	436.40	6500	0	0
2005.08.22	436.00	441.15	435.85	438.25	5505	0	0
2005.08.23	438.30	440.80	437.65	439.25	6187	0	0
2005.08.24	439.15	441.25	435.60	437.65	7502	0	0
2005.08.25	437.60	440.25	437.00	438.65	5929	0	0
2005.08.26	438.80	440.60	435.85	437.40	5608	0	0
2005.08.29	437.60	441.40	436.35	436.85	4969	0	0
2005.08.30	436.80	437.90	429.05	431.55	6406	0	0
2005.08.31	431.60	435.80	430.85	435.05	6221	0	0
2005.09.01	434.85	445.80	434.60	442.50	7401	0	0
2005.09.02	442.55	447.50	441.60	444.50	5805	0	0
2005.09.05	444.45	447.10	443.60	445.15	3320	0	0
2005.09.06	445.25	446.60	442.72	444.50	5180	0	0
2005.09.07	444.40	446.20	443.00	444.90	4574	0	0
2005.09.08	444.80	449.80	443.70	446.70	4782	0	0
2005.09.09	446.60	449.50	445.80	449.00	4568	0	0
2005.09.12	448.20	451.70	447.10	449.50	4830	0	0
2005.09.13	449.10	449.50	444.40	446.10	4848	0	0
2005.09.14	446.00	450.50	445.95	449.70	5629	0	0
2005.09.15	449.80	455.70	448.47	455.45	6523	0	0
2005.09.16	455.30	460.35	453.90	459.40	6179	0	0
2005.09.19	459.50	468.60	458.30	464.45	6902	0	0
2005.09.20	464.35	470.80	463.30	463.60	6699	0	0
2005.09.21	463.70	472.40	463.70	472.15	7595	0	0
2005.09.22	472.05	475.20	462.90	465.90	9261	0	0
2005.09.23	465.75	466.50	460.69	463.70	6695	0	0
2005.09.26	463.49	467.40	458.80	466.30	7971	0	0
2005.09.27	466.35	466.60	457.70	463.00	8358	0	0
2005.09.28	462.95	470.30	461.05	468.80	8132	0	0
2005.09.29	468.70	473.65	468.05	472.05	7573	0	0
2005.09.30	472.15	474.50	467.70	468.95	7249	0	0
2005.10.03	468.86	473.00	463.86	465.60	5782	0	0
2005.10.04	465.95	470.00	464.20	466.00	6592	0	0
2005.10.05	466.05	466.95	462.75	464.40	6654	0	0
2005.10.06	464.50	473.80	464.30	473.15	7569	0	0
2005.10.07	473.10	475.85	469.60	474.60	7102	0	0
2005.10.10	474.68	478.80	472.20	474.95	5976	0	0
2005.10.11	474.90	478.45	474.36	475.30	7201	0	0
2005.10.12	475.25	480.11	469.95	470.65	7725	0	0
2005.10.13	470.60	474.20	467.50	471.35	8671	0	0
2005.10.14	471.30	472.00	465.50	469.31	8564	0	0
2005.10.17	469.40	475.50	469.10	473.75	6939	0	0
2005.10.18	473.70	474.45	469.95	471.95	6808	0	0
2005.10.19	471.75	471.95	461.65	464.35	8331	0	0
2005.10.20	464.30	465.05	459.75	460.90	7454	0	0
2005.10.21	460.95	467.45	460.40	466.80	8079	0	0
2005.10.24	466.62	468.65	463.00	465.00	7219	0	0
2005.10.25	465.05	473.70	464.06	472.30	8086	0	0
2005.10.26	472.35	473.90	470.35	470.70	7327	0	0
2005.10.27	470.55	475.75	470.05	473.25	7876	0	0
2005.10.28	473.30	474.65	469.25	472.85	7899	0	0
2005.10.31	472.85	473.05	464.75	465.65	8674	0	0
2005.11.01	465.90	466.54	457.80	459.05	9116	0	0
2005.11.02	458.95	463.95	458.82	462.95	7022	0	0
2005.11.03	462.50	465.09	458.70	460.90	7910	0	0
2005.11.04	460.80	464.30	454.75	456.49	7239	0	0
2005.11.07	456.60	459.70	455.95	459.40	5696	0	0
2005.11.08	459.35	462.60	456.52	460.55	6858	0	0
2005.11.09	460.50	467.90	459.70	466.80	7470	0	0
2005.11.10	466.85	470.15	464.95	466.20	6621	0	0
2005.11.11	466.30	469.05	464.80	468.50	5618	0	0
2005.11.14	468.30	470.70	466.50	467.55	6145	0	0
2005.11.15	467.30	469.85	466.40	468.40	5177	0	0
2005.11.16	468.10	479.30	468.10	479.04	6964	0	0
2005.11.17	479.05	487.00	477.70	485.75	8308	0	0
2005.11.18	485.55	488.85	483.55	485.05	6885	0	0
2005.11.21	485.60	491.55	484.60	491.45	6325	0	0
2005.11.22	491.40	495.25	489.45	494.35	7397	0	0
2005.11.23	494.25	494.35	487.15	491.90	6194	0	0
2005.11.24	492.30	494.55	491.80	493.25	2619	0	0
2005.11.25	493.30	496.85	493.15	495.75	2661	0	0
2005.11.28	495.65	499.15	493.15	498.45	5469	0	0
2005.11.29	498.55	502.45	494.43	499.33	7030	0	0
2005.11.30	498.85	499.45	491.95	492.85	7484	0	0
2005.12.01	492.95	504.35	490.70	503.95	7990	0	0
2005.12.02	503.85	506.50	499.75	503.15	7727	0	0
2005.12.05	503.05	509.65	503.05	509.05	6466	0	0
2005.12.06	509.14	511.15	503.85	510.85	1978	0	0
2005.12.07	510.95	516.70	508.63	514.74	2068	0	0
2005.12.08	514.92	520.95	512.53	520.85	2021	0	0
2005.12.09	521.15	530.78	519.63	525.85	2078	0	0
2005.12.12	526.00	541.00	525.69	527.95	2300	0	0
2005.12.13	527.52	529.60	517.95	518.35	2265	0	0
2005.12.14	518.25	518.50	505.05	506.25	2439	0	0
2005.12.15	506.42	509.35	499.60	502.75	2133	0	0
2005.12.16	503.87	507.40	492.85	502.75	2122	0	0
2005.12.19	501.80	509.05	501.45	503.55	1879	0	0
2005.12.20	503.50	508.10	491.65	492.00	2164	0	0
2005.12.21	492.40	495.15	489.45	495.15	2368	0	0
2005.12.22	495.00	504.70	493.50	503.95	1969	0	0
2005.12.23	504.25	506.22	499.75	502.81	962	0	0
2005.12.26	503.05	503.51	502.35	502.55	27	0	0
2005.12.27	502.65	508.55	502.51	507.65	1611	0	0
2005.12.28	507.35	517.85	507.35	516.45	2225	0	0
2005.12.29	516.53	517.65	510.55	516.47	1641	0	0
2005.12.30	517.03	517.40	512.35	516.97	1262	0	0
2006.01.02	516.85	517.40	516.85	517.40	3	0	0
2006.01.03	516.54	534.65	516.54	534.10	6204	0	0
2006.01.04	534.20	535.45	525.03	534.00	6913	0	0
2006.01.05	533.72	534.75	522.28	524.50	6038	0	0
2006.01.06	524.51	540.03	523.00	539.28	7017	0	0
2006.01.09	539.00	551.45	534.95	548.90	7823	0	0
2006.01.10	548.78	548.78	539.25	543.03	6503	0	0
2006.01.11	542.40	549.63	539.45	547.25	6066	0	0
2006.01.12	547.20	549.70	541.85	546.20	6237	0	0
2006.01.13	546.53	557.75	544.25	555.71	4947	0	0
2006.01.16	555.90	562.10	555.40	561.78	671	0	0
2006.01.17	561.80	564.15	551.75	554.50	6421	0	0
2006.01.18	554.35	557.45	542.50	543.03	6324	0	0
2006.01.19	542.65	559.15	539.95	557.53	5793	0	0
2006.01.20	558.03	568.03	551.87	553.54	5770	0	0
2006.01.23	553.53	560.53	551.35	559.12	5801	0	0
2006.01.24	559.03	559.87	552.85	557.97	4892	0	0
2006.01.25	558.65	566.65	556.53	563.10	4403	0	0
2006.01.26	563.00	563.60	554.37	560.40	4313	0	0
2006.01.27	559.59	564.60	555.35	558.94	3354	0	0
2006.01.30	556.60	569.00	556.60	568.03	3860	0	0
2006.01.31	567.85	572.70	565.65	568.20	6306	0	0
2006.02.01	570.60	571.70	563.20	569.28	5812	0	0
2006.02.02	569.10	575.10	567.50	572.20	1861	0	0
2006.02.03	571.60	573.90	564.65	567.40	5776	0	0
2006.02.06	567.00	573.78	567.00	569.66	5133	0	0
2006.02.07	569.58	570.90	546.50	548.50	7786	0	0
2006.02.08	548.00	552.90	544.75	551.20	6263	0	0
2006.02.09	550.90	566.73	549.40	564.10	5857	0	0
2006.02.10	564.23	568.73	546.60	550.75	6626	0	0
2006.02.13	549.00	551.60	538.27	540.74	6681	0	0
2006.02.14	540.09	547.70	534.65	547.29	7959	0	0
2006.02.15	547.00	547.76	535.90	539.70	7462	0	0
2006.02.16	539.45	548.10	535.62	547.60	7166	0	0
2006.02.17	547.90	554.40	543.85	551.75	6695	0	0
2006.02.20	551.75	556.52	551.48	555.78	1350	0	0
2006.02.21	555.77	556.20	551.25	554.10	5870	0	0
2006.02.22	554.20	555.77	547.10	555.40	6644	0	0
2006.02.23	555.50	555.50	547.87	549.00	6302	0	0
2006.02.24	548.70	559.40	547.09	558.75	5811	0	0
2006.02.27	558.65	558.90	552.40	553.70	4314	0	0
2006.02.28	553.78	562.60	552.70	561.40	5555	0	0
2006.03.01	561.35	566.70	560.10	562.70	4979	0	0
2006.03.02	562.50	570.20	561.47	569.60	6415	0	0
2006.03.03	569.50	570.54	564.10	565.07	5542	0	0
2006.03.06	565.21	568.20	551.64	555.00	6424	0	0
2006.03.07	555.20	558.17	548.03	552.50	7144	0	0
2006.03.08	552.40	553.90	538.25	543.29	8204	0	0
2006.03.09	543.10	550.50	539.54	545.00	7460	0	0
2006.03.10	545.10	546.86	533.50	540.70	6104	0	0
2006.03.13	540.70	546.70	540.45	545.70	5566	0	0
2006.03.14	545.60	552.40	542.52	550.79	5624	0	0
2006.03.15	551.10	557.25	550.04	552.79	4787	0	0
2006.03.16	552.70	556.60	547.10	555.20	7084	0	0
2006.03.17	555.10	557.60	551.60	553.60	5538	0	0
2006.03.19	553.75	554.20	553.50	553.80	176	0	0
2006.03.20	553.70	556.28	549.90	554.70	5393	0	0
2006.03.21	554.79	555.20	546.78	551.90	7175	0	0
2006.03.22	551.79	553.30	546.70	550.60	5434	0	0
2006.03.23	550.70	551.12	544.10	549.70	5987	0	0
2006.03.24	550.00	561.10	548.54	560.00	6055	0	0
2006.03.27	559.85	568.45	558.40	567.20	5532	0	0
2006.03.28	567.15	569.40	562.40	563.29	5622	0	0
2006.03.29	563.40	574.03	560.03	573.45	5555	0	0
2006.03.30	573.40	589.40	571.28	588.90	9312	0	0
2006.03.31	588.78	589.10	578.69	583.50	7480	0	0
2006.04.01	583.30	583.40	583.30	583.30	5	0	0
2006.04.03	583.40	591.90	581.79	587.40	7134	0	0
2006.04.04	587.50	590.25	584.53	586.50	7418	0	0
2006.04.05	586.40	589.75	581.65	588.29	7533	0	0
2006.04.06	588.20	596.75	587.11	595.10	7471	0	0
2006.04.07	595.29	597.90	584.95	588.87	7288	0	0
2006.04.10	591.35	599.54	590.00	599.46	8656	0	0
2006.04.11	599.40	604.03	592.75	593.13	10748	0	0
2006.04.12	593.25	599.95	592.85	598.15	8776	0	0
2006.04.13	597.90	598.37	590.25	596.25	7061	0	0
2006.04.14	596.35	599.54	596.15	598.26	486	0	0
2006.04.17	598.25	615.75	598.05	613.29	6634	0	0
2006.04.18	613.25	622.04	612.35	620.70	9101	0	0
2006.04.19	620.60	642.29	620.60	639.95	9956	0	0
2006.04.20	639.75	645.65	606.28	611.50	9103	0	0
2006.04.21	611.78	635.00	609.85	634.90	6314	0	0
2006.04.24	633.80	639.96	618.78	621.04	6853	0	0
2006.04.25	620.54	634.89	619.00	630.25	7740	0	0
2006.04.26	629.79	641.04	628.00	638.50	7635	0	0
2006.04.27	638.65	643.50	626.90	633.29	7210	0	0
2006.04.28	633.40	655.80	633.25	654.54	7352	0	0
2006.05.01	654.20	661.50	650.38	654.79	6255	0	0
2006.05.02	655.10	669.35	652.60	668.65	8161	0	0
2006.05.03	668.55	677.06	658.28	667.05	4825	0	0
2006.05.04	666.95	680.27	660.70	679.40	9408	0	0
2006.05.05	679.60	684.10	675.00	683.30	5818	0	0
2006.05.08	683.60	686.20	671.15	678.30	7906	0	0
2006.05.09	679.00	700.75	677.85	700.65	7698	0	0
2006.05.10	700.55	708.20	693.65	707.50	7338	0	0
2006.05.11	707.45	725.91	704.00	713.85	7600	0	0
2006.05.12	713.65	730.25	708.00	714.98	6915	0	0
2006.05.15	714.35	720.15	676.20	677.17	6187	0	0
2006.05.16	677.00	692.88	674.35	690.07	6668	0	0
2006.05.17	690.30	716.35	685.10	686.80	6355	0	0
2006.05.18	686.90	694.24	678.27	681.90	5624	0	0
2006.05.19	682.07	688.33	650.79	659.77	7600	0	0
2006.05.22	657.30	661.12	636.40	655.60	6974	0	0
2006.05.23	655.65	674.67	651.20	666.30	7149	0	0
2006.05.24	666.05	670.22	635.35	640.29	5590	0	0
2006.05.25	640.50	650.60	638.57	650.52	5654	0	0
2006.05.26	650.50	655.25	640.20	653.23	4547	0	0
2006.05.29	653.50	654.10	647.10	650.10	1009	0	0
2006.05.30	650.00	665.10	648.20	652.50	4215	0	0
2006.05.31	652.39	659.60	638.20	644.79	4907	0	0
2006.06.01	644.70	645.50	620.29	629.20	4433	0	0
2006.06.02	629.40	638.57	618.78	638.07	3063	0	0
2006.06.05	637.90	645.35	634.86	636.65	4752	0	0
2006.06.06	636.85	638.85	625.34	630.25	5750	0	0
2006.06.07	630.12	631.03	616.38	626.15	5177	0	0
2006.06.08	626.35	627.04	607.90	612.72	5419	0	0
2006.06.09	612.82	617.14	600.70	605.75	5410	0	0
2006.06.12	607.05	611.53	602.40	604.25	3190	0	0
2006.06.13	603.85	604.75	560.95	561.66	5595	0	0
2006.06.14	561.90	571.10	542.55	558.25	6130	0	0
2006.06.15	558.15	578.29	553.85	575.95	6200	0	0
2006.06.16	575.85	584.97	566.83	579.55	5716	0	0
2006.06.19	579.91	580.22	563.67	564.75	4933	0	0
2006.06.20	564.65	577.07	560.71	575.25	3626	0	0
2006.06.21	575.11	590.40	570.15	587.04	3434	0	0
2006.06.22	587.52	594.70	579.15	580.35	4620	0	0
2006.06.23	580.25	585.79	571.52	583.02	4574	0	0
2006.06.26	583.05	586.79	577.10	584.75	4120	0	0
2006.06.27	584.85	595.75	578.75	578.75	5175	0	0
2006.06.28	578.45	586.02	576.37	579.65	4643	0	0
2006.06.29	579.26	600.22	578.45	599.12	4735	0	0
2006.06.30	598.95	616.20	596.88	615.29	4688	0	0
2006.07.03	613.95	626.57	613.00	623.65	3286	0	0
2006.07.04	623.50	623.80	616.38	621.85	1464	0	0
2006.07.05	621.80	630.10	617.51	627.74	5297	0	0
2006.07.06	627.65	634.77	621.52	632.35	5017	0	0
2006.07.07	632.65	637.21	627.37	628.77	4720	0	0
2006.07.10	628.75	632.04	620.21	623.75	4923	0	0
2006.07.11	623.72	643.32	620.95	640.91	5022	0	0
2006.07.12	640.82	655.22	639.04	651.15	5318	0	0
2006.07.13	650.84	660.01	643.75	659.54	5618	0	0
2006.07.14	659.84	667.56	658.55	664.45	5153	0	0
2006.07.17	669.28	676.05	640.40	642.85	5792	0	0
2006.07.18	642.35	654.24	627.23	632.54	5979	0	0
2006.07.19	631.75	646.40	617.79	642.25	5451	0	0
2006.07.20	642.35	644.74	627.45	628.85	5150	0	0
2006.07.21	628.75	637.02	615.60	621.05	5978	0	0
2006.07.24	619.60	620.82	601.90	614.75	4951	0	0
2006.07.25	614.82	623.57	609.75	618.35	5530	0	0
2006.07.26	618.74	626.87	612.97	624.04	4359	0	0
2006.07.27	624.02	640.55	622.01	633.65	4513	0	0
2006.07.28	633.85	638.07	626.02	634.46	3803	0	0
2006.07.31	635.02	639.29	628.44	636.04	5264	0	0
2006.08.01	636.15	648.09	630.42	646.75	5045	0	0
2006.08.02	646.91	655.92	645.04	650.85	5426	0	0
2006.08.03	650.75	652.67	639.02	644.54	5236	0	0
2006.08.04	644.41	654.04	643.08	646.20	4519	0	0
2006.08.07	645.11	651.70	644.35	648.15	4294	0	0
2006.08.08	647.75	648.75	640.76	642.04	4523	0	0
2006.08.09	642.45	654.66	634.89	649.70	5493	0	0
2006.08.10	649.54	653.75	633.25	635.75	5558	0	0
2006.08.11	635.65	644.64	626.03	631.45	5030	0	0
2006.08.14	635.30	635.30	623.40	626.25	5774	0	0
2006.08.15	626.15	628.20	620.30	624.29	4888	0	0
2006.08.16	624.40	632.50	623.45	628.50	4785	0	0
2006.08.17	628.45	631.65	613.25	613.40	4899	0	0
2006.08.18	613.50	618.82	607.11	614.41	5273	0	0
2006.08.21	614.35	628.16	613.47	627.60	4854	0	0
2006.08.22	628.65	629.15	620.13	624.65	4560	0	0
2006.08.23	624.25	629.98	621.04	621.54	4600	0	0
2006.08.24	621.85	626.12	618.65	621.25	4692	0	0
2006.08.25	621.35	624.21	617.60	622.47	4130	0	0
2006.08.28	622.24	623.85	612.35	614.40	4036	0	0
2006.08.29	614.25	617.45	607.15	614.20	4517	0	0
2006.08.30	614.40	620.52	612.45	618.54	4316	0	0
2006.08.31	618.65	627.10	617.65	626.79	4464	0	0
2006.09.01	626.45	627.52	619.25	625.59	4637	0	0
2006.09.04	625.32	627.60	624.30	625.78	652	0	0
2006.09.05	627.13	640.10	625.73	637.80	5608	0	0
2006.09.06	638.20	640.10	632.28	633.65	3636	0	0
2006.09.07	633.45	635.90	613.89	616.54	4861	0	0
2006.09.08	616.60	619.25	606.40	610.44	4118	0	0
2006.09.11	610.43	610.43	582.94	589.10	5891	0	0
2006.09.12	588.60	599.90	584.40	586.80	3860	0	0
2006.09.13	587.30	593.53	578.94	589.50	5607	0	0
2006.09.14	589.60	595.05	574.66	575.10	5374	0	0
2006.09.15	575.00	578.79	572.40	577.32	3374	0	0
2006.09.18	578.02	588.10	578.02	586.92	4271	0	0
2006.09.19	586.69	589.00	572.50	573.40	4631	0	0
2006.09.20	572.60	586.35	572.03	576.54	4976	0	0
2006.09.21	576.50	585.29	574.45	584.04	4578	0	0
2006.09.22	584.25	592.50	583.75	589.15	4191	0	0
2006.09.25	589.75	591.85	581.97	590.22	4287	0	0
2006.09.26	590.45	593.90	586.07	591.65	4314	0	0
2006.09.27	591.45	603.75	589.75	603.15	4053	0	0
2006.09.28	603.25	606.82	600.28	601.25	5210	0	0
2006.09.29	600.90	604.00	594.17	598.55	4819	0	0
2006.10.02	598.54	603.27	594.94	596.10	1768	0	0
2006.10.03	595.75	596.26	594.75	595.60	351	0	0
2006.10.04	574.85	580.49	559.22	566.75	3857	0	0
2006.10.05	566.45	574.23	562.40	574.05	5565	0	0
2006.10.06	574.30	574.30	560.65	573.65	4352	0	0
2006.10.09	574.15	580.99	572.45	575.73	4200	0	0
2006.10.10	576.85	579.55	576.05	578.35	770	0	0
2006.10.11	572.50	578.60	570.00	572.60	3723	0	0
2006.10.12	572.70	579.10	570.60	578.80	3214	0	0
2006.10.13	586.55	590.23	583.75	588.80	5995	0	0
2006.10.16	591.55	596.35	589.95	596.00	11026	0	0
2006.10.17	596.05	598.50	585.93	589.90	11879	0	0
2006.10.18	589.88	595.03	587.23	589.25	10846	0	0
2006.10.19	589.70	600.50	586.50	599.10	3392	0	0
2006.10.20	599.65	602.63	596.45	596.95	4377	0	0
2006.10.23	591.82	592.75	579.65	581.80	6542	0	0
2006.10.24	581.83	581.93	577.40	578.60	1807	0	0
2006.10.25	581.25	591.80	580.85	590.80	2315	0	0
2006.10.26	590.90	598.30	589.90	597.00	5539	0	0
2006.10.27	596.90	599.80	591.90	599.10	3670	0	0
2006.10.30	598.30	610.60	598.20	603.70	5347	0	0
2006.10.31	603.80	607.30	597.60	605.70	4630	0	0
2006.11.01	606.00	619.20	605.10	616.50	2613	0	0
2006.11.02	616.30	625.70	613.80	624.10	4853	0	0
2006.11.03	624.00	629.00	617.10	626.80	3614	0	0
2006.11.06	627.67	629.50	622.18	622.73	3783	0	0
2006.11.07	622.68	628.90	621.60	624.50	3103	0	0
2006.11.08	624.30	626.90	612.97	615.19	4081	0	0
2006.11.09	615.69	635.43	614.75	632.90	5319	0	0
2006.11.10	633.00	636.40	624.85	627.81	4003	0	0
2006.11.13	627.90	632.35	620.15	625.25	2766	0	0
2006.11.14	624.80	629.05	618.81	620.50	4075	0	0
2006.11.15	620.30	624.63	615.05	622.60	4525	0	0
2006.11.16	622.75	627.80	617.69	618.10	3359	0	0
2006.11.17	617.80	622.18	614.35	621.18	3326	0	0
2006.11.20	621.00	626.85	620.05	622.40	3094	0	0
2006.11.21	622.19	629.35	621.90	627.00	3198	0	0
2006.11.22	627.50	634.35	625.69	629.79	2747	0	0
2006.11.23	629.50	631.65	628.35	630.76	928	0	0
2006.11.24	630.77	639.84	630.15	637.96	2989	0	0
2006.11.27	639.60	641.79	636.43	640.10	3142	0	0
2006.11.28	640.30	641.68	632.43	639.50	2716	0	0
2006.11.29	639.30	640.50	634.50	635.90	2873	0	0
2006.11.30	636.00	648.55	636.00	647.50	2189	0	0
2006.12.01	647.80	649.65	643.18	645.60	2994	0	0
2006.12.04	645.55	647.85	640.35	645.69	1985	0	0
2006.12.05	645.80	648.40	638.35	643.40	3795	0	0
2006.12.06	642.55	642.55	627.91	631.40	8042	0	0
2006.12.07	630.35	634.30	624.40	633.44	17778	0	0
2006.12.08	633.60	637.75	623.25	624.43	8696	0	0
2006.12.11	624.42	630.35	622.75	629.93	2940	0	0
2006.12.12	630.00	630.85	626.56	629.55	3329	0	0
2006.12.13	629.65	630.17	623.00	628.15	3628	0	0
2006.12.14	627.94	629.19	624.93	625.35	3587	0	0
2006.12.15	625.25	628.85	614.22	615.35	2944	0	0
2006.12.18	614.99	618.12	611.35	615.65	4044	0	0
2006.12.19	615.75	622.72	614.60	622.44	4278	0	0
2006.12.20	622.85	624.25	618.87	619.94	3918	0	0
2006.12.21	620.03	622.15	617.50	618.00	7521	0	0
2006.12.22	618.30	621.35	618.00	620.11	3903	0	0
2006.12.25	620.85	620.85	620.85	620.85	1	0	0
2006.12.26	620.84	628.25	619.86	623.28	1632	0	0
2006.12.27	623.33	627.95	622.63	625.69	2969	0	0
2006.12.28	625.90	634.05	625.40	633.40	2213	0	0
2006.12.29	633.50	635.69	630.76	635.19	2021	0	0
2007.01.01	636.45	638.05	636.30	636.85	377	0	0
2007.01.02	638.20	641.30	636.30	640.40	4348	0	0
2007.01.03	640.40	645.20	625.55	627.70	7449	0	0
2007.01.04	627.80	630.95	620.80	623.45	7534	0	0
2007.01.05	623.15	626.30	602.20	607.65	8553	0	0
2007.01.06	607.65	607.65	607.65	607.65	1	0	0
2007.01.07	607.65	623.00	607.35	608.55	1690	0	0
2007.01.08	608.55	610.75	603.90	609.90	5076	0	0
2007.01.09	610.10	615.95	606.05	613.45	6329	0	0
2007.01.10	613.40	613.60	606.25	611.95	6199	0	0
2007.01.11	612.00	616.45	609.35	611.95	6264	0	0
2007.01.12	611.95	627.32	610.00	626.50	4242	0	0
2007.01.13	626.50	626.50	626.50	626.50	1	0	0
2007.01.14	626.50	628.10	626.05	626.40	380	0	0
2007.01.15	626.10	627.75	624.85	626.45	417	0	0
2007.01.16	626.25	627.80	622.60	623.70	1272	0	0
2007.01.17	623.55	633.75	620.20	633.00	4179	0	0
2007.01.18	632.95	636.45	626.65	628.05	4755	0	0
2007.01.19	628.10	636.40	627.35	635.40	3635	0	0
2007.01.20	635.40	635.40	635.40	635.40	1	0	0
2007.01.21	635.40	636.05	635.40	635.70	100	0	0
2007.01.22	635.70	639.75	632.04	634.14	4739	0	0
2007.01.23	634.19	647.75	633.50	646.35	4213	0	0
2007.01.24	646.40	648.90	639.00	647.50	4529	0	0
2007.01.25	647.45	654.70	645.25	645.70	5213	0	0
2007.01.26	645.75	648.05	640.90	646.00	5008	0	0
2007.01.27	646.00	646.00	646.00	646.00	8	0	0
2007.01.28	646.00	648.20	645.95	647.95	265	0	0
2007.01.29	647.65	648.05	640.90	643.00	4254	0	0
2007.01.30	642.70	647.40	641.00	646.90	4222	0	0
2007.01.31	646.95	654.55	642.15	652.35	4518	0	0
2007.02.01	652.45	661.45	651.90	657.00	5285	0	0
2007.02.02	657.05	659.70	643.10	647.85	4372	0	0
2007.02.03	647.85	647.85	647.85	647.85	1	0	0
2007.02.04	647.85	648.65	647.85	648.50	16	0	0
2007.02.05	648.55	652.05	646.05	648.40	3927	0	0
2007.02.06	648.30	658.60	648.15	653.35	5324	0	0
2007.02.07	653.45	656.90	650.40	652.20	5089	0	0
2007.02.08	652.20	661.65	648.00	660.80	6219	0	0
2007.02.09	660.80	669.10	657.20	666.80	6394	0	0
2007.02.10	666.80	666.80	666.80	666.80	1	0	0
2007.02.11	666.80	668.70	666.80	667.45	236	0	0
2007.02.12	667.35	667.35	659.90	661.35	5994	0	0
2007.02.13	661.30	669.25	660.85	664.10	5219	0	0
2007.02.14	664.25	671.70	663.95	669.00	5329	0	0
2007.02.15	668.95	670.25	662.15	668.20	5103	0	0
2007.02.16	668.15	669.35	662.60	668.35	4586	0	0
2007.02.18	668.70	668.70	668.00	668.05	17	0	0
2007.02.19	668.20	673.15	667.35	671.10	2382	0	0
2007.02.20	671.05	671.75	655.70	659.75	6409	0	0
2007.02.21	659.35	682.44	657.04	677.94	7730	0	0
2007.02.22	677.89	680.95	674.90	675.25	5752	0	0
2007.02.23	675.35	688.20	672.70	682.20	6493	0	0
2007.02.25	682.40	684.00	680.95	683.20	247	0	0
2007.02.26	683.25	688.05	682.35	686.60	6274	0	0
2007.02.27	686.70	688.95	658.75	665.35	9683	0	0
2007.02.28	665.30	677.50	661.05	673.85	10010	0	0
2007.03.01	673.80	677.40	649.65	655.65	8717	0	0
2007.03.02	656.15	664.05	639.55	642.15	8656	0	0
2007.03.04	642.20	644.75	642.00	642.90	458	0	0
2007.03.05	642.75	644.85	632.35	632.75	9571	0	0
2007.03.06	632.80	647.80	632.65	647.65	8230	0	0
2007.03.07	647.45	651.70	642.65	647.60	8006	0	0
2007.03.08	647.75	655.75	647.60	652.35	6931	0	0
2007.03.09	652.25	657.90	647.45	649.15	5735	0	0
2007.03.11	649.10	650.55	648.40	649.35	332	0	0
2007.03.12	649.30	653.85	645.60	649.20	6170	0	0
2007.03.13	649.25	652.15	641.55	643.15	6004	0	0
2007.03.14	643.00	645.90	636.80	644.55	7099	0	0
2007.03.15	644.60	650.15	643.70	648.30	5455	0	0
2007.03.16	648.55	655.35	645.90	653.10	5158	0	0
2007.03.18	652.60	655.05	651.85	654.15	382	0	0
2007.03.19	654.10	656.20	651.95	654.60	5845	0	0
2007.03.20	654.65	660.85	652.60	658.60	5672	0	0
2007.03.21	658.65	664.90	656.90	663.75	5068	0	0
2007.03.22	663.70	666.55	661.90	663.40	4570	0	0
2007.03.23	663.35	664.55	654.95	657.15	4795	0	0
2007.03.25	656.80	658.10	656.80	658.05	160	0	0
2007.03.26	658.10	665.05	657.85	663.60	4706	0	0
2007.03.27	663.50	668.95	661.65	665.95	5490	0	0
2007.03.28	665.90	669.20	663.35	665.30	4546	0	0
2007.03.29	665.25	665.85	655.30	661.25	4504	0	0
2007.03.30	661.05	667.60	660.80	663.45	4600	0	0
2007.04.01	665.45	665.75	665.15	665.65	77	0	0
2007.04.02	665.70	667.55	656.25	663.30	5512	0	0
2007.04.03	663.25	667.40	661.80	663.60	6262	0	0
2007.04.04	663.65	675.65	663.60	674.05	5917	0	0
2007.04.05	674.10	675.35	671.50	674.65	3307	0	0
2007.04.06	674.25	674.35	673.35	673.35	8	0	0
2007.04.08	673.10	673.10	671.50	672.60	129	0	0
2007.04.09	672.55	677.65	670.55	672.25	5292	0	0
2007.04.10	672.30	681.45	671.20	677.30	4617	0	0
2007.04.11	677.25	680.65	674.25	677.40	5737	0	0
2007.04.12	677.45	679.65	671.30	676.95	4115	0	0
2007.04.13	677.05	685.55	676.30	684.85	4283	0	0
2007.04.15	684.90	687.45	684.90	685.30	387	0	0
2007.04.16	685.25	691.10	682.95	690.35	5261	0	0
2007.04.17	690.40	690.70	685.95	687.45	4223	0	0
2007.04.18	687.40	690.80	685.55	689.75	5345	0	0
2007.04.19	689.50	691.50	679.00	684.00	6310	0	0
2007.04.20	683.90	693.50	683.20	691.65	4191	0	0
2007.04.22	691.85	693.50	691.70	692.55	384	0	0
2007.04.23	692.60	693.55	686.80	689.80	6905	0	0
2007.04.24	689.65	691.70	681.20	683.65	7349	0	0
2007.04.25	683.70	686.65	682.00	684.90	5920	0	0
2007.04.26	684.95	686.70	671.20	674.55	6110	0	0
2007.04.27	674.45	681.70	670.65	681.20	4971	0	0
2007.04.29	680.70	682.10	679.55	680.00	263	0	0
2007.04.30	679.95	680.85	675.80	678.65	4661	0	0
2007.05.01	678.35	678.95	671.75	674.01	4931	0	0
2007.05.02	674.06	674.86	667.45	672.60	5159	0	0
2007.05.03	672.65	682.40	671.90	681.85	4399	0	0
2007.05.04	681.80	690.50	680.10	688.55	4566	0	0
2007.05.06	688.50	688.80	687.85	688.10	291	0	0
2007.05.07	688.05	690.70	686.40	688.05	3884	0	0
2007.05.08	688.10	688.75	681.95	685.45	5177	0	0
2007.05.09	685.40	686.55	675.65	680.70	5275	0	0
2007.05.10	680.65	680.70	664.25	664.80	6027	0	0
2007.05.11	664.85	672.75	664.65	670.80	5401	0	0
2007.05.13	670.85	672.05	670.75	671.85	199	0	0
2007.05.14	671.80	674.95	666.40	669.20	5284	0	0
2007.05.15	669.15	673.35	664.95	672.15	5293	0	0
2007.05.16	672.10	673.25	659.70	662.25	5499	0	0
2007.05.17	662.20	664.55	653.60	657.65	5536	0	0
2007.05.18	657.75	662.90	655.75	661.45	5085	0	0
2007.05.20	663.80	663.80	661.40	661.70	203	0	0
2007.05.21	661.75	663.65	657.00	662.95	4861	0	0
2007.05.22	662.90	665.30	658.10	658.60	5593	0	0
2007.05.23	658.80	664.45	657.35	662.35	6022	0	0
2007.05.24	662.45	662.70	651.95	654.15	7625	0	0
2007.05.25	654.20	656.80	653.40	655.75	4932	0	0
2007.05.27	656.00	656.00	655.35	655.75	31	0	0
2007.05.28	655.80	656.35	654.90	655.60	871	0	0
2007.05.29	655.50	661.65	654.70	657.05	6200	0	0
2007.05.30	657.10	658.65	651.95	654.60	5709	0	0
2007.05.31	654.65	661.70	654.50	660.80	6142	0	0
2007.06.01	660.65	671.60	660.65	671.40	5246	0	0
2007.06.03	671.15	671.40	670.80	671.05	177	0	0
2007.06.04	671.10	673.85	668.50	671.35	4474	0	0
2007.06.05	671.40	673.30	668.95	670.70	4212	0	0
2007.06.06	670.65	671.95	665.05	669.95	4747	0	0
2007.06.07	669.90	672.95	658.05	659.40	4557	0	0
2007.06.08	659.45	661.40	644.00	648.45	4972	0	0
2007.06.10	649.10	650.15	648.65	650.05	310	0	0
2007.06.11	649.95	654.95	649.55	653.20	4793	0	0
2007.06.12	653.05	654.60	645.70	647.55	5163	0	0
2007.06.13	647.50	652.50	643.00	651.25	5441	0	0
2007.06.14	651.20	654.10	645.90	652.90	4909	0	0
2007.06.15	652.80	655.70	649.95	655.05	4010	0	0
2007.06.17	655.50	656.85	655.15	656.15	259	0	0
2007.06.18	656.20	659.20	654.60	656.85	3558	0	0
2007.06.19	656.90	662.05	653.70	660.80	4171	0	0
2007.06.20	660.65	661.50	652.45	654.20	4192	0	0
2007.06.21	654.10	656.55	647.80	651.25	4570	0	0
2007.06.22	651.30	656.30	650.60	653.90	4027	0	0
2007.06.24	654.05	654.45	652.20	652.20	191	0	0
2007.06.25	652.15	654.05	648.90	651.10	4628	0	0
2007.06.26	651.25	651.85	638.85	641.85	5078	0	0
2007.06.27	641.90	644.70	640.15	643.00	4466	0	0
2007.06.28	643.05	649.80	642.90	648.35	3732	0	0
2007.06.29	648.25	652.35	646.50	649.35	3303	0	0
2007.07.01	650.85	651.10	650.20	650.35	173	0	0
2007.07.02	650.30	658.60	648.60	656.20	4985	0	0
2007.07.03	656.45	658.05	652.05	653.55	3020	0	0
2007.07.04	653.60	654.80	653.20	654.05	1439	0	0
2007.07.05	653.90	656.50	645.70	649.10	3772	0	0
2007.07.06	649.20	656.00	645.00	655.65	4019	0	0
2007.07.08	656.00	656.40	654.80	655.00	197	0	0
2007.07.09	654.95	663.10	653.50	659.90	4811	0	0
2007.07.10	659.80	664.90	658.70	663.55	3940	0	0
2007.07.11	663.45	665.95	659.80	661.30	3578	0	0
2007.07.12	661.25	669.30	660.70	666.30	4032	0	0
2007.07.13	666.25	668.50	663.20	666.60	3642	0	0
2007.07.15	666.35	667.30	666.30	666.90	179	0	0
2007.07.16	666.85	668.70	663.45	665.45	4350	0	0
2007.07.17	665.50	667.30	662.25	664.80	4351	0	0
2007.07.18	664.85	674.15	664.70	673.20	5672	0	0
2007.07.19	673.10	677.60	671.25	676.55	4622	0	0
2007.07.20	676.65	686.75	675.10	683.10	4888	0	0
2007.07.22	683.75	684.70	682.55	682.85	286	0	0
2007.07.23	682.80	684.95	680.20	682.10	4704	0	0
2007.07.24	682.00	687.75	680.60	681.25	5302	0	0
2007.07.25	681.20	681.75	670.50	675.65	6195	0	0
2007.07.26	675.60	676.85	654.50	662.65	7739	0	0
2007.07.27	662.60	666.80	656.80	660.90	7029	0	0
2007.07.29	661.10	661.95	660.00	661.15	324	0	0
2007.07.30	661.20	665.70	659.80	665.15	4786	0	0
2007.07.31	665.20	668.70	662.95	663.75	6059	0	0
2007.08.01	663.80	667.50	659.10	665.35	7912	0	0
2007.08.02	665.30	666.90	662.60	665.35	6379	0	0
2007.08.03	665.30	675.35	664.95	673.45	6370	0	0
2007.08.05	673.25	675.40	672.50	672.75	331	0	0
2007.08.06	672.70	674.80	669.00	671.55	6439	0	0
2007.08.07	671.50	672.50	665.95	671.35	6847	0	0
2007.08.08	671.40	676.70	669.65	673.55	5511	0	0
2007.08.09	673.50	674.40	659.20	661.80	9221	0	0
2007.08.10	661.85	676.15	658.00	672.60	7018	0	0
2007.08.12	672.50	672.50	670.45	670.60	138	0	0
2007.08.13	670.45	672.00	668.35	668.90	4409	0	0
2007.08.14	668.85	671.30	665.50	669.65	4968	0	0
2007.08.15	669.60	670.90	662.00	667.90	6702	0	0
2007.08.16	667.80	667.90	641.85	648.90	9103	0	0
2007.08.17	648.85	664.05	645.50	657.50	7522	0	0
2007.08.19	657.05	657.05	653.65	653.85	302	0	0
2007.08.20	653.90	660.35	653.10	657.05	6146	0	0
2007.08.21	657.00	659.90	654.30	657.35	7053	0	0
2007.08.22	657.50	661.75	654.55	660.30	5612	0	0
2007.08.23	660.40	664.95	658.45	659.50	5640	0	0
2007.08.24	659.45	668.75	657.25	667.95	4933	0	0
2007.08.26	668.05	668.25	667.05	667.45	216	0	0
2007.08.27	667.40	668.40	665.40	666.10	3724	0	0
2007.08.28	666.20	668.30	661.65	662.35	5308	0	0
2007.08.29	662.40	668.85	661.10	666.40	4697	0	0
2007.08.30	666.50	668.05	663.55	665.60	5017	0	0
2007.08.31	664.60	674.50	664.30	672.30	3948	0	0
2007.09.03	672.50	673.20	671.20	672.00	885	0	0
2007.09.04	672.10	683.00	671.10	681.20	3958	0	0
2007.09.05	681.30	682.50	678.00	681.40	4087	0	0
2007.09.06	681.50	697.40	679.80	694.90	5929	0	0
2007.09.07	694.80	706.50	691.80	699.90	6170	0	0
2007.09.10	699.00	706.60	698.80	702.60	5037	0	0
2007.09.11	702.50	713.90	702.00	712.00	5306	0	0
2007.09.12	712.10	713.90	705.40	711.10	5407	0	0
2007.09.13	711.00	711.90	703.00	707.80	5174	0	0
2007.09.14	707.70	717.00	703.60	707.20	5807	0	0
2007.09.17	707.30	719.70	705.90	717.40	5193	0	0
2007.09.18	717.20	726.80	711.30	723.10	6434	0	0
2007.09.19	723.20	726.20	719.30	720.80	6543	0	0
2007.09.20	720.60	738.10	720.50	733.30	7126	0	0
2007.09.21	733.20	739.10	726.20	730.40	6693	0	0
2007.09.24	731.00	735.90	725.70	729.90	6062	0	0
2007.09.25	729.80	733.20	721.70	731.20	6681	0	0
2007.09.26	731.10	736.50	725.90	728.30	5543	0	0
2007.09.27	728.20	735.60	726.50	733.90	5471	0	0
2007.09.28	734.00	745.50	732.90	742.60	6903	0	0
2007.10.01	743.70	747.50	740.80	746.70	5491	0	0
2007.10.02	746.40	747.40	724.20	731.20	8444	0	0
2007.10.03	731.10	735.70	725.90	727.50	6454	0	0
2007.10.04	727.60	738.20	720.30	737.50	7291	0	0
2007.10.05	737.40	744.00	726.70	741.60	5426	0	0
2007.10.08	740.90	742.00	730.80	732.80	4374	0	0
2007.10.09	732.90	740.30	726.20	737.60	6040	0	0
2007.10.10	737.80	745.70	737.00	740.50	5662	0	0
2007.10.11	740.60	753.40	739.10	747.30	6957	0	0
2007.10.12	747.40	752.10	744.50	749.20	6735	0	0
2007.10.15	749.00	759.90	747.20	758.80	5971	0	0
2007.10.16	759.10	766.60	753.20	760.10	8774	0	0
2007.10.17	760.00	764.60	751.30	754.50	9859	0	0
2007.10.18	754.80	768.60	754.20	767.70	7899	0	0
2007.10.19	767.60	770.80	757.80	765.70	7881	0	0
2007.10.22	766.20	768.10	745.00	753.70	12021	0	0
2007.10.23	753.80	760.70	752.40	759.10	6475	0	0
2007.10.24	759.20	763.80	753.50	763.20	6720	0	0
2007.10.25	763.30	769.10	761.40	768.80	6071	0	0
2007.10.26	768.70	785.60	767.90	784.70	7376	0	0
2007.10.29	784.20	794.20	784.10	791.30	8622	0	0
2007.10.30	791.20	791.90	778.80	781.30	7454	0	0
2007.10.31	781.20	797.00	776.50	796.40	9464	0	0
2007.11.01	796.30	799.00	783.60	786.80	9465	0	0
2007.11.02	786.70	807.80	786.70	807.10	8653	0	0
2007.11.05	806.90	811.30	800.50	805.70	8045	0	0
2007.11.06	805.80	824.60	805.70	824.40	8860	0	0
2007.11.07	824.30	845.40	821.90	830.40	16208	0	0
2007.11.08	830.30	845.30	822.70	832.90	15184	0	0
2007.11.09	832.70	838.40	826.40	830.70	12696	0	0
2007.11.12	829.90	832.20	791.20	792.70	14915	0	0
2007.11.13	792.60	808.70	790.00	801.30	13717	0	0
2007.11.14	801.40	815.70	798.70	811.40	9389	0	0
2007.11.15	811.50	817.80	782.20	787.80	12939	0	0
2007.11.16	787.60	797.20	783.40	785.90	11485	0	0
2007.11.19	786.00	793.80	774.70	781.50	9400	0	0
2007.11.20	781.40	805.50	772.40	802.30	11098	0	0
2007.11.21	802.40	807.00	794.30	800.00	10665	0	0
2007.11.22	799.80	805.30	798.00	803.80	2883	0	0
2007.11.23	803.70	825.40	802.50	823.00	7566	0	0
2007.11.26	823.60	836.50	820.60	824.10	11859	0	0
2007.11.27	823.80	828.90	807.20	812.20	10845	0	0
2007.11.28	812.30	815.50	790.90	804.10	11562	0	0
2007.11.29	804.00	807.70	792.00	792.80	9845	0	0
2007.11.30	792.90	799.20	778.70	781.80	10405	0	0
2007.12.03	782.90	794.00	776.60	793.80	9150	0	0
2007.12.04	793.90	805.00	786.30	801.00	8477	0	0
2007.12.05	801.10	806.50	790.90	795.00	9718	0	0
2007.12.06	794.90	805.20	784.70	801.80	10321	0	0
2007.12.07	801.90	805.00	791.50	795.60	8466	0	0
2007.12.10	795.70	811.80	793.60	807.60	7293	0	0
2007.12.11	807.70	813.10	795.60	796.40	8767	0	0
2007.12.12	796.30	816.80	795.90	813.10	9471	0	0
2007.12.13	813.00	813.50	791.90	796.90	9682	0	0
2007.12.14	797.00	803.10	787.40	794.10	9843	0	0
2007.12.17	793.70	798.50	784.90	792.80	7865	0	0
2007.12.18	792.90	806.10	789.90	802.20	7822	0	0
2007.12.19	801.90	804.30	797.40	801.80	6678	0	0
2007.12.20	802.00	802.70	792.90	795.90	6746	0	0
2007.12.21	795.70	812.10	795.10	809.60	5974	0	0
2007.12.24	810.60	815.20	807.80	811.70	3675	0	0
2007.12.26	812.40	825.70	812.10	824.00	3158	0	0
2007.12.27	824.30	830.90	821.10	825.00	6432	0	0
2007.12.28	825.10	839.70	824.30	838.90	5313	0	0
2007.12.31	841.00	843.10	829.20	832.70	4894	0	0
2008.01.02	835.50	860.90	834.80	856.80	7172	0	0
2008.01.03	857.10	868.90	852.90	864.30	10999	0	0
2008.01.04	864.40	868.50	853.90	860.60	9510	0	0
2008.01.07	860.40	864.70	854.90	857.50	8446	0	0
2008.01.08	857.60	880.80	856.40	877.40	9427	0	0
2008.01.09	877.30	891.10	871.50	878.40	14536	0	0
2008.01.10	878.40	894.80	865.90	892.60	14635	0	0
2008.01.11	892.70	898.00	887.00	895.70	15393	0	0
2008.01.14	895.00	914.10	891.20	903.60	13891	0	0
2008.01.15	903.50	914.10	886.90	887.30	14592	0	0
2008.01.16	887.60	899.40	874.10	876.80	23533	0	0
2008.01.17	876.80	890.20	874.45	877.30	24999	0	0
2008.01.18	877.20	888.40	870.00	884.35	24973	0	0
2008.01.21	882.40	883.05	860.55	864.50	10827	0	0
2008.01.22	864.60	894.50	849.20	891.75	33441	0	0
2008.01.23	891.80	895.70	876.30	889.95	30874	0	0
2008.01.24	890.00	913.15	888.85	912.40	23680	0	0
2008.01.25	912.40	923.45	905.80	913.30	26161	0	0
2008.01.28	911.30	929.35	910.40	928.40	21224	0	0
2008.01.29	928.35	933.05	919.55	923.35	19780	0	0
2008.01.30	923.35	936.75	915.65	928.95	19530	0	0
2008.01.31	928.95	929.55	914.95	925.65	24196	0	0
2008.02.01	925.80	936.65	903.60	903.95	24835	0	0
2008.02.04	905.40	912.55	891.85	903.10	24502	0	0
2008.02.05	903.15	906.85	884.00	887.65	23630	0	0
2008.02.06	887.80	907.30	885.65	899.75	19518	0	0
2008.02.07	899.70	910.85	896.00	910.15	23933	0	0
2008.02.08	910.10	920.55	907.25	920.20	20250	0	0
2008.02.11	921.75	927.10	915.75	922.85	24675	0	0
2008.02.12	922.75	924.50	902.50	905.85	23511	0	0
2008.02.13	906.00	910.70	896.05	906.05	21372	0	0
2008.02.14	906.05	913.75	901.60	907.75	20078	0	0
2008.02.15	907.80	915.45	897.50	902.05	22159	0	0
2008.02.18	902.45	907.50	900.05	904.50	8450	0	0
2008.02.19	904.55	930.50	904.45	927.35	18817	0	0
2008.02.20	927.35	945.55	913.20	943.80	25922	0	0
2008.02.21	943.85	953.85	937.65	945.50	23225	0	0
2008.02.22	945.45	949.60	935.45	945.15	24683	0	0
2008.02.25	945.45	951.95	932.90	939.05	20662	0	0
2008.02.26	939.05	950.20	926.00	947.70	26034	0	0
2008.02.27	947.80	964.90	947.60	957.60	22735	0	0
2008.02.28	957.60	972.35	951.60	970.40	21968	0	0
2008.02.29	970.45	975.95	964.20	973.05	25230	0	0
2008.03.03	973.10	989.35	972.80	983.35	23015	0	0
2008.03.04	983.35	987.95	956.35	963.65	25988	0	0
2008.03.05	963.60	992.90	958.85	989.15	24891	0	0
2008.03.06	989.20	992.20	964.80	978.25	25631	0	0
2008.03.07	978.35	988.50	969.35	972.65	21585	0	0
2008.03.10	972.90	980.70	960.90	972.70	23655	0	0
2008.03.11	972.75	985.75	964.65	972.80	25180	0	0
2008.03.12	972.90	982.95	968.05	982.55	21674	0	0
2008.03.13	982.55	999.65	975.00	994.40	26383	0	0
2008.03.14	994.40	1007.05	990.00	999.30	21007	0	0
2008.03.17	1001.80	1032.35	993.60	1001.65	41578	0	0
2008.03.18	1002.00	1012.15	976.35	981.60	30018	0	0
2008.03.19	981.60	997.25	937.55	944.60	35881	0	0
2008.03.20	944.60	945.30	904.33	909.50	34517	0	0
2008.03.21	909.90	917.55	906.85	910.75	274	0	0
2008.03.24	914.85	927.10	906.10	915.05	29262	0	0
2008.03.25	915.10	938.80	910.00	938.35	26278	0	0
2008.03.26	938.35	954.45	927.80	953.70	22644	0	0
2008.03.27	953.80	954.65	940.15	947.15	23157	0	0
2008.03.28	947.10	950.75	922.90	930.10	21939	0	0
2008.03.31	930.80	940.65	912.25	915.65	23779	0	0
2008.04.01	915.70	920.70	872.20	882.05	28880	0	0
2008.04.02	882.05	906.35	880.75	903.95	28947	0	0
2008.04.03	904.00	908.80	887.75	902.55	25240	0	0
2008.04.04	902.75	914.60	899.00	913.35	19168	0	0
2008.04.07	912.30	929.30	910.50	919.45	15914	0	0
2008.04.08	919.35	925.55	907.55	914.30	16165	0	0
2008.04.09	914.25	935.45	902.90	933.65	15954	0	0
2008.04.10	933.50	939.60	921.85	928.35	18289	0	0
2008.04.11	928.50	932.00	917.20	924.95	14842	0	0
2008.04.14	918.90	931.88	914.15	923.95	19247	0	0
2008.04.15	923.95	936.30	922.50	927.50	19560	0	0
2008.04.16	927.50	949.00	924.20	944.25	19387	0	0
2008.04.17	944.30	952.60	937.15	938.30	18164	0	0
2008.04.18	938.25	946.50	904.55	917.90	19462	0	0
2008.04.21	916.85	928.55	910.90	916.40	19768	0	0
2008.04.22	916.45	925.35	911.45	915.45	19348	0	0
2008.04.23	915.45	922.75	896.65	903.75	21303	0	0
2008.04.24	903.75	906.80	883.00	885.70	20926	0	0
2008.04.25	885.75	896.30	877.60	884.15	19420	0	0
2008.04.28	888.95	895.70	886.35	892.85	16857	0	0
2008.04.29	892.80	893.35	868.45	870.00	15722	0	0
2008.04.30	869.95	878.70	862.35	877.15	18766	0	0
2008.05.01	877.05	881.60	847.05	852.00	26306	0	0
2008.05.02	851.95	859.15	844.95	856.75	18830	0	0
2008.05.05	858.25	874.25	858.15	873.75	12963	0	0
2008.05.06	873.80	882.70	870.40	875.85	14183	0	0
2008.05.07	875.80	881.10	863.25	868.20	18365	0	0
2008.05.08	868.30	885.50	865.25	881.35	19120	0	0
2008.05.09	881.30	889.50	870.20	885.25	17167	0	0
2008.05.12	883.30	889.65	877.70	882.15	21677	0	0
2008.05.13	882.15	885.35	861.05	866.55	23253	0	0
2008.05.14	866.45	870.95	859.80	863.90	18654	0	0
2008.05.15	863.95	887.55	862.05	881.60	20193	0	0
2008.05.16	881.60	904.90	879.80	902.90	17881	0	0
2008.05.19	903.50	913.60	900.55	904.85	17843	0	0
2008.05.20	904.85	923.50	900.70	918.90	16601	0	0
2008.05.21	918.85	932.55	916.25	932.30	17688	0	0
2008.05.22	932.25	935.15	916.70	921.25	21816	0	0
2008.05.23	921.20	929.05	914.90	924.75	22142	0	0
2008.05.26	926.55	928.90	925.60	928.40	1322	0	0
2008.05.27	928.40	930.65	903.85	905.75	21993	0	0
2008.05.28	905.70	909.65	888.65	900.40	25178	0	0
2008.05.29	900.40	903.00	873.05	877.30	27084	0	0
2008.05.30	877.30	888.90	869.85	886.55	25493	0	0
2008.06.02	887.60	897.25	880.90	890.85	25563	0	0
2008.06.03	890.90	896.60	875.05	879.85	23463	0	0
2008.06.04	879.90	886.55	875.65	878.85	25375	0	0
2008.06.05	878.80	879.90	864.65	876.85	24172	0	0
2008.06.06	876.80	901.45	869.15	901.05	26655	0	0
2008.06.09	902.55	909.10	890.20	892.30	29264	0	0
2008.06.10	892.25	894.65	863.75	866.25	28319	0	0
2008.06.11	866.30	882.70	866.00	879.80	25325	0	0
2008.06.12	879.80	881.85	857.05	867.85	26108	0	0
2008.06.13	867.85	874.20	859.35	869.15	24921	0	0
2008.06.16	869.10	894.45	866.35	881.85	22260	0	0
2008.06.17	881.75	888.35	873.95	882.20	26721	0	0
2008.06.18	882.15	895.20	879.90	893.75	26768	0	0
2008.06.19	893.50	908.35	886.40	897.95	28116	0	0
2008.06.20	897.80	907.60	895.80	901.35	23790	0	0
2008.06.23	901.55	907.25	875.45	883.00	22587	0	0
2008.06.24	883.00	893.80	881.50	889.05	21685	0	0
2008.06.25	889.00	890.60	873.30	885.90	24588	0	0
2008.06.26	885.90	918.00	875.00	916.75	24102	0	0
2008.06.27	916.70	930.60	906.50	926.70	26190	0	0
2008.06.30	928.95	935.10	918.35	925.05	24936	0	0
2008.07.01	925.00	945.75	921.80	939.40	26902	0	0
2008.07.02	939.45	945.50	931.50	944.70	29667	0	0
2008.07.03	944.70	946.40	926.90	934.00	27029	0	0
2008.07.04	934.00	936.20	928.90	932.90	7704	0	0
2008.07.07	931.95	932.45	914.70	925.40	26828	0	0
2008.07.08	925.40	933.25	912.25	919.30	29847	0	0
2008.07.09	919.30	928.70	915.75	928.25	25787	0	0
2008.07.10	928.25	947.55	921.05	946.45	25875	0	0
2008.07.11	944.55	967.35	941.45	963.95	27161	0	0
2008.07.14	965.40	975.05	953.45	971.95	25590	0	0
2008.07.15	971.90	988.15	968.20	976.95	30985	0	0
2008.07.16	976.95	981.00	957.60	959.65	30631	0	0
2008.07.17	959.65	978.80	952.25	957.10	31848	0	0
2008.07.18	957.15	964.45	949.55	954.65	27341	0	0
2008.07.21	956.60	968.20	954.95	965.25	22191	0	0
2008.07.22	965.30	975.95	943.40	945.85	27063	0	0
2008.07.23	945.85	948.90	917.55	920.30	31149	0	0
2008.07.24	920.35	931.00	915.90	927.45	28714	0	0
2008.07.25	927.55	934.95	917.00	929.60	28145	0	0
2008.07.28	928.50	932.70	922.35	930.10	23123	0	0
2008.07.29	930.15	933.05	912.70	918.45	22698	0	0
2008.07.30	918.40	919.30	893.50	905.55	21125	0	0
2008.07.31	905.50	925.30	899.95	913.55	26641	0	0
2008.08.01	913.65	916.90	901.45	908.70	25233	0	0
2008.08.04	909.80	915.35	893.55	894.25	25420	0	0
2008.08.05	894.20	895.20	872.40	873.80	28039	0	0
2008.08.06	873.80	886.25	872.55	879.70	24551	0	0
2008.08.07	879.75	884.85	867.60	872.50	24517	0	0
2008.08.08	872.50	873.65	850.50	857.05	28792	0	0
2008.08.11	855.50	865.75	817.95	823.15	29547	0	0
2008.08.12	823.15	826.65	801.70	811.65	34258	0	0
2008.08.13	811.70	829.60	804.95	826.40	35881	0	0
2008.08.14	826.40	836.65	804.35	806.30	33416	0	0
2008.08.15	806.15	807.00	772.60	786.95	34634	0	0
2008.08.18	790.80	803.90	789.00	799.55	31059	0	0
2008.08.19	799.50	816.55	782.10	813.60	34602	0	0
2008.08.20	813.65	818.10	799.75	813.00	32669	0	0
2008.08.21	813.15	839.05	799.90	836.40	32656	0	0
2008.08.22	836.40	837.65	820.90	822.35	29420	0	0
2008.08.25	822.85	825.80	815.85	821.60	27862	0	0
2008.08.26	821.55	830.40	806.70	824.60	29753	0	0
2008.08.27	824.55	834.95	820.85	826.60	28514	0	0
2008.08.28	826.50	843.85	822.60	833.50	27516	0	0
2008.08.29	833.40	838.50	827.20	830.05	23090	0	0
2008.09.01	833.55	836.10	814.80	817.15	12013	0	0
2008.09.02	817.00	819.60	790.30	804.85	33212	0	0
2008.09.03	804.80	808.40	788.95	800.95	32819	0	0
2008.09.04	800.90	814.65	793.55	795.95	28407	0	0
2008.09.05	795.95	818.90	790.05	801.40	19621	0	0
2008.09.08	808.15	817.90	796.45	801.85	33044	0	0
2008.09.09	801.85	804.70	775.60	776.65	35331	0	0
2008.09.10	776.60	783.35	751.15	751.95	35411	0	0
2008.09.11	752.00	758.00	735.95	746.25	37590	0	0
2008.09.12	746.30	766.40	743.70	766.25	31941	0	0
2008.09.15	749.85	787.25	749.85	785.95	37368	0	0
2008.09.16	785.90	789.60	771.80	779.25	38611	0	0
2008.09.17	779.10	868.00	770.70	862.90	42393	0	0
2008.09.18	863.00	919.40	829.25	852.30	57337	0	0
2008.09.19	852.65	876.50	775.50	872.20	48131	0	0
2008.09.22	867.40	908.35	864.25	896.55	37169	0	0
2008.09.23	896.45	909.05	879.35	891.15	39030	0	0
2008.09.24	891.15	901.40	874.75	882.30	36191	0	0
2008.09.25	882.25	897.10	862.88	876.95	34251	0	0
2008.09.26	877.00	911.70	865.50	878.80	33166	0	0
2008.09.29	875.25	925.10	866.50	907.75	47606	0	0
2008.09.30	907.75	914.25	855.35	871.05	41378	0	0
2008.10.01	870.90	892.85	864.30	870.28	39705	0	0
2008.10.02	870.35	888.25	829.15	835.70	39728	0	0
2008.10.03	835.25	847.30	817.95	836.90	37547	0	0
2008.10.06	831.95	875.70	824.37	858.85	37192	0	0
2008.10.07	858.70	891.15	855.65	886.80	38433	0	0
2008.10.08	886.85	920.75	877.55	906.35	49082	0	0
2008.10.09	906.40	924.15	880.25	911.70	33680	0	0
2008.10.10	911.75	930.95	824.30	841.85	44062	0	0
2008.10.13	765.25	871.55	765.25	831.40	43734	0	0
2008.10.14	831.60	853.65	828.65	835.95	39000	0	0
2008.10.15	835.95	854.65	830.90	846.25	37851	0	0
2008.10.16	846.05	849.15	783.85	803.80	37997	0	0
2008.10.17	803.45	814.65	771.80	783.95	33935	0	0
2008.10.20	759.70	809.80	759.70	796.60	35525	0	0
2008.10.21	796.55	802.95	765.20	771.30	36078	0	0
2008.10.22	771.30	776.55	719.75	729.65	42347	0	0
2008.10.23	728.95	735.05	697.60	720.60	41958	0	0
2008.10.24	720.65	749.15	681.05	732.85	45468	0	0
2008.10.27	679.55	746.65	679.55	730.00	45429	0	0
2008.10.28	730.05	755.00	723.55	745.95	43835	0	0
2008.10.29	745.95	774.15	735.50	754.05	41239	0	0
2008.10.30	754.15	777.10	732.85	738.40	40368	0	0
2008.10.31	738.45	741.45	717.00	723.85	31884	0	0
2008.11.03	724.20	738.80	722.00	723.45	32658	0	0
2008.11.04	723.50	767.85	721.70	762.00	35975	0	0
2008.11.05	762.05	769.00	736.10	739.95	40402	0	0
2008.11.06	739.80	759.95	728.00	732.00	38133	0	0
2008.11.07	732.00	744.70	725.00	736.35	29742	0	0
2008.11.10	736.50	768.10	736.50	745.95	34184	0	0
2008.11.11	745.95	750.40	726.30	730.95	30293	0	0
2008.11.12	730.95	738.85	709.25	711.30	35250	0	0
2008.11.13	711.25	739.30	699.00	735.85	39391	0	0
2008.11.14	735.85	753.95	724.80	744.75	32898	0	0
2008.11.17	738.65	749.25	730.60	737.40	31695	0	0
2008.11.18	737.50	745.90	731.40	737.90	33549	0	0
2008.11.19	737.90	762.65	731.40	734.70	31117	0	0
2008.11.20	734.75	752.60	732.45	745.20	36341	0	0
2008.11.21	745.25	802.15	742.45	800.20	35433	0	0
2008.11.24	801.70	829.45	786.20	821.30	37781	0	0
2008.11.25	821.25	830.70	802.80	820.10	37090	0	0
2008.11.26	820.05	822.80	808.25	812.45	29306	0	0
2008.11.27	812.45	817.35	809.50	815.25	9302	0	0
2008.11.28	815.30	820.45	809.00	817.25	18343	0	0
2008.12.01	818.25	818.65	767.70	768.50	33748	0	0
2008.12.02	768.25	786.50	761.25	782.15	39007	0	0
2008.12.03	781.50	782.70	763.80	773.75	33467	0	0
2008.12.04	773.70	787.65	762.10	766.40	34581	0	0
2008.12.05	766.45	772.60	741.00	757.15	31264	0	0
2008.12.08	755.10	782.00	755.10	772.50	32515	0	0
2008.12.09	772.50	780.05	762.10	776.30	35100	0	0
2008.12.10	776.30	813.00	773.95	810.00	36725	0	0
2008.12.11	809.90	834.45	801.85	820.65	38719	0	0
2008.12.12	820.60	828.55	807.30	820.45	41756	0	0
2008.12.15	823.70	842.55	820.90	837.70	34863	0	0
2008.12.16	837.60	859.30	829.75	857.15	34119	0	0
2008.12.17	857.10	881.65	845.90	867.20	39840	0	0
2008.12.18	867.40	878.10	848.05	852.10	35767	0	0
2008.12.19	852.10	853.40	829.50	838.45	34333	0	0
2008.12.22	836.55	851.45	836.05	846.95	30299	0	0
2008.12.23	846.95	848.55	829.15	839.70	26224	0	0
2008.12.24	839.65	848.40	834.10	847.20	18752	0	0
2008.12.26	847.15	872.55	843.20	869.05	9510	0	0
2008.12.29	879.20	890.05	873.05	879.95	35390	0	0
2008.12.30	879.75	883.80	863.00	872.90	29704	0	0
2008.12.31	872.85	884.10	856.10	880.20	22358	0	0
2009.01.02	870.80	879.85	867.05	875.90	23850	0	0
2009.01.05	883.20	884.20	843.80	859.25	36265	0	0
2009.01.06	859.00	869.90	838.50	863.20	36750	0	0
2009.01.07	863.15	866.70	835.85	842.70	36996	0	0
2009.01.08	842.65	864.15	835.30	856.40	39172	0	0
2009.01.09	856.45	868.00	844.40	852.15	35809	0	0
2009.01.12	855.85	856.40	815.00	820.40	39631	0	0
2009.01.13	820.35	830.35	813.70	821.30	34574	0	0
2009.01.14	821.25	828.80	806.50	811.00	21043	0	0
2009.01.15	810.95	821.05	801.30	817.75	35200	0	0
2009.01.16	817.70	843.00	815.50	840.35	31111	0	0
2009.01.19	842.40	845.65	831.25	835.25	19044	0	0
2009.01.20	835.25	865.85	823.30	856.55	39372	0	0
2009.01.21	856.50	864.05	843.00	853.45	35992	0	0
2009.01.22	853.50	862.60	843.05	856.35	34437	0	0
2009.01.23	856.25	902.90	852.25	899.15	41361	0	0
2009.01.26	897.15	915.65	888.20	902.45	39081	0	0
2009.01.27	902.40	907.15	892.00	898.35	32255	0	0
2009.01.28	898.40	903.10	882.25	886.85	38823	0	0
2009.01.29	886.90	909.45	873.95	908.10	32066	0	0
2009.01.30	908.10	929.20	901.25	927.40	35654	0	0
2009.02.02	922.80	925.45	900.85	904.60	35784	0	0
2009.02.03	904.50	912.40	888.80	899.95	35250	0	0
2009.02.04	899.85	908.90	895.20	905.60	31962	0	0
2009.02.05	905.60	924.10	893.65	914.20	33337	0	0
2009.02.06	914.25	919.80	903.45	910.40	28530	0	0
2009.02.09	910.15	911.35	890.45	894.40	28892	0	0
2009.02.10	894.00	917.75	889.10	914.70	34296	0	0
2009.02.11	914.70	947.15	902.80	938.30	34238	0	0
2009.02.12	938.30	952.10	934.80	946.15	34893	0	0
2009.02.13	945.95	946.95	932.20	941.30	29673	0	0
2009.02.16	940.95	944.05	935.75	941.30	14717	0	0
2009.02.17	941.25	974.00	939.65	969.60	35526	0	0
2009.02.18	969.70	987.05	960.60	982.90	36774	0	0
2009.02.19	982.80	986.25	968.00	974.00	38829	0	0
2009.02.20	973.95	1006.00	970.15	993.50	41908	0	0
2009.02.23	991.90	998.00	975.15	990.95	38934	0	0
2009.02.24	990.95	995.30	959.05	962.10	40171	0	0
2009.02.25	962.05	977.95	944.00	953.50	45328	0	0
2009.02.26	953.45	956.40	931.75	945.30	43943	0	0
2009.02.27	945.30	962.55	926.50	940.90	46555	0	0
2009.03.02	948.05	958.15	921.65	925.55	40752	0	0
2009.03.03	925.60	932.55	905.10	915.10	41833	0	0
2009.03.04	915.15	922.55	899.85	906.00	35947	0	0
2009.03.05	906.00	936.40	905.20	931.65	37198	0	0
2009.03.06	931.65	944.70	929.95	938.60	35490	0	0
2009.03.09	939.95	941.79	910.70	921.60	29109	0	0
2009.03.10	921.55	922.40	890.70	897.45	29769	0	0
2009.03.11	897.40	913.15	892.20	908.70	28175	0	0
2009.03.12	908.70	930.65	905.35	926.55	33831	0	0
2009.03.13	926.50	938.50	919.55	927.70	25589	0	0
2009.03.16	925.15	929.55	915.30	922.50	27335	0	0
2009.03.17	922.60	924.10	912.00	914.70	23473	0	0
2009.03.18	914.65	947.00	883.45	940.65	28573	0	0
2009.03.19	940.65	962.20	925.45	959.40	45756	0	0
2009.03.20	959.35	966.80	946.30	952.10	34247	0	0
2009.03.23	950.15	956.85	935.85	939.25	33276	0	0
2009.03.24	939.20	943.90	916.81	925.15	36215	0	0
2009.03.25	925.20	940.70	915.95	933.35	36400	0	0
2009.03.26	933.35	945.20	931.35	933.77	29048	0	0
2009.03.27	933.77	935.95	918.35	923.25	27777	0	0
2009.03.30	922.45	931.75	908.25	917.15	30044	0	0
2009.03.31	917.10	924.55	911.40	918.80	30448	0	0
2009.04.01	918.80	933.15	916.40	926.57	26460	0	0
2009.04.02	926.57	929.10	894.45	903.95	33829	0	0
2009.04.03	903.90	909.23	890.45	892.30	28178	0	0
2009.04.06	893.30	893.60	864.90	868.50	21885	0	0
2009.04.07	868.50	884.75	866.45	880.60	29814	0	0
2009.04.08	880.65	889.90	878.10	880.30	26334	0	0
2009.04.09	880.30	886.25	874.70	878.75	23706	0	0
2009.04.10	878.70	884.65	876.70	880.80	791	0	0
2009.04.13	882.60	899.50	882.50	893.45	15576	0	0
2009.04.14	893.45	898.25	885.90	890.25	23101	0	0
2009.04.15	890.20	899.25	885.30	890.60	25688	0	0
2009.04.16	890.65	893.60	871.80	875.20	27605	0	0
2009.04.17	875.25	876.70	864.70	866.70	21783	0	0
2009.04.20	868.75	888.10	864.50	883.95	24956	0	0
2009.04.21	883.40	894.90	878.45	883.30	27105	0	0
2009.04.22	883.35	893.25	881.70	889.15	22584	0	0
2009.04.23	889.10	908.75	889.10	904.10	25188	0	0
2009.04.24	904.10	913.65	902.55	912.05	23817	0	0
2009.04.27	912.20	918.20	904.85	906.25	24107	0	0
2009.04.28	906.25	906.60	884.05	893.00	26948	0	0
2009.04.29	893.05	902.75	887.55	897.50	22253	0	0
2009.04.30	897.50	899.80	880.60	887.90	23195	0	0
2009.05.01	887.95	889.60	880.10	885.05	20437	0	0
2009.05.04	885.65	906.95	878.85	901.90	18783	0	0
2009.05.05	901.90	915.55	894.36	896.80	25338	0	0
2009.05.06	896.75	912.30	894.90	910.85	25036	0	0
2009.05.07	910.85	925.30	908.55	910.35	26884	0	0
2009.05.08	910.30	919.50	905.30	915.10	23498	0	0
2009.05.11	916.15	917.55	908.30	912.85	19703	0	0
2009.05.12	912.85	923.91	911.35	922.85	24039	0	0
2009.05.13	923.25	930.45	917.25	925.80	26049	0	0
2009.05.14	925.80	928.60	919.95	926.00	21461	0	0
2009.05.15	926.00	933.80	922.15	931.05	19842	0	0
2009.05.18	930.75	933.55	914.95	917.80	24129	0	0
2009.05.19	917.85	929.25	916.35	924.55	23102	0	0
2009.05.20	924.55	940.30	923.75	938.15	21609	0	0
2009.05.21	938.15	956.10	935.75	953.30	24885	0	0
2009.05.22	953.35	961.25	949.80	957.40	19880	0	0
2009.05.25	953.85	959.70	952.55	958.40	8399	0	0
2009.05.26	957.25	957.25	939.80	951.35	21548	0	0
2009.05.27	951.35	959.25	946.45	949.30	23005	0	0
2009.05.28	949.30	965.00	943.65	959.00	22068	0	0
2009.05.29	958.95	980.05	956.20	978.60	24319	0	0
2009.06.01	977.95	988.55	966.85	974.60	24806	0	0
2009.06.02	974.65	986.50	969.25	981.35	20742	0	0
2009.06.03	981.35	990.05	960.55	962.90	29389	0	0
2009.06.04	962.95	981.70	960.65	979.85	25956	0	0
2009.06.05	979.80	983.60	952.55	953.80	28162	0	0
2009.06.08	955.40	959.45	943.20	951.50	19557	0	0
2009.06.09	951.55	962.20	941.70	954.50	25093	0	0
2009.06.10	954.48	965.30	946.75	954.00	24605	0	0
2009.06.11	954.00	961.85	942.45	954.45	24352	0	0
2009.06.12	954.60	957.95	935.75	938.75	20580	0	0
2009.06.15	938.45	938.90	925.88	927.90	24234	0	0
2009.06.16	927.85	939.40	927.50	934.40	23056	0	0
2009.06.17	934.40	940.05	927.65	938.10	23304	0	0
2009.06.18	938.10	941.55	929.96	932.95	20145	0	0
2009.06.19	932.95	938.90	930.80	935.50	17071	0	0
2009.06.22	933.60	934.60	918.05	921.80	24467	0	0
2009.06.23	921.85	926.79	912.80	925.40	22470	0	0
2009.06.24	925.40	942.40	922.20	931.25	21769	0	0
2009.06.25	931.30	939.98	929.85	939.10	20125	0	0
2009.06.26	939.10	948.30	936.33	939.85	19618	0	0
2009.06.29	937.30	942.55	934.25	937.45	18853	0	0
2009.06.30	937.50	944.80	923.00	926.10	19900	0	0
2009.07.01	926.15	946.30	917.45	940.35	19554	0	0
2009.07.02	940.35	941.20	926.30	929.40	16475	0	0
2009.07.03	929.35	934.15	926.30	932.15	8546	0	0
2009.07.06	932.10	932.10	920.43	924.70	15983	0	0
2009.07.07	924.75	931.90	921.13	924.20	17951	0	0
2009.07.08	924.25	925.45	904.90	909.20	21001	0	0
2009.07.09	909.25	918.40	906.25	911.80	18786	0	0
2009.07.10	911.75	915.15	906.75	912.45	18405	0	0
2009.07.13	912.35	923.15	907.70	919.85	18028	0	0
2009.07.14	919.90	927.40	917.60	925.25	15301	0	0
2009.07.15	925.15	942.00	924.25	938.65	17978	0	0
2009.07.16	938.75	940.05	932.50	936.95	15757	0	0
2009.07.17	937.26	939.75	931.65	935.70	14339	0	0
2009.07.20	934.35	954.95	934.35	948.45	17257	0	0
2009.07.21	948.50	953.60	944.25	948.20	17214	0	0
2009.07.22	948.25	954.55	944.60	950.85	16519	0	0
2009.07.23	950.90	957.20	947.30	948.80	19599	0	0
2009.07.24	948.70	954.00	946.25	951.45	15168	0	0
2009.07.27	950.60	958.70	947.40	953.45	18592	0	0
2009.07.28	953.40	956.50	934.10	937.10	18442	0	0
2009.07.29	937.05	940.70	925.45	929.55	19864	0	0
2009.07.30	929.55	936.90	928.45	934.05	13608	0	0
2009.07.31	934.00	956.65	932.20	951.00	17717	0	0
2009.08.03	953.75	962.05	951.40	956.50	23599	0	0
2009.08.04	956.40	970.00	950.78	966.45	20237	0	0
2009.08.05	966.50	967.85	958.83	963.05	22554	0	0
2009.08.06	963.10	971.55	955.90	963.00	24013	0	0
2009.08.07	962.95	964.90	953.05	954.95	22727	0	0
2009.08.10	954.25	956.60	942.25	945.95	19498	0	0
2009.08.11	946.00	949.60	941.75	945.75	16921	0	0
2009.08.12	945.75	952.00	939.85	946.65	17628	0	0
2009.08.13	946.70	960.60	941.45	954.60	17220	0	0
2009.08.14	954.55	959.05	942.10	947.50	18288	0	0
2009.08.17	946.60	947.70	930.15	934.25	22741	0	0
2009.08.18	934.25	939.75	933.80	938.10	15982	0	0
2009.08.19	938.15	945.03	931.80	941.70	18818	0	0
2009.08.20	941.60	945.55	937.10	940.45	17268	0	0
2009.08.21	940.40	957.85	937.70	953.47	19034	0	0
2009.08.24	952.45	956.80	934.45	941.45	18586	0	0
2009.08.25	941.50	954.25	941.35	944.35	22180	0	0
2009.08.26	944.35	949.90	939.90	945.15	16077	0	0
2009.08.27	945.20	950.40	941.50	947.65	16014	0	0
2009.08.28	947.70	961.70	947.60	955.80	16888	0	0
2009.08.31	955.60	960.40	944.00	950.95	17644	0	0
2009.09.01	950.85	956.85	946.30	955.90	21123	0	0
2009.09.02	955.85	980.25	951.00	978.15	21081	0	0
2009.09.03	978.20	997.29	974.25	991.65	22164	0	0
2009.09.04	991.65	996.30	985.35	993.65	20892	0	0
2009.09.07	992.45	996.50	990.20	994.50	9205	0	0
2009.09.08	994.40	1007.50	992.50	994.90	18647	0	0
2009.09.09	995.00	1003.00	987.20	992.00	17375	0	0
2009.09.10	991.90	998.30	982.70	995.90	13449	0	0
2009.09.11	995.90	1011.60	994.40	1006.00	14171	0	0
2009.09.14	1005.00	1008.75	993.29	999.74	19159	0	0
2009.09.15	999.70	1009.44	992.05	1007.16	23479	0	0
2009.09.16	1007.15	1020.55	1005.97	1016.90	22899	0	0
2009.09.17	1016.85	1023.90	1010.08	1013.21	23137	0	0
2009.09.18	1013.16	1017.63	1005.85	1006.15	19162	0	0
2009.09.21	1006.75	1006.75	995.55	1003.21	19213	0	0
2009.09.22	1003.26	1019.55	1002.25	1014.05	18494	0	0
2009.09.23	1014.10	1018.30	1005.85	1008.15	25534	0	0
2009.09.24	1008.20	1018.90	990.50	993.72	20421	0	0
2009.09.25	993.72	998.95	985.05	988.95	20681	0	0
2009.09.28	990.85	996.60	985.85	990.67	18229	0	0
2009.09.29	990.62	995.68	984.90	992.05	18708	0	0
2009.09.30	992.02	1009.05	991.40	1007.37	22013	0	0
2009.10.01	1007.37	1009.55	997.60	998.85	20127	0	0
2009.10.02	998.90	1007.35	986.40	1001.60	22748	0	0
2009.10.05	1001.60	1017.45	999.80	1016.97	20279	0	0
2009.10.06	1016.92	1043.45	1014.95	1041.67	19800	0	0
2009.10.07	1041.72	1048.25	1036.30	1043.82	21998	0	0
2009.10.08	1043.82	1061.28	1042.75	1054.65	23562	0	0
2009.10.09	1054.60	1054.90	1043.45	1047.65	20092	0	0
2009.10.12	1048.40	1058.90	1046.95	1056.70	13912	0	0
2009.10.13	1056.65	1068.40	1050.95	1063.90	17508	0	0
2009.10.14	1063.95	1070.45	1055.80	1062.05	22110	0	0
2009.10.15	1062.05	1065.55	1046.25	1049.92	21875	0	0
2009.10.16	1049.97	1056.65	1042.80	1052.15	20609	0	0
2009.10.19	1052.05	1064.60	1047.75	1063.85	19366	0	0
2009.10.20	1063.95	1067.90	1051.85	1054.90	19204	0	0
2009.10.21	1054.95	1064.65	1047.55	1058.70	21041	0	0
2009.10.22	1058.70	1061.45	1051.45	1059.77	21403	0	0
2009.10.23	1059.77	1067.43	1049.95	1054.90	18313	0	0
2009.10.26	1054.40	1059.70	1037.50	1038.45	23166	0	0
2009.10.27	1038.50	1043.55	1032.35	1039.65	20131	0	0
2009.10.28	1039.60	1041.60	1026.45	1027.77	23299	0	0
2009.10.29	1027.80	1047.60	1026.37	1046.80	19389	0	0
2009.10.30	1046.85	1048.90	1035.05	1045.20	20872	0	0
2009.11.02	1041.80	1062.55	1040.75	1059.25	20885	0	0
2009.11.03	1059.50	1087.60	1055.15	1084.05	24032	0	0
2009.11.04	1084.05	1097.60	1079.80	1091.85	22840	0	0
2009.11.05	1091.85	1094.00	1083.65	1089.95	20613	0	0
2009.11.06	1089.80	1100.90	1086.35	1095.20	18539	0	0
2009.11.09	1098.25	1110.93	1095.35	1103.75	21480	0	0
2009.11.10	1103.70	1109.10	1096.85	1105.45	19789	0	0
2009.11.11	1105.50	1118.40	1104.95	1117.07	18801	0	0
2009.11.12	1116.97	1122.90	1102.40	1103.37	20022	0	0
2009.11.13	1103.52	1119.00	1100.90	1118.70	21370	0	0
2009.11.16	1118.00	1143.30	1118.00	1138.85	25773	0	0
2009.11.17	1139.10	1141.60	1127.80	1141.40	24148	0	0
2009.11.18	1141.38	1152.85	1135.80	1145.15	24543	0	0
2009.11.19	1145.20	1145.95	1129.98	1144.22	25216	0	0
2009.11.20	1144.22	1151.00	1132.55	1150.65	20238	0	0
2009.11.23	1150.40	1173.55	1150.40	1165.72	21154	0	0
2009.11.24	1165.67	1171.15	1157.62	1169.02	25506	0	0
2009.11.25	1169.02	1191.55	1166.65	1191.40	21596	0	0
2009.11.26	1191.40	1194.95	1180.10	1191.65	17798	0	0
2009.11.27	1191.60	1191.60	1137.15	1176.35	33317	0	0
2009.11.30	1176.70	1181.70	1163.85	1179.25	32760	0	0
2009.12.01	1179.30	1201.35	1175.10	1196.25	25057	0	0
2009.12.02	1196.30	1216.90	1194.90	1215.32	32662	0	0
2009.12.03	1215.37	1226.15	1204.15	1207.27	34235	0	0
2009.12.04	1207.20	1212.50	1147.25	1160.15	40375	0	0
2009.12.07	1160.85	1164.95	1134.95	1157.81	43055	0	0
2009.12.08	1157.85	1168.70	1124.35	1128.01	39157	0	0
2009.12.09	1128.01	1146.85	1116.05	1128.25	38209	0	0
2009.12.10	1128.25	1136.50	1120.85	1130.96	34838	0	0
2009.12.11	1130.95	1142.05	1109.25	1115.10	34484	0	0
2009.12.14	1114.55	1127.55	1110.50	1126.05	28676	0	0
2009.12.15	1126.05	1128.70	1111.10	1124.75	27048	0	0
2009.12.16	1124.75	1141.05	1121.15	1137.55	30975	0	0
2009.12.17	1137.60	1141.55	1094.65	1098.40	39318	0	0
2009.12.18	1098.35	1116.80	1096.25	1111.50	32179	0	0
2009.12.21	1111.15	1119.10	1089.90	1092.95	33458	0	0
2009.12.22	1093.00	1097.25	1074.40	1083.55	32490	0	0
2009.12.23	1083.55	1095.60	1079.20	1087.20	29429	0	0
2009.12.24	1087.00	1105.75	1086.95	1104.50	20629	0	0
2009.12.28	1104.90	1113.65	1101.30	1106.85	24464	0	0
2009.12.29	1106.85	1108.10	1096.40	1096.50	26730	0	0
2009.12.30	1096.75	1097.90	1085.59	1092.50	28998	0	0
2009.12.31	1092.59	1106.65	1092.20	1096.55	19404	0	0
2010.01.04	1096.70	1123.65	1093.05	1121.00	25942	0	0
2010.01.05	1121.00	1128.50	1115.05	1117.70	23673	0	0
2010.01.06	1117.65	1140.30	1117.10	1137.70	30602	0	0
2010.01.07	1137.75	1138.85	1128.30	1131.45	25453	0	0
2010.01.08	1131.50	1139.30	1119.30	1136.00	30912	0	0
2010.01.11	1137.45	1161.85	1137.45	1151.50	32102	0	0
2010.01.12	1151.50	1158.00	1124.80	1127.70	29627	0	0
2010.01.13	1127.80	1138.60	1118.20	1137.75	27395	0	0
2010.01.14	1137.80	1145.90	1130.60	1142.30	31335	0	0
2010.01.15	1142.30	1145.65	1126.60	1131.15	29120	0	0
2010.01.18	1127.15	1137.10	1127.10	1133.65	13665	0	0
2010.01.19	1133.60	1140.50	1128.65	1137.90	26378	0	0
2010.01.20	1137.95	1141.35	1106.95	1111.05	33508	0	0
2010.01.21	1111.10	1117.45	1088.35	1093.75	36118	0	0
2010.01.22	1093.65	1098.55	1082.00	1093.30	35413	0	0
2010.01.25	1092.15	1103.95	1092.15	1098.10	30569	0	0
2010.01.26	1098.05	1103.30	1085.35	1097.20	31172	0	0
2010.01.27	1097.20	1102.25	1083.10	1087.60	36172	0	0
2010.01.28	1087.63	1096.00	1073.80	1086.70	31060	0	0
2010.01.29	1086.75	1090.45	1074.40	1081.30	30024	0	0
2010.02.01	1082.40	1107.55	1076.50	1104.95	24535	0	0
2010.02.02	1104.95	1118.50	1098.75	1114.15	30165	0	0
2010.02.03	1114.20	1124.90	1106.95	1109.45	38951	0	0
2010.02.04	1109.50	1111.00	1059.35	1062.80	30993	0	0
2010.02.05	1062.80	1068.45	1044.05	1067.05	40220	0	0
2010.02.08	1065.80	1073.65	1061.45	1062.50	29595	0	0
2010.02.09	1062.65	1083.00	1061.90	1077.75	34105	0	0
2010.02.10	1077.80	1082.20	1063.05	1071.75	34172	0	0
2010.02.11	1071.80	1097.80	1071.60	1095.15	33038	0	0
2010.02.12	1095.10	1095.75	1077.55	1092.05	32476	0	0
2010.02.15	1092.75	1102.20	1091.50	1100.50	15597	0	0
2010.02.16	1098.95	1121.00	1097.85	1118.85	25678	0	0
2010.02.17	1118.85	1127.30	1105.00	1106.50	32064	0	0
2010.02.18	1106.45	1123.95	1097.65	1108.25	41268	0	0
2010.02.19	1108.20	1126.70	1099.10	1117.60	36477	0	0
2010.02.22	1125.10	1130.85	1109.85	1114.05	29465	0	0
2010.02.23	1114.08	1121.05	1099.20	1103.15	35946	0	0
2010.02.24	1103.20	1108.05	1089.85	1097.40	32668	0	0
2010.02.25	1097.35	1109.10	1088.10	1106.15	38975	0	0
2010.02.26	1106.15	1118.80	1104.10	1116.60	36534	0	0
2010.03.01	1117.25	1123.35	1111.75	1118.60	35183	0	0
2010.03.02	1118.60	1137.50	1114.80	1134.40	33938	0	0
2010.03.03	1134.40	1144.85	1132.05	1139.60	29680	0	0
2010.03.04	1139.60	1141.45	1125.55	1131.90	30835	0	0
2010.03.05	1131.95	1140.45	1127.20	1131.45	28825	0	0
2010.03.08	1136.40	1137.50	1118.35	1123.30	28505	0	0
2010.03.09	1123.35	1124.35	1108.35	1121.55	29974	0	0
2010.03.10	1121.55	1127.85	1103.10	1108.10	29713	0	0
2010.03.11	1108.15	1111.53	1100.40	1109.20	28055	0	0
2010.03.12	1109.15	1119.10	1098.20	1102.25	27158	0	0
2010.03.15	1100.60	1108.70	1100.60	1108.10	24059	0	0
2010.03.16	1108.15	1128.60	1108.00	1127.42	26869	0	0
2010.03.17	1127.42	1133.20	1118.25	1120.10	27479	0	0
2010.03.18	1120.15	1129.25	1117.95	1127.05	25432	0	0
2010.03.19	1127.10	1127.10	1101.20	1105.65	25157	0	0
2010.03.22	1106.75	1108.55	1092.20	1101.85	25788	0	0
2010.03.23	1102.55	1107.85	1094.30	1104.85	24102	0	0
2010.03.24	1104.85	1105.20	1084.95	1086.40	29635	0	0
2010.03.25	1086.40	1095.60	1085.45	1090.15	28148	0	0
2010.03.26	1090.15	1109.55	1088.55	1108.60	22420	0	0
2010.03.29	1110.10	1114.55	1103.35	1109.45	19604	0	0
2010.03.30	1109.45	1113.20	1101.45	1103.35	19409	0	0
2010.03.31	1103.40	1117.95	1102.25	1112.85	21908	0	0
2010.04.01	1112.95	1127.90	1111.30	1126.50	22925	0	0
2010.04.02	1126.50	1126.75	1114.60	1125.00	3072	0	0
2010.04.05	1119.85	1133.25	1119.85	1131.60	17177	0	0
2010.04.06	1131.55	1138.50	1122.60	1133.95	24056	0	0
2010.04.07	1133.90	1153.10	1132.30	1149.05	24047	0	0
2010.04.08	1149.10	1153.60	1143.50	1150.25	24247	0	0
2010.04.09	1150.25	1164.65	1149.30	1160.35	22797	0	0
2010.04.12	1160.15	1169.40	1154.05	1156.05	27429	0	0
2010.04.13	1156.05	1157.05	1144.80	1150.35	24974	0	0
2010.04.14	1150.40	1161.90	1150.15	1155.05	25522	0	0
2010.04.15	1155.00	1161.35	1149.80	1158.95	20867	0	0
2010.04.16	1158.90	1160.20	1129.85	1136.25	30560	0	0
2010.04.19	1135.40	1137.90	1123.75	1135.50	24084	0	0
2010.04.20	1135.98	1145.93	1133.43	1140.53	22516	0	0
2010.04.21	1140.55	1150.50	1137.63	1146.45	27139	0	0
2010.04.22	1146.48	1149.28	1131.58	1141.38	27696	0	0
2010.04.23	1140.95	1156.98	1134.84	1155.90	26812	0	0
2010.04.26	1157.80	1159.86	1150.65	1153.53	22119	0	0
2010.04.27	1153.48	1172.60	1145.98	1167.76	31419	0	0
2010.04.28	1167.71	1174.38	1160.45	1165.55	28740	0	0
2010.04.29	1165.58	1171.13	1161.90	1166.68	25095	0	0
2010.04.30	1166.73	1181.63	1166.48	1178.25	24069	0	0
2010.05.03	1176.85	1187.63	1176.00	1182.13	22302	0	0
2010.05.04	1182.22	1192.13	1166.60	1170.98	33397	0	0
2010.05.05	1171.03	1176.58	1156.35	1174.95	32838	0	0
2010.05.06	1174.93	1211.53	1172.43	1208.18	37714	0	0
2010.05.07	1207.98	1213.77	1192.60	1207.78	39276	0	0
2010.05.10	1195.85	1205.65	1183.88	1202.65	32136	0	0
2010.05.11	1202.80	1234.30	1200.94	1232.48	35690	0	0
2010.05.12	1232.43	1248.43	1226.66	1238.65	43841	0	0
2010.05.13	1238.67	1242.95	1227.15	1232.53	29815	0	0
2010.05.14	1232.55	1249.28	1217.60	1230.03	37051	0	0
2010.05.17	1230.65	1242.28	1219.08	1222.28	44801	0	0
2010.05.18	1222.33	1229.13	1206.68	1224.85	37670	0	0
2010.05.19	1224.86	1227.65	1186.60	1193.51	40395	0	0
2010.05.20	1193.55	1197.95	1174.98	1182.15	35127	0	0
2010.05.21	1182.26	1187.63	1166.05	1177.06	40789	0	0
2010.05.24	1181.50	1196.75	1179.30	1191.45	32686	0	0
2010.05.25	1191.48	1204.10	1185.20	1204.00	30060	0	0
2010.05.26	1204.05	1216.50	1200.70	1211.50	19805	0	0
2010.05.27	1211.55	1218.28	1205.70	1212.40	18956	0	0
2010.05.28	1212.05	1215.30	1202.00	1214.45	23287	0	0
2010.05.31	1213.95	1217.90	1209.70	1216.00	10540	0	0
2010.06.01	1216.05	1228.75	1214.43	1225.43	26502	0	0
2010.06.02	1225.44	1226.93	1213.51	1223.25	21154	0	0
2010.06.03	1223.40	1224.60	1200.73	1206.45	24583	0	0
2010.06.04	1206.47	1219.68	1196.75	1217.45	32701	0	0
2010.06.07	1218.65	1244.53	1210.45	1240.03	34183	0	0
2010.06.08	1240.08	1251.84	1233.30	1236.35	31594	0	0
2010.06.09	1236.38	1240.80	1221.43	1233.25	32761	0	0
2010.06.10	1233.20	1233.95	1214.63	1216.30	29430	0	0
2010.06.11	1216.33	1230.45	1216.08	1226.60	20539	0	0
2010.06.14	1230.40	1233.97	1216.20	1221.00	26200	0	0
2010.06.15	1221.05	1236.65	1219.70	1233.95	31323	0	0
2010.06.16	1233.90	1237.78	1226.85	1228.98	23781	0	0
2010.06.17	1229.00	1251.03	1228.90	1244.83	27358	0	0
2010.06.18	1244.75	1262.18	1241.58	1255.63	23188	0	0
2010.06.21	1259.05	1265.05	1230.60	1233.53	33815	0	0
2010.06.22	1233.55	1242.63	1231.55	1239.85	27618	0	0
2010.06.23	1239.80	1246.25	1224.60	1237.15	27301	0	0
2010.06.24	1237.20	1248.33	1227.63	1243.23	27030	0	0
2010.06.25	1243.20	1258.20	1240.95	1254.48	26998	0	0
2010.06.28	1253.95	1262.54	1235.55	1238.75	28234	0	0
2010.06.29	1238.80	1244.98	1227.15	1240.40	30446	0	0
2010.06.30	1240.38	1247.49	1234.55	1242.08	27226	0	0
2010.07.01	1242.13	1243.74	1196.38	1198.78	35966	0	0
2010.07.02	1198.80	1213.23	1198.25	1211.15	28985	0	0
2010.07.05	1211.60	1214.35	1205.81	1208.65	14062	0	0
2010.07.06	1208.45	1213.54	1189.15	1192.50	29600	0	0
2010.07.07	1192.48	1203.85	1184.79	1202.35	25388	0	0
2010.07.08	1202.40	1207.80	1187.30	1197.85	23891	0	0
2010.07.09	1197.90	1213.60	1194.33	1209.60	22210	0	0
2010.07.12	1211.45	1212.55	1196.20	1196.60	25734	0	0
2010.07.13	1196.68	1217.78	1196.00	1212.14	24196	0	0
2010.07.14	1212.16	1217.88	1202.50	1208.08	20953	0	0
2010.07.15	1208.13	1217.15	1203.63	1208.05	27718	0	0
2010.07.16	1208.03	1210.70	1185.98	1192.65	28551	0	0
2010.07.19	1193.60	1194.90	1177.38	1182.70	27486	0	0
2010.07.20	1182.68	1193.65	1175.55	1191.88	24932	0	0
2010.07.21	1191.85	1197.90	1183.28	1184.70	23488	0	0
2010.07.22	1184.65	1201.08	1181.03	1194.73	22787	0	0
2010.07.23	1194.78	1203.85	1183.99	1187.18	23395	0	0
2010.07.26	1187.60	1194.53	1179.70	1183.38	25613	0	0
2010.07.27	1183.33	1186.95	1158.00	1161.50	24014	0	0
2010.07.28	1161.40	1165.93	1156.85	1163.35	18639	0	0
2010.07.29	1163.28	1169.40	1159.33	1168.08	22411	0	0
2010.07.30	1168.05	1183.50	1165.73	1180.70	23028	0	0
2010.08.02	1180.25	1190.30	1174.38	1182.62	22884	0	0
2010.08.03	1182.67	1190.54	1179.32	1185.94	23989	0	0
2010.08.04	1185.92	1202.84	1185.62	1194.78	21528	0	0
2010.08.05	1194.81	1199.69	1189.80	1194.75	17917	0	0
2010.08.06	1194.72	1210.82	1192.30	1205.16	21127	0	0
2010.08.09	1204.10	1209.72	1198.90	1201.15	19994	0	0
2010.08.10	1201.12	1207.37	1190.57	1204.04	26775	0	0
2010.08.11	1204.07	1207.87	1192.30	1197.85	24810	0	0
2010.08.12	1197.87	1215.23	1197.25	1213.64	20055	0	0
2010.08.13	1213.55	1217.45	1210.55	1214.72	17753	0	0
2010.08.16	1214.70	1227.30	1213.85	1224.96	19466	0	0
2010.08.17	1225.02	1228.94	1222.40	1224.64	18563	0	0
2010.08.18	1224.61	1232.37	1217.35	1229.20	17385	0	0
2010.08.19	1229.23	1237.30	1227.70	1231.96	22131	0	0
2010.08.20	1231.94	1233.12	1221.95	1227.30	19268	0	0
2010.08.23	1226.70	1231.86	1221.74	1225.90	20302	0	0
2010.08.24	1225.80	1235.40	1210.12	1230.40	23834	0	0
2010.08.25	1230.35	1241.30	1228.95	1239.85	21418	0	0
2010.08.26	1239.75	1244.05	1233.95	1237.35	18364	0	0
2010.08.27	1237.45	1242.15	1231.84	1237.92	23036	0	0
2010.08.30	1236.70	1238.25	1233.23	1236.68	15956	0	0
2010.08.31	1236.70	1249.75	1231.70	1247.20	25348	0	0
2010.09.01	1247.23	1254.58	1242.25	1244.03	19758	0	0
2010.09.02	1244.08	1253.10	1243.35	1250.70	12579	0	0
2010.09.03	1250.65	1253.65	1237.70	1246.50	12506	0	0
2010.09.06	1247.35	1251.05	1246.65	1249.75	4461	0	0
2010.09.07	1249.95	1259.55	1244.55	1255.30	11841	0	0
2010.09.08	1255.35	1262.25	1253.18	1254.65	14269	0	0
2010.09.09	1254.70	1258.65	1242.03	1243.48	15079	0	0
2010.09.10	1243.55	1251.00	1236.43	1245.53	12613	0	0
2010.09.13	1247.05	1249.05	1240.85	1245.38	13156	0	0
2010.09.14	1245.45	1274.75	1244.68	1267.98	21677	0	0
2010.09.15	1268.03	1271.80	1263.10	1267.90	22846	0	0
2010.09.16	1267.88	1277.71	1264.68	1275.00	22078	0	0
2010.09.17	1275.03	1282.75	1271.87	1274.60	23022	0	0
2010.09.20	1274.63	1283.58	1274.13	1278.18	22220	0	0
2010.09.21	1278.23	1290.50	1270.63	1286.90	24899	0	0
2010.09.22	1286.85	1296.07	1286.20	1291.14	31134	0	0
2010.09.23	1291.17	1295.89	1286.82	1292.22	23209	0	0
2010.09.24	1292.17	1299.72	1291.43	1296.11	24545	0	0
2010.09.27	1296.58	1299.90	1293.93	1294.18	16371	0	0
2010.09.28	1294.13	1309.99	1282.91	1308.89	29348	0	0
2010.09.29	1308.97	1313.40	1305.45	1309.64	26925	0	0
2010.09.30	1309.67	1315.80	1295.93	1308.15	25984	0	0
2010.10.01	1308.12	1320.49	1305.93	1319.15	25702	0	0
2010.10.04	1318.48	1320.03	1312.23	1315.03	16762	0	0
2010.10.05	1315.08	1341.58	1312.33	1340.48	18281	0	0
2010.10.06	1340.58	1349.63	1338.88	1348.75	21294	0	0
2010.10.07	1348.76	1364.78	1325.67	1333.37	34781	0	0
2010.10.08	1333.34	1349.60	1324.84	1346.83	30703	0	0
2010.10.11	1348.23	1355.43	1340.18	1353.81	29710	0	0
2010.10.12	1353.80	1355.20	1340.56	1350.16	31202	0	0
2010.10.13	1350.19	1374.24	1349.63	1371.90	28980	0	0
2010.10.14	1371.85	1387.10	1370.50	1380.91	32945	0	0
2010.10.15	1380.94	1385.43	1362.21	1368.37	32508	0	0
2010.10.18	1369.13	1374.84	1352.69	1368.24	36852	0	0
2010.10.19	1368.26	1370.98	1328.14	1331.80	35127	0	0
2010.10.20	1331.75	1347.00	1330.48	1345.99	32094	0	0
2010.10.21	1345.94	1349.06	1317.81	1325.46	43014	0	0
2010.10.22	1325.50	1328.45	1315.07	1327.65	32107	0	0
2010.10.25	1327.23	1349.05	1327.23	1339.69	34334	0	0
2010.10.26	1339.72	1343.50	1327.94	1340.25	28513	0	0
2010.10.27	1340.30	1343.48	1318.98	1325.15	35621	0	0
2010.10.28	1325.13	1345.80	1322.84	1343.85	30522	0	0
2010.10.29	1343.88	1359.28	1335.15	1357.52	31654	0	0
2010.11.01	1358.03	1365.98	1348.98	1353.67	34949	0	0
2010.11.02	1353.69	1359.80	1350.20	1357.25	29884	0	0
2010.11.03	1357.15	1364.45	1325.43	1348.38	33802	0	0
2010.11.04	1348.40	1393.30	1346.70	1392.28	37386	0	0
2010.11.05	1392.30	1398.13	1373.23	1395.15	30604	0	0
2010.11.08	1393.42	1410.38	1386.68	1409.35	43319	0	0
2010.11.09	1409.33	1424.43	1382.65	1392.73	43495	0	0
2010.11.10	1392.78	1410.08	1383.95	1403.78	53785	0	0
2010.11.11	1403.83	1417.70	1397.15	1408.35	41264	0	0
2010.11.12	1408.40	1409.75	1359.90	1368.38	52319	0	0
2010.11.15	1369.53	1376.75	1355.75	1360.48	43003	0	0
2010.11.16	1360.53	1364.65	1329.65	1339.55	44056	0	0
2010.11.17	1339.50	1344.83	1330.71	1335.88	41713	0	0
2010.11.18	1335.90	1359.15	1333.27	1353.15	43766	0	0
2010.11.19	1353.13	1363.28	1341.55	1353.15	39469	0	0
2010.11.22	1359.28	1367.75	1348.37	1366.62	42766	0	0
2010.11.23	1366.63	1382.38	1356.13	1376.26	40621	0	0
2010.11.24	1376.21	1381.38	1369.18	1373.18	31074	0	0
2010.11.25	1373.23	1375.18	1368.03	1374.73	13456	0	0
2010.11.26	1374.98	1375.03	1350.88	1363.53	29992	0	0
2010.11.29	1364.05	1369.23	1353.15	1366.08	37558	0	0
2010.11.30	1366.03	1389.78	1362.80	1385.73	42166	0	0
2010.12.01	1385.86	1396.78	1381.75	1387.58	32935	0	0
2010.12.02	1387.56	1398.38	1383.03	1384.93	35819	0	0
2010.12.03	1384.96	1413.80	1384.48	1413.38	33278	0	0
2010.12.06	1414.20	1427.40	1408.78	1423.50	31258	0	0
2010.12.07	1423.53	1430.90	1396.38	1401.68	37806	0	0
2010.12.08	1401.61	1404.26	1371.23	1381.73	46870	0	0
2010.12.09	1381.76	1394.53	1380.08	1386.71	32317	0	0
2010.12.10	1386.73	1392.05	1372.08	1386.60	34096	0	0
2010.12.13	1385.68	1399.20	1380.10	1393.77	34049	0	0
2010.12.14	1393.80	1408.00	1391.80	1395.91	33986	0	0
2010.12.15	1395.96	1397.16	1378.36	1380.51	36666	0	0
2010.12.16	1380.48	1386.24	1361.03	1369.86	34684	0	0
2010.12.17	1369.88	1378.75	1364.65	1374.53	35027	0	0
2010.12.20	1374.58	1388.04	1374.55	1385.06	33165	0	0
2010.12.21	1385.03	1391.98	1380.78	1385.21	24305	0	0
2010.12.22	1385.23	1390.91	1382.91	1385.08	24446	0	0
2010.12.23	1385.06	1388.25	1372.05	1379.66	21190	0	0
2010.12.24	1379.71	1385.21	1378.38	1384.66	621	0	0
2010.12.27	1384.64	1386.20	1371.96	1383.41	20816	0	0
2010.12.28	1383.51	1406.53	1382.36	1405.64	25717	0	0
2010.12.29	1405.67	1413.96	1401.05	1411.38	18963	0	0
2010.12.30	1411.33	1414.66	1402.98	1404.41	21111	0	0
2010.12.31	1404.45	1419.15	1403.87	1418.52	12289	0	0
2011.01.03	1420.98	1423.83	1412.39	1414.53	25935	0	0
2011.01.04	1414.57	1417.14	1374.70	1380.27	32875	0	0
2011.01.05	1380.30	1384.70	1363.85	1377.93	35633	0	0
2011.01.06	1377.96	1379.75	1364.70	1371.18	29952	0	0
2011.01.07	1371.16	1378.68	1352.59	1368.75	35560	0	0
2011.01.10	1369.51	1375.91	1365.32	1375.33	18871	0	0
2011.01.11	1375.38	1386.60	1372.58	1381.18	26456	0	0
2011.01.12	1381.23	1388.73	1376.59	1387.58	32659	0	0
2011.01.13	1387.63	1393.01	1369.45	1372.98	33775	0	0
2011.01.14	1373.33	1377.92	1354.95	1359.65	35745	0	0
2011.01.17	1359.78	1365.66	1357.18	1361.23	19667	0	0
2011.01.18	1361.28	1376.15	1360.38	1367.98	26739	0	0
2011.01.19	1367.95	1379.17	1365.51	1369.66	27896	0	0
2011.01.20	1369.79	1371.08	1343.25	1345.86	36147	0	0
2011.01.21	1345.89	1350.18	1337.68	1342.88	28795	0	0
2011.01.24	1342.45	1353.00	1332.23	1333.79	33811	0	0
2011.01.25	1333.82	1338.33	1322.54	1332.07	31514	0	0
2011.01.26	1332.09	1346.48	1324.90	1345.57	24937	0	0
2011.01.27	1345.62	1347.76	1310.33	1313.58	28734	0	0
2011.01.28	1313.63	1347.05	1307.95	1335.20	35589	0	0
2011.01.31	1337.70	1345.80	1323.05	1332.45	31804	0	0
2011.02.01	1332.40	1342.97	1325.58	1340.88	32802	0	0
2011.02.02	1340.98	1343.38	1326.75	1334.85	30578	0	0
2011.02.03	1334.90	1355.70	1324.93	1353.93	28992	0	0
2011.02.04	1353.98	1358.64	1344.90	1349.05	25241	0	0
2011.02.07	1348.55	1353.07	1342.78	1350.95	27330	0	0
2011.02.08	1350.90	1367.75	1348.26	1363.55	25017	0	0
2011.02.09	1363.60	1367.00	1357.97	1363.35	23073	0	0
2011.02.10	1363.40	1365.86	1350.86	1363.50	26018	0	0
2011.02.11	1363.55	1368.38	1353.98	1356.28	24363	0	0
2011.02.14	1356.10	1366.57	1353.60	1361.48	24037	0	0
2011.02.15	1361.50	1376.39	1360.70	1373.45	21650	0	0
2011.02.16	1373.41	1381.81	1368.05	1374.08	26241	0	0
2011.02.17	1374.18	1384.87	1374.13	1383.70	20212	0	0
2011.02.18	1383.73	1391.79	1381.74	1387.55	24634	0	0
2011.02.21	1388.85	1408.29	1388.85	1406.05	20072	0	0
2011.02.22	1406.03	1410.95	1392.68	1398.68	35388	0	0
2011.02.23	1398.63	1416.59	1395.45	1411.39	31066	0	0
2011.02.24	1411.41	1418.09	1395.07	1402.30	38582	0	0
2011.02.25	1402.35	1411.60	1399.70	1408.00	29275	0	0
2011.02.28	1408.95	1416.24	1404.69	1411.03	33729	0	0
2011.03.01	1411.08	1434.60	1409.25	1432.83	32959	0	0
2011.03.02	1432.85	1440.30	1427.54	1434.03	33074	0	0
2011.03.03	1434.28	1436.13	1410.08	1415.63	26092	0	0
2011.03.04	1415.68	1431.95	1413.18	1428.05	21553	0	0
2011.03.07	1432.20	1444.79	1428.02	1431.63	37165	0	0
2011.03.08	1431.68	1436.66	1423.12	1428.58	34516	0	0
2011.03.09	1428.53	1436.14	1422.83	1430.53	23929	0	0
2011.03.10	1430.58	1431.68	1402.98	1411.40	28544	0	0
2011.03.11	1411.35	1423.82	1404.68	1416.52	40368	0	0
2011.03.14	1418.97	1432.37	1417.55	1426.15	31054	0	0
2011.03.15	1426.30	1429.00	1380.90	1395.35	40675	0	0
2011.03.16	1395.40	1406.15	1392.20	1398.60	32232	0	0
2011.03.17	1398.70	1404.95	1386.25	1403.70	26192	0	0
2011.03.18	1403.70	1423.76	1401.90	1418.45	26355	0	0
2011.03.21	1419.50	1434.69	1419.50	1427.25	22670	0	0
2011.03.22	1427.03	1432.05	1419.30	1427.35	23622	0	0
2011.03.23	1427.38	1440.90	1425.50	1436.90	21656	0	0
2011.03.24	1436.93	1447.53	1423.78	1429.85	25809	0	0
2011.03.25	1429.88	1437.80	1422.10	1427.75	24071	0	0
2011.03.28	1428.05	1428.75	1410.10	1420.03	28352	0	0
2011.03.29	1419.95	1423.15	1411.04	1418.08	22182	0	0
2011.03.30	1418.13	1429.92	1411.75	1422.55	21751	0	0
2011.03.31	1422.70	1439.35	1420.15	1431.70	23644	0	0
2011.04.01	1431.73	1436.35	1412.70	1427.30	23986	0	0
2011.04.04	1427.80	1438.55	1427.60	1433.50	19470	0	0
2011.04.05	1433.60	1456.78	1429.84	1455.40	23445	0	0
2011.04.06	1455.45	1462.10	1451.20	1459.25	24801	0	0
2011.04.07	1459.20	1465.00	1452.45	1457.65	23135	0	0
2011.04.08	1457.55	1474.90	1456.03	1473.30	24270	0	0
2011.04.11	1474.55	1476.24	1459.30	1462.93	35094	0	0
2011.04.12	1462.90	1467.29	1444.02	1452.65	33636	0	0
2011.04.13	1452.63	1462.25	1451.10	1456.85	30471	0	0
2011.04.14	1456.90	1474.58	1452.30	1473.78	31257	0	0
2011.04.15	1473.75	1487.93	1471.40	1487.25	27751	0	0
2011.04.18	1485.45	1497.55	1477.30	1494.98	32257	0	0
2011.04.19	1494.93	1499.38	1487.34	1495.90	31026	0	0
2011.04.20	1495.85	1505.74	1492.95	1501.80	30038	0	0
2011.04.21	1501.70	1508.83	1500.39	1504.40	25129	0	0
2011.04.22	1504.35	1511.90	1503.35	1504.60	266	0	0
2011.04.25	1509.95	1518.12	1501.70	1506.80	29908	0	0
2011.04.26	1506.80	1508.05	1492.72	1505.93	30949	0	0
2011.04.27	1505.90	1530.00	1502.83	1526.60	26315	0	0
2011.04.28	1526.58	1538.18	1523.85	1536.05	32814	0	0
2011.04.29	1536.10	1569.03	1531.73	1562.25	25940	0	0
2011.05.02	1570.45	1574.95	1539.95	1545.08	32713	0	0
2011.05.03	1545.05	1550.95	1526.95	1535.58	39697	0	0
2011.05.04	1535.63	1542.85	1505.53	1515.85	36772	0	0
2011.05.05	1515.80	1521.88	1462.24	1473.85	42155	0	0
2011.05.06	1475.50	1498.29	1470.90	1488.55	39336	0	0
2011.05.09	1494.05	1513.85	1489.00	1512.98	34836	0	0
2011.05.10	1511.00	1519.60	1505.80	1515.60	24900	0	0
2011.05.11	1516.10	1526.55	1495.56	1501.30	35711	0	0
2011.05.12	1499.35	1507.87	1478.00	1505.65	45207	0	0
2011.05.13	1506.15	1516.50	1482.75	1492.84	37997	0	0
2011.05.16	1492.85	1504.31	1486.85	1489.15	28380	0	0
2011.05.17	1490.55	1497.55	1471.68	1486.45	20698	0	0
2011.05.18	1486.50	1499.75	1484.75	1496.45	28314	0	0
2011.05.19	1495.85	1499.55	1486.15	1492.95	28703	0	0
2011.05.20	1493.70	1515.72	1486.60	1512.67	32664	0	0
2011.05.23	1511.95	1518.65	1503.75	1516.66	32752	0	0
2011.05.24	1517.30	1527.56	1513.10	1526.02	22954	0	0
2011.05.25	1525.60	1532.08	1521.04	1524.90	20529	0	0
2011.05.26	1524.95	1530.52	1514.45	1518.72	22677	0	0
2011.05.27	1518.60	1538.21	1518.60	1536.20	22980	0	0
2011.05.30	1536.57	1538.90	1534.05	1538.65	5897	0	0
2011.05.31	1537.85	1540.65	1532.03	1535.30	10507	0	0
2011.06.01	1535.55	1550.05	1529.30	1539.40	24683	0	0
2011.06.02	1540.50	1544.32	1519.30	1533.25	32434	0	0
2011.06.03	1533.60	1547.05	1523.78	1540.95	33905	0	0
2011.06.06	1541.78	1553.37	1540.59	1544.06	20577	0	0
2011.06.07	1543.88	1550.01	1535.97	1543.64	25357	0	0
2011.06.08	1542.55	1546.00	1530.57	1537.21	28302	0	0
2011.06.09	1538.35	1549.46	1533.12	1543.49	25103	0	0
2011.06.10	1544.21	1544.94	1525.65	1530.56	26588	0	0
2011.06.13	1529.75	1532.50	1510.75	1515.15	14101	0	0
2011.06.14	1515.50	1525.95	1512.11	1523.53	17468	0	0
2011.06.15	1524.40	1534.40	1513.78	1530.55	28491	0	0
2011.06.16	1530.00	1532.85	1521.40	1529.11	31360	0	0
2011.06.17	1528.30	1541.80	1522.38	1538.70	27451	0	0
2011.06.20	1540.10	1546.68	1532.77	1540.45	19757	0	0
2011.06.21	1540.75	1547.80	1538.45	1546.00	16349	0	0
2011.06.22	1547.15	1557.91	1541.05	1548.75	14094	0	0
2011.06.23	1547.40	1548.55	1512.60	1521.45	24929	0	0
2011.06.24	1521.65	1525.55	1498.23	1499.74	35187	0	0
2011.06.27	1499.90	1505.35	1490.70	1497.79	29634	0	0
2011.06.28	1497.40	1506.25	1495.38	1501.15	21021	0	0
2011.06.29	1501.95	1512.92	1500.15	1512.25	24634	0	0
2011.06.30	1512.15	1513.76	1498.74	1500.08	27960	0	0
2011.07.01	1501.40	1502.60	1477.99	1487.49	24716	0	0
2011.07.04	1487.23	1496.45	1486.17	1495.59	6594	0	0
2011.07.05	1494.90	1516.54	1493.11	1516.00	16240	0	0
2011.07.06	1515.70	1533.56	1510.05	1528.47	23327	0	0
2011.07.07	1528.50	1534.30	1522.52	1532.06	24360	0	0
2011.07.08	1531.75	1545.20	1524.63	1542.06	21445	0	0
2011.07.11	1542.48	1556.62	1541.37	1553.22	26097	0	0
2011.07.12	1553.35	1573.45	1540.57	1567.53	36256	0	0
2011.07.13	1566.95	1587.74	1564.15	1581.81	34917	0	0
2011.07.14	1583.57	1594.15	1578.77	1587.10	32745	0	0
2011.07.15	1586.85	1593.46	1575.70	1593.15	27000	0	0
2011.07.18	1593.40	1607.30	1591.25	1604.35	27934	0	0
2011.07.19	1605.35	1609.90	1582.30	1588.15	30610	0	0
2011.07.20	1587.65	1601.40	1581.00	1600.35	33155	0	0
2011.07.21	1601.25	1604.50	1584.65	1590.60	34775	0	0
2011.07.22	1589.15	1607.05	1583.30	1602.45	27288	0	0
2011.07.25	1609.00	1623.20	1603.48	1613.99	33383	0	0
2011.07.26	1614.15	1620.10	1607.80	1618.97	27047	0	0
2011.07.27	1619.30	1628.55	1608.75	1613.30	26370	0	0
2011.07.28	1613.55	1620.05	1602.90	1615.93	26986	0	0
2011.07.29	1616.60	1632.70	1610.50	1624.55	29972	0	0
2011.08.01	1610.30	1631.74	1607.05	1619.35	35728	0	0
2011.08.02	1619.30	1659.75	1616.25	1659.75	37639	0	0
2011.08.03	1659.45	1673.03	1651.83	1661.35	38740	0	0
2011.08.04	1660.40	1682.00	1639.91	1647.20	51759	0	0
2011.08.05	1646.25	1670.04	1641.60	1660.75	48172	0	0
2011.08.08	1683.98	1720.30	1682.25	1719.05	60355	0	0
2011.08.09	1717.10	1779.55	1714.95	1739.96	79064	0	0
2011.08.10	1742.80	1797.50	1737.44	1792.89	70710	0	0
2011.08.11	1794.50	1814.65	1731.80	1763.60	68556	0	0
2011.08.12	1765.05	1768.00	1723.05	1745.20	45055	0	0
2011.08.15	1746.26	1765.65	1727.85	1765.43	37291	0	0
2011.08.16	1765.85	1786.78	1761.00	1785.11	41625	0	0
2011.08.17	1785.55	1794.51	1778.90	1790.85	25860	0	0
2011.08.18	1789.05	1828.55	1783.61	1823.50	43029	0	0
2011.08.19	1823.95	1877.59	1821.45	1848.05	61799	0	0
2011.08.22	1864.67	1898.30	1857.50	1897.15	61696	0	0
2011.08.23	1898.05	1911.80	1823.35	1828.10	69187	0	0
2011.08.24	1829.60	1853.70	1749.60	1758.55	47958	0	0
2011.08.25	1750.40	1774.79	1702.85	1774.79	33574	0	0
2011.08.26	1771.80	1823.01	1757.45	1822.77	73779	0	0
2011.08.29	1835.07	1835.17	1775.94	1788.14	67157	0	0
2011.08.30	1789.00	1840.18	1783.54	1835.33	62844	0	0
2011.08.31	1836.20	1839.80	1811.35	1825.70	57023	0	0
2011.09.01	1825.70	1831.00	1813.45	1825.90	45597	0	0
2011.09.02	1825.00	1884.50	1824.25	1882.20	41394	0	0
2011.09.05	1880.05	1902.75	1874.21	1899.59	36021	0	0
2011.09.06	1901.90	1920.70	1858.81	1874.95	73612	0	0
2011.09.07	1870.80	1880.10	1792.59	1816.95	65944	0	0
2011.09.08	1817.40	1870.60	1813.35	1869.65	65272	0	0
2011.09.09	1869.65	1886.00	1822.80	1855.80	66036	0	0
2011.09.12	1860.75	1861.50	1801.15	1814.80	58601	0	0
2011.09.13	1814.75	1843.90	1794.34	1833.25	57599	0	0
2011.09.14	1834.10	1844.70	1808.45	1819.45	48401	0	0
2011.09.15	1819.50	1826.45	1772.45	1788.30	53816	0	0
2011.09.16	1788.15	1821.43	1762.35	1807.15	51464	0	0
2011.09.19	1814.95	1827.42	1770.35	1778.50	46987	0	0
2011.09.20	1778.55	1811.40	1769.60	1803.15	46419	0	0
2011.09.21	1802.95	1816.40	1778.40	1781.80	52531	0	0
2011.09.22	1780.05	1786.15	1720.60	1740.25	68481	0	0
2011.09.23	1738.45	1755.00	1628.20	1640.50	82545	0	0
2011.09.26	1646.80	1663.30	1532.40	1626.55	101620	0	0
2011.09.27	1625.60	1677.20	1614.45	1650.15	59522	0	0
2011.09.28	1650.10	1669.25	1598.45	1608.75	61062	0	0
2011.09.29	1606.90	1634.95	1582.80	1614.40	61127	0	0
2011.09.30	1616.15	1640.40	1606.30	1622.65	47348	0	0
2011.10.03	1626.05	1664.75	1621.65	1658.45	48161	0	0
2011.10.04	1660.70	1678.70	1595.65	1623.30	57442	0	0
2011.10.05	1624.55	1646.75	1597.55	1640.70	55479	0	0
2011.10.06	1640.80	1654.85	1631.45	1651.00	45853	0	0
2011.10.07	1650.75	1666.05	1626.20	1637.00	41031	0	0
2011.10.10	1638.20	1677.50	1638.20	1676.23	38081	0	0
2011.10.11	1682.46	1684.55	1653.70	1662.05	41969	0	0
2011.10.12	1662.55	1692.10	1660.26	1676.25	42993	0	0
2011.10.13	1675.65	1684.25	1652.63	1667.75	40852	0	0
2011.10.14	1666.25	1683.60	1660.96	1679.75	33532	0	0
2011.10.17	1680.85	1694.75	1664.36	1670.45	39135	0	0
2011.10.18	1670.40	1676.55	1626.60	1657.65	50496	0	0
2011.10.19	1655.70	1664.95	1639.53	1640.30	45357	0	0
2011.10.20	1640.85	1644.80	1603.70	1620.51	65314	0	0
2011.10.21	1619.25	1648.45	1611.25	1639.90	48073	0	0
2011.10.24	1638.33	1661.80	1635.35	1653.33	46051	0	0
2011.10.25	1653.20	1708.65	1643.18	1704.85	56542	0	0
2011.10.26	1704.80	1726.40	1694.80	1724.45	49410	0	0
2011.10.27	1725.15	1749.90	1706.00	1744.70	48673	0	0
2011.10.28	1744.10	1752.40	1732.15	1743.55	41457	0	0
2011.10.31	1743.48	1744.85	1704.62	1714.60	49009	0	0
2011.11.01	1714.05	1723.90	1681.10	1719.55	53763	0	0
2011.11.02	1719.85	1744.10	1714.00	1738.05	47137	0	0
2011.11.03	1736.60	1767.55	1722.50	1763.35	48523	0	0
2011.11.04	1763.90	1764.00	1748.44	1755.56	39482	0	0
2011.11.07	1752.79	1797.98	1752.49	1794.35	46081	0	0
2011.11.08	1794.22	1802.72	1776.75	1786.51	43102	0	0
2011.11.09	1785.40	1799.62	1763.95	1769.50	49218	0	0
2011.11.10	1769.60	1775.20	1735.75	1758.05	49285	0	0
2011.11.11	1758.25	1788.45	1744.85	1787.85	40124	0	0
2011.11.14	1788.05	1795.97	1773.60	1780.15	43246	0	0
2011.11.15	1780.20	1785.98	1760.05	1780.40	45700	0	0
2011.11.16	1780.70	1783.35	1753.19	1763.05	58034	0	0
2011.11.17	1763.50	1766.75	1710.24	1721.40	55584	0	0
2011.11.18	1722.15	1737.30	1710.78	1723.35	50922	0	0
2011.11.21	1721.95	1726.32	1666.32	1677.04	61688	0	0
2011.11.22	1677.00	1705.35	1667.68	1699.45	51863	0	0
2011.11.23	1699.00	1709.94	1677.06	1691.85	49809	0	0
2011.11.24	1691.85	1701.85	1687.70	1694.70	24401	0	0
2011.11.25	1694.70	1697.70	1671.75	1680.30	36634	0	0
2011.11.28	1684.11	1720.66	1682.65	1712.37	43789	0	0
2011.11.29	1711.59	1720.13	1703.62	1715.45	42535	0	0
2011.11.30	1715.40	1750.48	1700.88	1746.05	49851	0	0
2011.12.01	1746.15	1754.10	1733.55	1744.35	40971	0	0
2011.12.02	1744.50	1762.85	1737.90	1745.55	41914	0	0
2011.12.05	1749.10	1754.60	1717.53	1722.65	44039	0	0
2011.12.06	1723.35	1732.95	1701.87	1728.35	46338	0	0
2011.12.07	1728.26	1742.54	1719.84	1741.60	42254	0	0
2011.12.08	1742.66	1755.95	1703.79	1708.00	52613	0	0
2011.12.09	1704.60	1723.80	1703.25	1711.00	43665	0	0
2011.12.12	1713.40	1714.70	1657.06	1666.45	44936	0	0
2011.12.13	1666.05	1678.04	1622.15	1631.40	60467	0	0
2011.12.14	1631.05	1641.75	1563.32	1573.95	72023	0	0
2011.12.15	1573.70	1593.95	1560.10	1570.25	55278	0	0
2011.12.16	1569.86	1601.02	1569.85	1597.20	46021	0	0
2011.12.19	1599.65	1608.50	1583.21	1594.08	47471	0	0
2011.12.20	1592.40	1618.55	1591.75	1615.50	36737	0	0
2011.12.21	1614.70	1641.54	1605.85	1615.10	39058	0	0
2011.12.22	1614.90	1616.68	1597.55	1605.58	41411	0	0
2011.12.23	1605.57	1613.65	1602.55	1607.21	24109	0	0
2011.12.27	1604.88	1605.17	1589.50	1592.75	23917	0	0
2011.12.28	1592.40	1592.79	1549.43	1556.45	45230	0	0
2011.12.29	1556.20	1561.15	1522.45	1545.00	45081	0	0
2011.12.30	1544.65	1581.21	1544.65	1564.35	40953	0	0
2012.01.03	1569.05	1607.20	1566.65	1603.60	37169	0	0
2012.01.04	1603.45	1618.30	1592.59	1611.65	49573	0	0
2012.01.05	1611.45	1625.70	1596.64	1621.96	52933	0	0
2012.01.06	1621.95	1630.93	1608.40	1616.30	50950	0	0
2012.01.09	1615.55	1623.52	1604.86	1611.00	55673	0	0
2012.01.10	1610.45	1640.17	1608.30	1631.95	43822	0	0
2012.01.11	1631.20	1647.05	1629.95	1641.50	46804	0	0
2012.01.12	1642.25	1661.80	1640.00	1649.60	42567	0	0
2012.01.13	1648.80	1649.55	1625.10	1639.25	55704	0	0
2012.01.16	1635.28	1646.89	1631.28	1643.55	38488	0	0
2012.01.17	1642.58	1667.55	1641.60	1651.85	50043	0	0
2012.01.18	1651.93	1662.24	1642.62	1659.55	49979	0	0
2012.01.19	1660.45	1669.05	1649.00	1657.58	45013	0	0
2012.01.20	1656.73	1666.71	1644.90	1666.30	37287	0	0
2012.01.23	1664.78	1681.24	1662.35	1676.90	33173	0	0
2012.01.24	1676.81	1679.70	1661.35	1665.70	40385	0	0
2012.01.25	1666.17	1712.80	1648.84	1709.80	53347	0	0
2012.01.26	1710.45	1730.46	1702.71	1720.19	57277	0	0
2012.01.27	1720.46	1739.65	1714.25	1738.62	45787	0	0
2012.01.30	1736.60	1739.73	1716.15	1729.31	50782	0	0
2012.01.31	1731.56	1747.42	1725.87	1738.05	64005	0	0
2012.02.01	1738.15	1750.98	1732.50	1743.40	60149	0	0
2012.02.02	1743.40	1761.06	1740.91	1759.19	51262	0	0
2012.02.03	1758.63	1763.12	1723.65	1725.60	59166	0	0
2012.02.06	1728.15	1738.15	1711.75	1719.95	53706	0	0
2012.02.07	1719.97	1749.75	1710.20	1745.10	53219	0	0
2012.02.08	1744.55	1752.00	1724.45	1732.82	49139	0	0
2012.02.09	1731.80	1752.30	1725.93	1730.50	64201	0	0
2012.02.10	1728.75	1734.80	1704.64	1721.65	60095	0	0
2012.02.13	1724.70	1733.31	1716.04	1722.30	51783	0	0
2012.02.14	1722.05	1727.55	1712.08	1720.47	55433	0	0
2012.02.15	1720.15	1737.34	1718.55	1728.20	42673	0	0
2012.02.16	1727.95	1729.85	1705.10	1728.18	47393	0	0
2012.02.17	1727.95	1735.65	1717.05	1723.10	38630	0	0
2012.02.20	1726.80	1737.05	1726.03	1733.82	29624	0	0
2012.02.21	1734.93	1759.82	1730.75	1759.06	111934	0	0
2012.02.22	1759.15	1781.71	1749.27	1776.17	94321	0	0
2012.02.23	1775.95	1787.34	1772.05	1780.15	96708	0	0
2012.02.24	1779.95	1782.78	1770.30	1772.35	75199	0	0
2012.02.27	1774.69	1779.15	1761.38	1767.35	42194	0	0
2012.02.28	1768.00	1789.80	1765.57	1784.00	44114	0	0
2012.02.29	1784.00	1790.55	1687.90	1696.60	68125	0	0
2012.03.01	1696.10	1725.80	1694.36	1717.95	65231	0	0
2012.03.02	1718.05	1724.11	1704.71	1711.58	55141	0	0
2012.03.05	1710.80	1716.55	1693.63	1706.25	58049	0	0
2012.03.06	1706.20	1708.95	1663.30	1674.22	62959	0	0
2012.03.07	1673.75	1687.90	1671.25	1684.70	51431	0	0
2012.03.08	1683.75	1703.87	1682.51	1699.78	50894	0	0
2012.03.09	1699.45	1714.70	1676.52	1713.69	56352	0	0
2012.03.12	1714.45	1716.55	1692.40	1701.13	51000	0	0
2012.03.13	1699.70	1705.70	1661.80	1673.75	58038	0	0
2012.03.14	1672.85	1682.25	1634.40	1644.50	62977	0	0
2012.03.15	1643.55	1666.45	1636.10	1658.38	57007	0	0
2012.03.16	1657.20	1664.85	1639.55	1659.65	53375	0	0
2012.03.19	1658.60	1669.70	1652.17	1664.30	47709	0	0
2012.03.20	1663.90	1664.50	1641.44	1650.55	50346	0	0
2012.03.21	1649.70	1661.75	1646.45	1650.20	48873	0	0
2012.03.22	1650.26	1656.40	1627.90	1645.79	56332	0	0
2012.03.23	1645.25	1666.20	1642.06	1661.63	51929	0	0
2012.03.26	1662.48	1693.60	1655.35	1689.95	47147	0	0
2012.03.27	1689.05	1696.95	1679.35	1680.45	43305	0	0
2012.03.28	1679.75	1684.39	1654.55	1663.45	51122	0	0
2012.03.29	1663.30	1664.75	1644.95	1661.40	47074	0	0
2012.03.30	1661.25	1670.85	1659.45	1668.01	44300	0	0
2012.04.02	1669.53	1683.50	1662.95	1677.60	42087	0	0
2012.04.03	1676.30	1680.85	1638.70	1646.00	48925	0	0
2012.04.04	1644.85	1647.95	1612.10	1620.50	51650	0	0
2012.04.05	1620.15	1633.47	1619.81	1631.05	39856	0	0
2012.04.06	1630.45	1642.08	1629.25	1639.95	551	0	0
2012.04.09	1639.80	1648.63	1635.45	1640.15	38108	0	0
2012.04.10	1640.25	1662.80	1631.70	1659.70	50687	0	0
2012.04.11	1659.00	1662.31	1652.50	1658.80	42385	0	0
2012.04.12	1658.95	1680.05	1650.35	1675.63	43481	0	0
2012.04.13	1675.00	1677.97	1649.12	1658.10	46366	0	0
2012.04.16	1657.20	1657.80	1641.05	1651.75	62183	0	0
2012.04.17	1651.11	1657.31	1634.37	1649.50	44288	0	0
2012.04.18	1649.65	1654.30	1637.75	1642.05	43029	0	0
2012.04.19	1641.57	1653.70	1630.87	1642.60	46839	0	0
2012.04.20	1642.20	1647.16	1638.34	1642.71	35039	0	0
2012.04.23	1641.64	1643.15	1623.13	1638.43	39722	0	0
2012.04.24	1637.35	1649.15	1633.75	1641.70	35912	0	0
2012.04.25	1640.58	1646.15	1624.55	1643.48	42426	0	0
2012.04.26	1643.91	1660.77	1641.75	1656.92	37089	0	0
2012.04.27	1654.30	1667.48	1650.40	1662.45	38209	0	0
2012.04.30	1664.29	1666.20	1645.80	1664.63	29537	0	0
2012.05.01	1663.65	1671.53	1656.70	1662.20	28080	0	0
2012.05.02	1661.95	1663.00	1645.83	1653.30	34770	0	0
2012.05.03	1653.20	1653.50	1630.93	1635.76	37968	0	0
2012.05.04	1635.81	1647.21	1626.46	1642.10	37940	0	0
2012.05.07	1642.50	1642.50	1631.77	1638.26	29440	0	0
2012.05.08	1637.61	1639.01	1595.20	1605.37	38104	0	0
2012.05.09	1605.11	1606.31	1579.51	1589.36	25770	0	0
2012.05.10	1589.31	1602.02	1585.56	1593.81	17240	0	0
2012.05.11	1593.41	1594.96	1573.63	1579.20	1465	0	0
2012.05.14	1585.07	1585.71	1556.06	1556.45	34880	0	0
2012.05.15	1556.45	1563.69	1540.90	1543.75	48043	0	0
2012.05.16	1543.15	1552.13	1526.91	1539.41	54565	0	0
2012.05.17	1539.31	1579.76	1538.37	1573.96	48127	0	0
2012.05.18	1573.71	1597.50	1567.86	1592.81	50537	0	0
2012.05.21	1590.30	1599.11	1584.76	1592.96	43212	0	0
2012.05.22	1592.85	1594.36	1561.36	1568.31	46092	0	0
2012.05.23	1567.96	1568.41	1533.16	1561.21	55060	0	0
2012.05.24	1560.76	1577.82	1551.30	1558.86	51067	0	0
2012.05.25	1557.71	1574.11	1551.24	1572.56	44318	0	0
2012.05.28	1574.01	1583.81	1571.09	1574.41	27750	0	0
2012.05.29	1573.66	1582.65	1547.89	1554.93	45961	0	0
2012.05.30	1554.93	1569.51	1531.97	1563.21	48871	0	0
2012.05.31	1562.51	1573.23	1551.89	1560.21	48571	0	0
2012.06.01	1559.96	1629.81	1544.96	1623.85	53510	0	0
2012.06.04	1622.10	1627.96	1608.76	1618.61	51464	0	0
2012.06.05	1618.26	1623.41	1611.84	1616.81	47014	0	0
2012.06.06	1617.21	1640.91	1612.93	1619.19	52904	0	0
2012.06.07	1619.99	1629.00	1578.17	1589.04	51524	0	0
2012.06.08	1588.76	1594.97	1553.93	1592.87	52833	0	0
2012.06.11	1601.01	1608.01	1581.51	1596.36	49372	0	0
2012.06.12	1595.46	1617.53	1586.24	1609.62	51601	0	0
2012.06.13	1609.56	1624.63	1605.91	1616.86	47035	0	0
2012.06.14	1617.11	1627.88	1609.48	1623.51	48951	0	0
2012.06.15	1622.71	1633.63	1619.54	1627.03	44633	0	0
2012.06.18	1628.61	1629.99	1606.36	1627.81	66835	0	0
2012.06.19	1627.86	1633.26	1617.27	1618.26	59732	0	0
2012.06.20	1617.56	1622.51	1590.09	1607.21	67023	0	0
2012.06.21	1606.41	1606.81	1564.12	1565.90	68967	0	0
2012.06.22	1564.95	1573.30	1557.91	1572.36	56943	0	0
2012.06.25	1567.40	1588.11	1566.24	1584.25	55721	0	0
2012.06.26	1583.70	1586.70	1567.46	1572.70	53944	0	0
2012.06.27	1571.85	1582.38	1562.40	1573.85	50069	0	0
2012.06.28	1573.75	1578.75	1547.85	1552.20	57719	0	0
2012.06.29	1552.20	1606.81	1550.60	1597.00	65372	0	0
2012.07.02	1599.00	1602.37	1587.20	1596.80	54584	0	0
2012.07.03	1596.65	1624.72	1594.55	1617.03	56600	0	0
2012.07.04	1616.60	1620.09	1611.27	1615.35	31757	0	0
2012.07.05	1615.30	1623.50	1597.05	1604.30	56176	0	0
2012.07.06	1604.30	1609.52	1576.17	1583.45	57593	0	0
2012.07.09	1581.65	1592.50	1575.80	1587.40	50644	0	0
2012.07.10	1587.40	1601.07	1564.20	1566.90	57619	0	0
2012.07.11	1566.25	1583.00	1565.44	1576.10	56129	0	0
2012.07.12	1576.10	1577.61	1554.80	1571.35	58794	0	0
2012.07.13	1571.95	1596.51	1565.70	1589.00	52455	0	0
2012.07.16	1590.25	1594.61	1577.66	1589.20	50371	0	0
2012.07.17	1588.55	1598.61	1571.10	1583.00	60079	0	0
2012.07.18	1582.10	1585.75	1567.45	1573.25	58814	0	0
2012.07.19	1573.15	1591.57	1572.50	1581.12	54898	0	0
2012.07.20	1580.98	1587.01	1573.74	1584.22	56599	0	0
2012.07.23	1581.12	1582.91	1563.31	1576.60	52102	0	0
2012.07.24	1576.23	1584.42	1568.90	1580.75	57338	0	0
2012.07.25	1580.69	1610.46	1578.82	1604.32	62230	0	0
2012.07.26	1604.13	1621.70	1601.27	1615.59	59151	0	0
2012.07.27	1615.42	1629.53	1611.80	1623.17	54684	0	0
2012.07.30	1623.31	1626.07	1614.30	1621.95	40696	0	0
2012.07.31	1621.65	1627.96	1610.93	1614.28	55978	0	0
2012.08.01	1614.25	1618.54	1591.97	1599.31	59290	0	0
2012.08.02	1599.41	1615.07	1584.94	1587.85	56796	0	0
2012.08.03	1587.19	1606.66	1585.87	1603.40	52400	0	0
2012.08.06	1604.40	1615.36	1602.20	1610.57	46017	0	0
2012.08.07	1610.46	1618.40	1608.94	1611.95	47577	0	0
2012.08.08	1611.79	1616.74	1603.37	1612.14	50509	0	0
2012.08.09	1612.32	1618.33	1609.67	1617.17	46980	0	0
2012.08.10	1616.58	1626.49	1605.55	1620.03	46492	0	0
2012.08.13	1621.18	1625.63	1607.53	1609.62	46137	0	0
2012.08.14	1609.76	1616.36	1590.03	1598.76	48048	0	0
2012.08.15	1598.47	1606.42	1589.98	1603.07	44850	0	0
2012.08.16	1602.49	1618.57	1600.87	1614.92	41078	0	0
2012.08.17	1614.74	1620.17	1611.80	1615.57	38658	0	0
2012.08.20	1616.67	1622.46	1609.73	1620.42	36745	0	0
2012.08.21	1620.67	1641.32	1618.52	1637.72	42180	0	0
2012.08.22	1637.09	1655.94	1634.52	1654.24	45860	0	0
2012.08.23	1653.91	1674.89	1652.57	1670.13	53802	0	0
2012.08.24	1669.76	1673.87	1662.61	1670.17	45221	0	0
2012.08.27	1672.01	1676.87	1663.19	1663.64	40829	0	0
2012.08.28	1663.35	1672.33	1657.38	1666.82	46715	0	0
2012.08.29	1666.31	1669.92	1652.34	1656.07	42662	0	0
2012.08.30	1656.00	1664.10	1651.19	1655.36	41772	0	0
2012.08.31	1655.05	1692.97	1645.87	1691.82	48448	0	0
2012.09.03	1690.67	1695.20	1685.46	1692.02	35064	0	0
2012.09.04	1691.02	1698.95	1688.10	1695.46	50068	0	0
2012.09.05	1695.62	1695.97	1687.42	1692.65	47437	0	0
2012.09.06	1692.80	1713.75	1691.57	1699.95	57553	0	0
2012.09.07	1700.26	1741.74	1689.16	1735.97	52347	0	0
2012.09.10	1735.77	1740.01	1724.90	1725.93	51340	0	0
2012.09.11	1726.03	1738.07	1724.92	1731.81	47745	0	0
2012.09.12	1731.57	1747.01	1725.27	1730.48	54528	0	0
2012.09.13	1729.94	1772.56	1715.84	1766.65	57094	0	0
2012.09.14	1766.57	1777.80	1765.61	1770.47	61413	0	0
2012.09.17	1771.53	1776.41	1754.34	1760.78	57311	0	0
2012.09.18	1760.86	1773.34	1752.07	1771.28	68782	0	0
2012.09.19	1771.60	1779.38	1762.09	1769.98	63491	0	0
2012.09.20	1770.07	1772.25	1755.88	1768.20	64680	0	0
2012.09.21	1768.02	1787.42	1766.72	1773.12	67846	0	0
2012.09.24	1772.12	1772.37	1755.57	1764.32	62955	0	0
2012.09.25	1764.37	1774.99	1758.87	1760.62	64854	0	0
2012.09.26	1760.67	1765.48	1736.57	1752.62	59663	0	0
2012.09.27	1752.57	1780.32	1750.97	1777.12	63820	0	0
2012.09.28	1777.22	1783.22	1767.38	1771.77	65901	0	0
2012.10.01	1770.99	1791.64	1763.35	1774.46	72696	0	0
2012.10.02	1774.97	1784.33	1770.63	1774.37	63139	0	0
2012.10.03	1774.27	1781.85	1770.91	1777.97	62703	0	0
2012.10.04	1778.02	1795.18	1777.29	1790.37	68760	0	0
2012.10.05	1790.27	1795.90	1773.04	1780.37	61636	0	0
2012.10.08	1779.57	1779.94	1766.72	1774.08	57473	0	0
2012.10.09	1774.87	1779.75	1760.56	1763.45	67385	0	0
2012.10.10	1764.02	1768.20	1757.04	1761.35	66894	0	0
2012.10.11	1762.37	1774.89	1758.55	1766.77	63961	0	0
2012.10.12	1767.22	1773.20	1752.23	1753.80	65893	0	0
2012.10.15	1753.27	1753.54	1728.62	1736.57	65797	0	0
2012.10.16	1737.22	1748.20	1734.85	1747.22	62438	0	0
2012.10.17	1747.47	1753.54	1742.84	1749.27	65763	0	0
2012.10.18	1750.07	1752.19	1738.07	1740.52	63539	0	0
2012.10.19	1741.42	1743.37	1716.25	1721.71	69129	0	0
2012.10.22	1721.37	1729.42	1713.40	1728.57	62655	0	0
2012.10.23	1728.52	1730.28	1703.91	1707.35	66946	0	0
2012.10.24	1707.66	1714.31	1698.59	1702.02	69740	0	0
2012.10.25	1701.92	1718.00	1701.42	1711.97	63558	0	0
2012.10.26	1712.02	1718.67	1700.86	1710.82	65786	0	0
2012.10.29	1710.87	1717.18	1706.12	1709.17	36932	0	0
2012.10.30	1709.22	1715.21	1704.83	1709.72	38049	0	0
2012.10.31	1709.67	1725.91	1708.82	1720.52	47353	0	0
2012.11.01	1720.62	1726.95	1713.66	1714.27	47650	0	0
2012.11.02	1714.22	1716.90	1674.52	1678.15	55677	0	0
2012.11.05	1676.62	1686.26	1672.63	1684.77	50337	0	0
2012.11.06	1684.82	1720.80	1683.62	1715.92	51147	0	0
2012.11.07	1715.87	1731.98	1703.14	1717.47	70329	0	0
2012.11.08	1717.41	1735.08	1712.72	1730.72	56914	0	0
2012.11.09	1731.12	1738.79	1727.14	1730.82	58426	0	0
2012.11.12	1730.97	1738.04	1725.91	1728.12	46481	0	0
2012.11.13	1728.05	1732.99	1717.91	1724.16	54323	0	0
2012.11.14	1724.62	1733.90	1720.74	1725.72	55981	0	0
2012.11.15	1726.54	1727.93	1704.73	1715.50	56790	0	0
2012.11.16	1716.07	1717.40	1705.80	1713.57	57298	0	0
2012.11.19	1714.57	1735.47	1714.18	1730.87	49811	0	0
2012.11.20	1731.50	1735.55	1722.19	1727.07	49562	0	0
2012.11.21	1726.97	1731.99	1718.61	1728.87	46199	0	0
2012.11.22	1728.47	1732.44	1727.38	1729.62	25326	0	0
2012.11.23	1729.47	1754.34	1727.82	1747.12	38283	0	0
2012.11.26	1750.67	1752.24	1745.97	1748.77	50175	0	0
2012.11.27	1748.57	1751.82	1740.54	1742.22	51915	0	0
2012.11.28	1741.77	1743.10	1705.99	1719.57	55348	0	0
2012.11.29	1719.62	1728.62	1716.03	1725.57	50174	0	0
2012.11.30	1725.62	1731.72	1708.54	1714.63	51659	0	0
2012.12.03	1713.96	1722.82	1712.74	1715.82	51120	0	0
2012.12.04	1715.76	1717.31	1691.19	1697.47	57813	0	0
2012.12.05	1697.30	1706.92	1684.83	1693.82	51687	0	0
2012.12.06	1693.69	1703.24	1685.92	1699.77	51651	0	0
2012.12.07	1699.64	1705.38	1683.67	1704.05	49795	0	0
2012.12.10	1704.02	1717.26	1702.69	1712.77	41483	0	0
2012.12.11	1712.82	1714.44	1704.94	1710.06	43715	0	0
2012.12.12	1710.16	1723.22	1707.11	1711.38	50134	0	0
2012.12.13	1711.33	1711.65	1689.39	1696.93	54296	0	0
2012.12.14	1697.13	1700.43	1693.36	1695.48	44730	0	0
2012.12.17	1693.85	1699.71	1686.55	1698.07	41165	0	0
2012.12.18	1698.17	1703.17	1660.99	1670.92	48686	0	0
2012.12.19	1670.92	1676.68	1663.54	1667.12	49368	0	0
2012.12.20	1667.17	1671.76	1635.75	1647.72	52535	0	0
2012.12.21	1647.77	1659.67	1635.61	1657.03	48454	0	0
2012.12.24	1656.88	1665.86	1651.97	1659.97	24649	0	0
2012.12.26	1655.06	1667.83	1650.28	1659.62	32184	0	0
2012.12.27	1659.37	1665.46	1652.62	1663.92	31325	0	0
2012.12.28	1663.92	1666.32	1653.62	1655.37	33142	0	0
2012.12.31	1655.59	1668.76	1655.37	1662.61	25075	0	0
2013.01.02	1673.33	1694.82	1670.20	1686.64	43280	0	0
2013.01.03	1686.62	1690.00	1660.77	1663.92	45264	0	0
2013.01.04	1663.87	1664.16	1625.76	1655.87	61380	0	0
2013.01.07	1655.92	1662.56	1642.71	1646.52	51176	0	0
2013.01.08	1646.62	1662.45	1645.81	1659.11	49558	0	0
2013.01.09	1659.01	1665.90	1651.49	1657.46	46642	0	0
2013.01.10	1657.29	1678.76	1653.80	1674.33	46184	0	0
2013.01.11	1674.29	1676.76	1653.34	1662.73	47989	0	0
2013.01.14	1658.74	1674.72	1658.74	1667.55	52333	0	0
2013.01.15	1667.41	1685.10	1666.50	1679.13	51270	0	0
2013.01.16	1678.96	1684.77	1673.59	1679.08	45254	0	0
2013.01.17	1680.34	1696.98	1666.69	1686.79	50092	0	0
2013.01.18	1687.32	1694.89	1683.54	1683.54	46183	0	0
2013.01.21	1685.65	1691.32	1684.90	1690.17	29731	0	0
2013.01.22	1689.26	1696.03	1686.81	1691.80	44013	0	0
2013.01.23	1691.02	1694.97	1683.70	1684.99	39175	0	0
2013.01.24	1684.27	1686.12	1665.05	1667.22	48419	0	0
2013.01.25	1667.67	1672.31	1656.00	1658.93	48841	0	0
2013.01.28	1658.62	1662.34	1651.93	1655.23	46866	0	0
2013.01.29	1654.36	1666.00	1654.36	1662.97	43477	0	0
2013.01.30	1662.87	1683.77	1662.72	1676.89	48124	0	0
2013.01.31	1675.32	1680.81	1657.85	1662.82	47089	0	0
2013.02.01	1664.00	1682.04	1660.10	1667.19	48762	0	0
2013.02.04	1668.54	1677.53	1661.40	1673.47	35621	0	0
2013.02.05	1674.29	1685.38	1666.62	1671.99	41136	0	0
2013.02.06	1672.71	1679.59	1668.27	1676.77	45144	0	0
2013.02.07	1677.32	1683.07	1663.17	1670.49	47859	0	0
2013.02.08	1671.41	1673.54	1665.16	1666.82	44877	0	0
2013.02.11	1667.27	1669.53	1643.78	1647.15	41712	0	0
2013.02.12	1647.80	1653.22	1639.13	1650.29	48352	0	0
2013.02.13	1651.02	1653.46	1640.52	1641.58	47626	0	0
2013.02.14	1642.30	1649.96	1632.82	1633.87	48005	0	0
2013.02.15	1634.55	1636.11	1597.94	1609.50	56344	0	0
2013.02.18	1609.50	1618.85	1607.07	1609.10	43253	0	0
2013.02.19	1609.05	1615.18	1600.73	1604.22	53293	0	0
2013.02.20	1604.95	1609.47	1558.57	1563.54	71950	0	0
2013.02.21	1564.30	1584.84	1555.06	1575.42	77704	0	0
2013.02.22	1575.80	1587.18	1569.97	1580.49	64522	0	0
2013.02.25	1580.80	1596.92	1575.15	1592.67	69575	0	0
2013.02.26	1593.10	1619.99	1584.44	1613.02	76995	0	0
2013.02.27	1613.63	1614.72	1592.48	1596.32	64563	0	0
2013.02.28	1597.15	1602.97	1575.02	1578.81	67515	0	0
2013.03.01	1579.40	1587.19	1564.90	1576.15	68882	0	0
2013.03.04	1578.20	1584.82	1569.41	1572.92	57890	0	0
2013.03.05	1573.80	1586.42	1572.04	1574.59	54747	0	0
2013.03.06	1574.65	1584.82	1567.34	1582.98	46993	0	0
2013.03.07	1583.45	1585.45	1574.96	1578.02	51343	0	0
2013.03.08	1578.60	1583.76	1561.51	1578.47	53559	0	0
2013.03.11	1579.30	1583.31	1575.46	1581.46	42085	0	0
2013.03.12	1581.20	1598.28	1580.00	1591.91	45769	0	0
2013.03.13	1592.65	1599.37	1585.67	1586.67	39453	0	0
2013.03.14	1587.85	1593.45	1577.02	1589.27	43476	0	0
2013.03.15	1589.88	1598.93	1588.46	1592.02	36223	0	0
2013.03.18	1597.84	1611.14	1591.02	1604.64	50779	0	0
2013.03.19	1605.35	1615.59	1600.02	1611.91	41790	0	0
2013.03.20	1612.70	1614.71	1600.88	1605.89	35572	0	0
2013.03.21	1606.90	1616.57	1604.42	1613.92	34897	0	0
2013.03.22	1614.40	1616.00	1603.61	1608.43	34317	0	0
2013.03.25	1609.42	1613.57	1589.72	1604.81	43820	0	0
2013.03.26	1604.75	1605.97	1594.57	1598.99	34926	0	0
2013.03.27	1599.78	1608.33	1591.32	1604.43	35647	0	0
2013.03.28	1604.98	1607.64	1593.97	1595.80	35078	0	0
2013.03.29	1594.77	1597.17	1594.77	1594.87	28	0	0
2013.04.01	1597.45	1600.96	1594.77	1599.31	30902	0	0
2013.04.02	1599.13	1603.85	1573.81	1575.00	38463	0	0
2013.04.03	1575.70	1577.20	1549.79	1557.09	47930	0	0
2013.04.04	1557.80	1559.49	1540.12	1553.83	54193	0	0
2013.04.05	1554.63	1581.17	1549.32	1580.72	47498	0	0
2013.04.08	1581.00	1582.95	1567.28	1572.86	37167	0	0
2013.04.09	1573.05	1590.30	1570.47	1584.44	36003	0	0
2013.04.10	1585.35	1588.52	1555.73	1557.58	43505	0	0
2013.04.11	1558.23	1568.23	1553.36	1560.61	42880	0	0
2013.04.12	1560.90	1564.63	1481.13	1482.26	64180	0	0
2013.04.15	1481.15	1495.49	1335.20	1346.87	129221	0	0
2013.04.16	1347.78	1403.37	1321.55	1366.75	106999	0	0
2013.04.17	1367.30	1395.02	1364.93	1375.32	78449	0	0
2013.04.18	1376.70	1401.98	1336.42	1389.42	67778	0	0
2013.04.19	1390.18	1425.17	1385.77	1403.47	62172	0	0
2013.04.22	1408.17	1439.02	1403.81	1425.66	64919	0	0
2013.04.23	1426.21	1432.74	1404.94	1412.13	70540	0	0
2013.04.24	1412.78	1433.88	1412.21	1431.12	67570	0	0
2013.04.25	1431.45	1469.19	1427.01	1467.15	69961	0	0
2013.04.26	1467.71	1485.27	1448.17	1460.96	79629	0	0
2013.04.29	1466.27	1478.84	1462.17	1475.62	59980	0	0
2013.04.30	1475.52	1480.12	1461.12	1475.63	57680	0	0
2013.05.01	1476.40	1478.00	1440.42	1456.75	50271	0	0
2013.05.02	1456.98	1473.63	1448.77	1466.23	58827	0	0
2013.05.03	1466.77	1487.96	1456.06	1470.43	63051	0	0
2013.05.06	1469.81	1478.82	1464.50	1469.13	49087	0	0
2013.05.07	1468.64	1470.63	1441.33	1451.63	66147	0	0
2013.05.08	1452.14	1476.68	1447.61	1473.25	61522	0	0
2013.05.09	1473.83	1475.95	1453.42	1457.17	58971	0	0
2013.05.10	1457.87	1462.12	1419.71	1447.31	70554	0	0
2013.05.13	1449.03	1449.03	1425.88	1429.85	60887	0	0
2013.05.14	1429.75	1445.37	1421.42	1424.52	66876	0	0
2013.05.15	1425.07	1430.78	1388.65	1392.54	72935	0	0
2013.05.16	1392.68	1398.32	1369.61	1385.05	79908	0	0
2013.05.17	1385.57	1392.98	1355.25	1358.82	72282	0	0
2013.05.20	1363.72	1399.44	1337.99	1392.37	86757	0	0
2013.05.21	1393.04	1401.58	1359.66	1374.80	79540	0	0
2013.05.22	1375.81	1414.20	1354.37	1369.25	81500	0	0
2013.05.23	1370.12	1398.11	1356.76	1390.06	80465	0	0
2013.05.24	1391.07	1398.17	1382.29	1385.72	53918	0	0
2013.05.27	1385.99	1396.60	1384.30	1394.47	28865	0	0
2013.05.28	1393.76	1401.96	1373.69	1380.18	64957	0	0
2013.05.29	1381.04	1395.23	1380.10	1392.05	60506	0	0
2013.05.30	1392.68	1417.97	1388.78	1413.18	64906	0	0
2013.05.31	1413.39	1421.87	1384.76	1387.56	63787	0	0
2013.06.03	1388.35	1416.92	1388.34	1410.38	56653	0	0
2013.06.04	1410.85	1414.91	1389.08	1399.07	57637	0	0
2013.06.05	1398.94	1410.40	1395.74	1402.37	62323	0	0
2013.06.06	1402.90	1423.73	1391.82	1413.68	69116	0	0
2013.06.07	1413.60	1417.90	1377.72	1382.28	67399	0	0
2013.06.10	1383.01	1389.01	1375.92	1385.58	61035	0	0
2013.06.11	1385.79	1387.51	1365.95	1377.74	67797	0	0
2013.06.12	1377.83	1394.55	1373.87	1388.06	57441	0	0
2013.06.13	1388.24	1394.86	1374.43	1384.50	62265	0	0
2013.06.14	1385.23	1392.29	1378.42	1390.24	55037	0	0
2013.06.17	1390.68	1391.91	1380.42	1384.45	42848	0	0
2013.06.18	1385.03	1386.03	1361.11	1366.71	51681	0	0
2013.06.19	1366.55	1376.51	1349.09	1350.38	53157	0	0
2013.06.20	1350.95	1351.98	1276.26	1283.98	97211	0	0
2013.06.21	1284.54	1302.40	1269.48	1295.47	73873	0	0
2013.06.24	1297.17	1301.49	1276.10	1281.27	74500	0	0
2013.06.25	1282.05	1289.37	1271.73	1276.75	64297	0	0
2013.06.26	1277.35	1277.96	1221.80	1226.26	92909	0	0
2013.06.27	1226.35	1244.67	1196.72	1199.23	82477	0	0
2013.06.28	1200.15	1235.23	1180.18	1234.95	88246	0	0
2013.07.01	1233.64	1261.67	1225.21	1251.66	71709	0	0
2013.07.02	1252.05	1267.39	1239.58	1243.10	67618	0	0
2013.07.03	1243.10	1259.95	1236.82	1251.09	59637	0	0
2013.07.04	1252.65	1257.77	1244.72	1249.58	31839	0	0
2013.07.05	1249.18	1250.57	1208.13	1222.85	50573	0	0
2013.07.08	1222.54	1238.55	1215.65	1236.52	58839	0	0
2013.07.09	1236.64	1260.42	1233.50	1250.45	57600	0	0
2013.07.10	1251.00	1265.89	1243.97	1258.62	59346	0	0
2013.07.11	1259.10	1298.73	1259.08	1285.01	71881	0	0
2013.07.12	1285.55	1288.47	1267.80	1285.28	52995	0	0
2013.07.15	1284.89	1294.65	1273.96	1283.70	45498	0	0
2013.07.16	1284.35	1295.55	1277.06	1291.41	51889	0	0
2013.07.17	1291.90	1300.49	1270.21	1275.05	63292	0	0
2013.07.18	1274.29	1288.61	1274.08	1283.53	52515	0	0
2013.07.19	1282.90	1297.87	1282.32	1295.77	44613	0	0
2013.07.22	1297.12	1339.30	1296.02	1334.97	59655	0	0
2013.07.23	1334.40	1346.67	1326.65	1344.32	52484	0	0
2013.07.24	1347.52	1347.52	1313.12	1320.92	55646	0	0
2013.07.25	1321.92	1337.72	1308.87	1332.70	53520	0	0
2013.07.26	1333.30	1340.62	1312.30	1333.07	53415	0	0
2013.07.29	1333.16	1338.25	1322.83	1327.42	52858	0	0
2013.07.30	1326.65	1330.10	1317.53	1325.41	42775	0	0
2013.07.31	1326.66	1339.15	1305.86	1324.53	62311	0	0
2013.08.01	1323.47	1331.01	1307.77	1309.05	53424	0	0
2013.08.02	1308.24	1318.42	1283.12	1312.40	51966	0	0
2013.08.05	1312.59	1320.66	1297.43	1302.09	40911	0	0
2013.08.06	1303.20	1307.05	1279.21	1282.09	48591	0	0
2013.08.07	1282.41	1289.32	1272.82	1286.63	45075	0	0
2013.08.08	1286.63	1314.19	1282.97	1312.85	49380	0	0
2013.08.09	1312.08	1317.14	1305.02	1314.21	41721	0	0
2013.08.12	1314.69	1343.97	1314.69	1337.69	51922	0	0
2013.08.13	1336.11	1341.32	1318.67	1320.78	62064	0	0
2013.08.14	1320.65	1336.20	1315.80	1335.70	47981	0	0
2013.08.15	1335.67	1370.02	1318.79	1365.27	63494	0	0
2013.08.16	1365.87	1379.52	1357.67	1376.53	61563	0	0
2013.08.19	1378.67	1384.39	1362.47	1365.12	53659	0	0
2013.08.20	1364.45	1377.51	1352.25	1370.38	52637	0	0
2013.08.21	1371.04	1379.02	1359.85	1365.80	54304	0	0
2013.08.22	1365.90	1381.70	1355.13	1375.81	53715	0	0
2013.08.23	1375.65	1399.95	1368.57	1397.62	48236	0	0
2013.08.26	1398.80	1406.73	1389.45	1403.79	47515	0	0
2013.08.27	1404.71	1423.68	1395.68	1414.24	52713	0	0
2013.08.28	1415.80	1433.70	1413.35	1416.69	52655	0	0
2013.08.29	1417.91	1418.19	1402.41	1407.49	52506	0	0
2013.08.30	1406.92	1411.27	1392.08	1394.83	49615	0	0
2013.09.02	1393.47	1398.21	1373.74	1390.39	32472	0	0
2013.09.03	1391.84	1416.30	1384.37	1411.47	46972	0	0
2013.09.04	1411.15	1414.98	1384.67	1390.75	45441	0	0
2013.09.05	1391.34	1399.78	1364.83	1366.93	48579	0	0
2013.09.06	1366.30	1393.34	1358.43	1391.11	42283	0	0
2013.09.09	1391.23	1394.31	1381.97	1386.08	29314	0	0
2013.09.10	1386.66	1391.13	1357.76	1363.13	36483	0	0
2013.09.11	1363.73	1368.56	1356.64	1365.17	35638	0	0
2013.09.12	1365.61	1366.09	1320.42	1320.42	48237	0	0
2013.09.13	1320.72	1330.87	1304.86	1326.18	50177	0	0
2013.09.16	1335.19	1335.19	1303.00	1312.07	48258	0	0
2013.09.17	1311.39	1323.92	1306.16	1309.76	40718	0	0
2013.09.18	1309.92	1367.37	1291.76	1361.95	57791	0	0
2013.09.19	1364.77	1375.24	1358.60	1366.06	52833	0	0
2013.09.20	1365.64	1368.32	1324.78	1325.65	47676	0	0
2013.09.23	1326.38	1331.72	1313.42	1321.81	48230	0	0
2013.09.24	1321.58	1329.19	1305.68	1323.16	48859	0	0
2013.09.25	1323.12	1338.07	1316.46	1333.59	43430	0	0
2013.09.26	1332.77	1339.24	1318.78	1323.16	44257	0	0
2013.09.27	1323.38	1344.00	1319.83	1336.40	50363	0	0
2013.09.30	1342.18	1352.36	1322.58	1328.07	40197	0	0
2013.10.01	1327.58	1337.44	1282.39	1287.76	51496	0	0
2013.10.02	1286.49	1323.86	1277.80	1315.28	51377	0	0
2013.10.03	1315.96	1322.37	1301.89	1316.10	46704	0	0
2013.10.04	1316.22	1325.29	1305.64	1310.49	39579	0	0
2013.10.07	1311.70	1328.82	1308.45	1322.76	33099	0	0
2013.10.08	1322.14	1330.04	1315.53	1318.05	42026	0	0
2013.10.09	1319.30	1321.95	1294.58	1304.64	46895	0	0
2013.10.10	1306.88	1311.75	1281.91	1287.32	45035	0	0
2013.10.11	1284.49	1294.54	1261.71	1272.09	52941	0	0
2013.10.14	1276.72	1289.93	1268.48	1271.40	42737	0	0
2013.10.15	1273.55	1287.98	1251.49	1282.11	55927	0	0
2013.10.16	1281.32	1288.26	1269.19	1282.03	53508	0	0
2013.10.17	1281.61	1324.32	1274.49	1319.94	57515	0	0
2013.10.18	1318.77	1327.09	1311.62	1315.91	40648	0	0
2013.10.21	1316.23	1324.14	1312.75	1315.08	31059	0	0
2013.10.22	1314.94	1344.64	1310.08	1339.34	35764	0	0
2013.10.23	1339.92	1342.19	1329.11	1332.56	34949	0	0
2013.10.24	1331.89	1351.88	1330.39	1345.97	38099	0	0
2013.10.25	1346.58	1355.75	1336.45	1350.36	37091	0	0
2013.10.28	1353.77	1361.73	1346.29	1351.65	31688	0	0
2013.10.29	1352.69	1360.49	1340.12	1344.77	37975	0	0
2013.10.30	1344.30	1359.55	1334.54	1343.83	40901	0	0
2013.10.31	1341.69	1342.94	1319.00	1322.80	41979	0	0
2013.11.01	1322.17	1327.44	1306.00	1315.69	38303	0	0
2013.11.04	1313.78	1322.43	1311.04	1314.00	26191	0	0
2013.11.05	1313.97	1319.58	1305.84	1311.07	30353	0	0
2013.11.06	1310.97	1322.04	1309.12	1317.21	24323	0	0
2013.11.07	1317.45	1326.13	1296.85	1307.31	33712	0	0
2013.11.08	1307.63	1313.63	1280.94	1288.55	33813	0	0
2013.11.11	1287.84	1288.35	1279.13	1282.04	25344	0	0
2013.11.12	1281.92	1285.23	1261.33	1267.00	37327	0	0
2013.11.13	1265.89	1284.22	1265.82	1281.43	32639	0	0
2013.11.14	1281.25	1294.16	1278.11	1286.51	41177	0	0
2013.11.15	1287.05	1291.12	1280.32	1289.95	25895	0	0
2013.11.18	1288.59	1289.50	1269.92	1274.52	29243	0	0
2013.11.19	1275.59	1278.82	1269.09	1274.87	29447	0	0
2013.11.20	1274.07	1276.44	1241.03	1243.94	43973	0	0
2013.11.21	1242.04	1250.44	1236.71	1242.14	36871	0	0
2013.11.22	1242.82	1248.96	1241.12	1243.20	31390	0	0
2013.11.25	1242.34	1253.86	1226.49	1250.76	36075	0	0
2013.11.26	1250.43	1258.06	1239.69	1242.12	29935	0	0
2013.11.27	1241.24	1254.75	1236.19	1237.07	29470	0	0
2013.11.28	1237.81	1245.67	1234.58	1243.67	15249	0	0
2013.11.29	1244.13	1254.74	1240.76	1252.09	18887	0	0
2013.12.02	1250.87	1250.87	1217.75	1218.84	33781	0	0
2013.12.03	1220.23	1226.18	1215.18	1222.98	29004	0	0
2013.12.04	1223.02	1251.40	1211.78	1242.87	38417	0	0
2013.12.05	1243.16	1243.29	1216.97	1224.84	38300	0	0
2013.12.06	1225.64	1244.89	1213.70	1228.59	33684	0	0
2013.12.09	1230.41	1243.07	1225.24	1240.16	24356	0	0
2013.12.10	1239.73	1267.84	1237.89	1261.77	32844	0	0
2013.12.11	1261.26	1263.44	1251.07	1251.95	32063	0	0
2013.12.12	1252.47	1257.02	1223.84	1225.20	36579	0	0
2013.12.13	1224.82	1238.65	1220.52	1238.38	31614	0	0
2013.12.16	1238.03	1251.95	1227.79	1240.98	30683	0	0
2013.12.17	1240.49	1248.09	1227.39	1230.16	32562	0	0
2013.12.18	1230.42	1244.60	1216.24	1217.47	35699	0	0
2013.12.19	1217.56	1226.54	1187.20	1188.29	45820	0	0
2013.12.20	1189.47	1207.52	1188.86	1203.02	30673	0	0
2013.12.23	1202.85	1206.16	1192.64	1198.14	24924	0	0
2013.12.24	1197.96	1205.54	1196.14	1203.84	12279	0	0
2013.12.26	1203.34	1215.82	1201.09	1210.20	18087	0	0
2013.12.27	1211.44	1219.15	1209.01	1212.97	22700	0	0
2013.12.30	1214.03	1216.19	1194.90	1196.27	23692	0	0
2013.12.31	1197.25	1214.56	1182.35	1205.74	25669	0	0
2014.01.02	1204.11	1230.82	1203.64	1224.19	36434	0	0
2014.01.03	1221.57	1240.16	1221.32	1236.11	30793	0	0
2014.01.06	1237.01	1248.40	1224.24	1237.66	31363	0	0
2014.01.07	1237.79	1245.34	1224.93	1231.86	29011	0	0
2014.01.08	1230.82	1232.44	1218.42	1225.74	34111	0	0
2014.01.09	1225.32	1231.44	1223.47	1227.71	25616	0	0
2014.01.10	1227.45	1248.91	1227.19	1247.98	28963	0	0
2014.01.13	1247.37	1255.10	1243.63	1252.97	25273	0	0
2014.01.14	1252.87	1255.25	1241.65	1244.96	27073	0	0
2014.01.15	1244.88	1245.04	1234.19	1241.59	25462	0	0
2014.01.16	1241.99	1245.21	1236.34	1242.09	22691	0	0
2014.01.17	1242.09	1254.87	1237.73	1253.80	25322	0	0
2014.01.20	1253.06	1261.09	1251.60	1251.60	13444	0	0
2014.01.21	1255.24	1255.89	1235.69	1241.14	27310	0	0
2014.01.22	1240.72	1243.69	1235.86	1236.84	20295	0	0
2014.01.23	1235.71	1265.38	1231.54	1264.04	33274	0	0
2014.01.24	1263.39	1272.56	1256.84	1269.26	33660	0	0
2014.01.27	1269.24	1279.03	1251.97	1256.77	35208	0	0
2014.01.28	1254.37	1261.61	1248.48	1256.53	27831	0	0
2014.01.29	1255.69	1269.99	1248.86	1266.64	35041	0	0
2014.01.30	1266.21	1267.65	1238.04	1243.49	32387	0	0
2014.01.31	1243.93	1254.94	1238.42	1243.92	28510	0	0
2014.02.03	1242.68	1266.22	1240.84	1257.27	30749	0	0
2014.02.04	1257.45	1260.94	1247.22	1254.39	25107	0	0
2014.02.05	1254.25	1274.31	1252.34	1257.72	26532	0	0
2014.02.06	1257.32	1266.93	1252.82	1257.94	23049	0	0
2014.02.07	1256.81	1271.79	1256.17	1267.35	27361	0	0
2014.02.10	1265.36	1277.84	1265.04	1274.47	23235	0	0
2014.02.11	1274.05	1293.71	1273.74	1291.22	30275	0	0
2014.02.12	1289.76	1296.24	1283.99	1290.94	25292	0	0
2014.02.13	1290.48	1302.82	1286.24	1302.72	25638	0	0
2014.02.14	1301.36	1321.16	1299.89	1318.16	29672	0	0
2014.02.17	1323.84	1329.74	1320.92	1328.79	18138	0	0
2014.02.18	1327.24	1332.02	1312.64	1321.84	29069	0	0
2014.02.19	1321.57	1322.83	1308.79	1311.09	26744	0	0
2014.02.20	1310.96	1324.94	1307.34	1322.65	27697	0	0
2014.02.21	1322.81	1328.44	1315.98	1324.16	21035	0	0
2014.02.24	1325.26	1339.01	1318.76	1336.74	27028	0	0
2014.02.25	1335.74	1343.54	1331.19	1340.36	24654	0	0
2014.02.26	1340.56	1345.34	1322.39	1330.54	29724	0	0
2014.02.27	1329.22	1336.08	1323.92	1330.99	27036	0	0
2014.02.28	1331.05	1333.29	1319.74	1326.27	27905	0	0
2014.03.03	1332.27	1354.66	1330.44	1350.32	33113	0	0
2014.03.04	1349.18	1352.49	1331.22	1334.29	29780	0	0
2014.03.05	1334.36	1341.72	1332.64	1336.59	23591	0	0
2014.03.06	1336.93	1351.86	1331.19	1351.16	18835	0	0
2014.03.07	1350.17	1352.87	1328.13	1340.29	21394	0	0
2014.03.10	1339.67	1344.57	1327.93	1339.42	26900	0	0
2014.03.11	1339.47	1352.54	1337.79	1348.82	26803	0	0
2014.03.12	1348.70	1370.84	1345.40	1366.49	33621	0	0
2014.03.13	1366.10	1374.91	1364.46	1369.98	32039	0	0
2014.03.14	1370.13	1387.84	1367.81	1382.72	30760	0	0
2014.03.17	1382.28	1391.99	1361.89	1366.87	31812	0	0
2014.03.18	1367.14	1367.54	1350.65	1355.55	30106	0	0
2014.03.19	1354.69	1359.64	1327.53	1329.42	34952	0	0
2014.03.20	1329.68	1334.59	1320.47	1327.71	33283	0	0
2014.03.21	1327.07	1342.43	1327.04	1334.14	24159	0	0
2014.03.24	1331.84	1334.21	1307.89	1308.51	30680	0	0
2014.03.25	1308.44	1317.25	1305.64	1310.90	28072	0	0
2014.03.26	1310.58	1316.34	1298.61	1304.36	29332	0	0
2014.03.27	1304.33	1306.79	1289.09	1290.91	29823	0	0
2014.03.28	1291.02	1298.68	1285.65	1295.49	26390	0	0
2014.03.31	1293.70	1298.47	1282.42	1283.78	28306	0	0
2014.04.01	1283.73	1287.99	1277.64	1278.49	23829	0	0
2014.04.02	1278.77	1294.51	1278.25	1289.57	23550	0	0
2014.04.03	1289.64	1293.89	1281.69	1286.39	20622	0	0
2014.04.04	1285.99	1306.65	1284.17	1303.86	20745	0	0
2014.04.07	1303.25	1304.14	1295.63	1297.01	15545	0	0
2014.04.08	1296.65	1314.39	1296.32	1308.36	19972	0	0
2014.04.09	1308.13	1315.03	1300.83	1311.66	21265	0	0
2014.04.10	1312.04	1324.48	1310.74	1318.41	22786	0	0
2014.04.11	1317.97	1323.80	1314.11	1318.22	20762	0	0
2014.04.14	1320.30	1331.08	1318.68	1327.54	21072	0	0
2014.04.15	1326.96	1328.14	1286.27	1302.45	30739	0	0
2014.04.16	1302.10	1307.04	1293.50	1302.10	25907	0	0
2014.04.17	1301.64	1304.10	1293.09	1294.91	20090	0	0
2014.04.18	1294.23	1295.15	1294.23	1294.46	120	0	0
2014.04.21	1297.64	1301.47	1281.85	1289.69	23673	0	0
2014.04.22	1289.57	1292.74	1276.97	1283.66	21513	0	0
2014.04.23	1283.02	1288.98	1280.87	1283.66	19799	0	0
2014.04.24	1283.72	1298.48	1268.48	1293.06	28102	0	0
2014.04.25	1293.00	1304.95	1290.37	1302.65	21624	0	0
2014.04.28	1302.04	1306.43	1291.96	1296.48	24684	0	0
2014.04.29	1295.25	1301.31	1286.21	1295.61	23812	0	0
2014.04.30	1295.50	1298.11	1284.94	1291.20	28272	0	0
2014.05.01	1291.10	1292.83	1277.21	1284.07	22276	0	0
2014.05.02	1283.83	1304.63	1274.09	1299.96	27459	0	0
2014.05.05	1300.24	1315.56	1299.41	1309.94	23622	0	0
2014.05.06	1309.64	1313.99	1304.31	1307.82	20863	0	0
2014.05.07	1307.64	1314.46	1286.59	1289.71	27849	0	0
2014.05.08	1289.51	1295.31	1285.00	1288.93	25335	0	0
2014.05.09	1289.29	1294.34	1285.49	1288.57	21553	0	0
2014.05.12	1288.99	1303.80	1277.69	1295.24	24987	0	0
2014.05.13	1295.30	1298.67	1289.09	1293.30	25031	0	0
2014.05.14	1293.11	1308.93	1291.52	1305.12	23482	0	0
2014.05.15	1305.40	1307.04	1290.81	1295.74	27261	0	0
2014.05.16	1296.06	1298.19	1287.75	1293.26	20970	0	0
2014.05.19	1292.00	1305.34	1289.26	1292.21	21865	0	0
2014.05.20	1292.51	1296.82	1285.92	1293.99	22973	0	0
2014.05.21	1293.75	1296.24	1283.24	1291.52	24086	0	0
2014.05.22	1291.49	1303.64	1290.03	1293.85	21921	0	0
2014.05.23	1293.76	1295.46	1286.64	1292.19	17843	0	0
2014.05.26	1291.19	1294.13	1291.09	1292.58	7764	0	0
2014.05.27	1292.26	1293.29	1264.24	1264.24	28351	0	0
2014.05.28	1264.38	1267.16	1255.94	1257.89	30964	0	0
2014.05.29	1257.89	1260.43	1251.43	1255.21	34435	0	0
2014.05.30	1255.25	1260.35	1242.20	1249.34	32100	0	0
2014.06.02	1249.88	1250.74	1241.00	1243.40	27044	0	0
2014.06.03	1243.28	1247.64	1240.58	1244.79	26386	0	0
2014.06.04	1244.33	1249.09	1242.84	1243.66	24961	0	0
2014.06.05	1243.50	1257.67	1241.07	1253.37	32776	0	0
2014.06.06	1252.91	1257.71	1245.84	1253.04	30278	0	0
2014.06.09	1252.49	1256.94	1251.48	1252.08	28759	0	0
2014.06.10	1251.59	1263.57	1250.24	1259.59	25494	0	0
2014.06.11	1259.76	1265.21	1257.69	1260.85	22084	0	0
2014.06.12	1260.56	1274.78	1259.85	1273.09	32437	0	0
2014.06.13	1272.64	1277.85	1270.79	1276.68	27320	0	0
2014.06.16	1276.43	1284.84	1270.58	1271.56	31804	0	0
2014.06.17	1271.30	1273.24	1258.62	1270.49	28952	0	0
2014.06.18	1270.32	1278.39	1266.32	1277.17	29356	0	0
2014.06.19	1277.55	1321.46	1275.94	1319.65	38602	0	0
2014.06.20	1319.06	1321.83	1306.42	1314.96	41635	0	0
2014.06.23	1313.71	1318.41	1309.94	1317.02	28902	0	0
2014.06.24	1317.29	1325.79	1313.79	1317.97	30150	0	0
2014.06.25	1318.24	1324.78	1307.52	1318.86	34403	0	0
2014.06.26	1318.50	1319.74	1306.23	1316.20	30014	0	0
2014.06.27	1315.96	1322.19	1312.59	1315.90	30515	0	0
2014.06.30	1316.23	1329.46	1310.30	1327.03	32694	0	0
2014.07.01	1327.09	1332.83	1323.79	1326.15	31811	0	0
2014.07.02	1326.09	1331.93	1321.25	1326.57	27671	0	0
2014.07.03	1326.60	1327.38	1309.59	1319.16	32849	0	0
2014.07.04	1320.06	1323.15	1318.61	1320.34	12657	0	0
2014.07.07	1320.39	1320.64	1311.43	1319.74	23718	0	0
2014.07.08	1319.61	1324.72	1313.41	1319.11	27356	0	0
2014.07.09	1318.94	1332.30	1317.77	1327.32	31489	0	0
2014.07.10	1327.13	1345.03	1324.17	1335.36	33811	0	0
2014.07.11	1335.04	1339.16	1333.69	1337.95	23199	0	0
2014.07.14	1339.10	1339.47	1303.24	1306.43	40404	0	0
2014.07.15	1306.98	1313.73	1292.14	1293.30	40708	0	0
2014.07.16	1293.58	1303.69	1292.79	1298.36	34646	0	0
2014.07.17	1298.64	1324.56	1297.56	1318.30	43240	0	0
2014.07.18	1318.49	1324.56	1304.50	1310.43	35488	0	0
2014.07.21	1310.22	1318.33	1307.36	1311.67	28467	0	0
2014.07.22	1312.00	1315.72	1301.99	1305.55	31037	0	0
2014.07.23	1307.60	1311.14	1303.08	1303.83	25294	0	0
2014.07.24	1303.86	1305.09	1287.69	1293.03	35586	0	0
2014.07.25	1293.99	1308.53	1290.88	1307.19	25722	0	0
2014.07.28	1307.43	1309.21	1301.34	1303.83	29674	0	0
2014.07.29	1303.78	1312.13	1296.12	1298.21	32811	0	0
2014.07.30	1298.77	1303.57	1291.78	1295.36	32693	0	0
2014.07.31	1295.39	1297.29	1280.94	1282.45	35557	0	0
2014.08.01	1282.85	1296.99	1280.34	1293.00	33663	0	0
2014.08.04	1293.85	1295.37	1286.09	1287.40	26617	0	0
2014.08.05	1287.84	1293.96	1282.49	1287.92	30506	0	0
2014.08.06	1287.88	1309.39	1287.55	1305.03	35651	0	0
2014.08.07	1305.34	1314.39	1301.97	1311.71	37070	0	0
2014.08.08	1312.71	1322.63	1305.07	1310.48	38680	0	0
2014.08.11	1308.85	1311.42	1305.13	1307.63	25616	0	0
2014.08.12	1307.87	1317.77	1305.62	1308.63	27385	0	0
2014.08.13	1308.25	1314.95	1304.86	1312.04	29734	0	0
2014.08.14	1311.97	1319.33	1308.73	1312.60	30037	0	0
2014.08.15	1311.96	1315.11	1292.62	1304.68	34750	0	0
2014.08.18	1302.81	1303.69	1295.59	1297.60	24803	0	0
2014.08.19	1297.77	1302.26	1293.84	1294.94	23730	0	0
2014.08.20	1295.88	1297.88	1287.81	1291.58	29133	0	0
2014.08.21	1290.54	1291.01	1272.89	1275.95	31218	0	0
2014.08.22	1277.00	1282.99	1274.14	1280.00	27554	0	0
2014.08.25	1279.14	1281.04	1272.53	1276.10	22397	0	0
2014.08.26	1276.21	1290.82	1275.08	1280.30	29955	0	0
2014.08.27	1280.20	1287.31	1280.05	1282.53	22920	0	0
2014.08.28	1282.33	1296.44	1282.13	1289.28	32093	0	0
2014.08.29	1289.00	1291.34	1283.36	1286.75	22760	0	0
2014.09.01	1287.54	1289.87	1284.79	1286.75	13381	0	0
2014.09.02	1287.22	1287.54	1262.48	1264.59	32384	0	0
2014.09.03	1265.58	1270.44	1261.22	1268.58	27995	0	0
2014.09.04	1268.87	1277.23	1260.54	1261.55	36305	0	0
2014.09.05	1260.90	1273.61	1257.26	1268.85	29406	0	0
2014.09.08	1268.29	1271.79	1251.43	1254.97	28470	0	0
2014.09.09	1256.31	1258.19	1247.66	1254.99	32390	0	0
2014.09.10	1254.96	1257.74	1243.79	1249.41	37420	0	0
2014.09.11	1248.72	1250.09	1234.91	1240.57	38592	0	0
2014.09.12	1239.76	1241.55	1227.59	1229.24	34910	0	0
2014.09.15	1227.25	1238.45	1225.56	1233.04	26777	0	0
2014.09.16	1232.41	1242.18	1231.74	1235.23	33006	0	0
2014.09.17	1232.79	1239.29	1221.39	1223.30	35027	0	0
2014.09.18	1222.14	1227.84	1215.93	1224.70	38090	0	0
2014.09.19	1224.84	1228.56	1213.75	1215.46	43317	0	0
2014.09.22	1215.12	1220.37	1208.14	1214.56	34444	0	0
2014.09.23	1214.12	1235.67	1214.12	1223.03	41032	0	0
2014.09.24	1222.21	1226.04	1215.69	1216.65	33151	0	0
2014.09.25	1216.58	1224.44	1206.90	1221.14	41262	0	0
2014.09.26	1220.62	1231.25	1212.31	1217.66	31998	0	0
2014.09.29	1218.47	1223.30	1214.89	1215.48	31906	0	0
2014.09.30	1214.72	1220.09	1204.54	1207.84	38628	0	0
2014.10.01	1207.27	1219.31	1204.64	1213.36	38660	0	0
2014.10.02	1212.84	1222.31	1208.73	1214.19	42662	0	0
2014.10.03	1213.48	1215.26	1189.98	1191.99	36194	0	0
2014.10.06	1191.11	1208.98	1182.86	1206.77	36139	0	0
2014.10.07	1207.02	1213.39	1202.89	1208.55	37308	0	0
2014.10.08	1209.09	1224.15	1204.95	1220.80	50365	0	0
2014.10.09	1221.07	1233.32	1218.98	1223.92	51610	0	0
2014.10.10	1224.04	1225.42	1217.35	1222.86	41252	0	0
2014.10.13	1223.20	1237.77	1223.20	1235.53	37358	0	0
2014.10.14	1236.39	1238.12	1230.99	1232.36	41466	0	0
2014.10.15	1230.93	1249.67	1221.89	1241.66	60904	0	0
2014.10.16	1238.81	1245.18	1235.52	1238.76	62176	0	0
2014.10.17	1238.78	1241.70	1231.63	1238.47	43337	0	0
2014.10.20	1238.57	1248.73	1234.61	1246.81	34772	0	0
2014.10.21	1246.81	1255.25	1243.86	1248.47	41813	0	0
2014.10.22	1248.96	1249.76	1240.42	1240.91	32748	0	0
2014.10.23	1241.29	1244.62	1226.30	1231.58	35053	0	0
2014.10.24	1233.39	1234.16	1228.88	1230.31	29918	0	0
2014.10.27	1230.03	1231.98	1225.43	1226.24	25062	0	0
2014.10.28	1225.67	1235.56	1222.44	1228.16	38365	0	0
2014.10.29	1225.85	1230.53	1208.25	1211.77	31203	0	0
2014.10.30	1210.89	1216.77	1195.93	1198.52	51045	0	0
2014.10.31	1197.53	1202.75	1161.24	1172.59	67007	0	0
2014.11.03	1167.22	1173.85	1161.68	1165.13	40150	0	0
2014.11.04	1164.67	1174.92	1163.85	1168.07	44170	0	0
2014.11.05	1166.35	1169.65	1137.73	1139.99	59168	0	0
2014.11.06	1141.09	1149.52	1138.11	1141.55	49114	0	0
2014.11.07	1141.26	1178.70	1131.78	1176.56	60569	0	0
2014.11.10	1177.48	1177.52	1147.30	1151.37	51457	0	0
2014.11.11	1151.90	1173.22	1146.10	1163.84	54719	0	0
2014.11.12	1164.28	1170.13	1157.35	1162.34	52726	0	0
2014.11.13	1161.78	1168.07	1153.99	1162.13	55466	0	0
2014.11.14	1162.46	1193.55	1146.89	1188.60	65888	0	0
2014.11.17	1186.38	1194.26	1181.51	1186.25	68845	0	0
2014.11.18	1185.83	1204.62	1183.45	1196.65	63521	0	0
2014.11.19	1196.25	1202.20	1175.09	1182.34	74385	0	0
2014.11.20	1183.14	1197.11	1176.80	1193.37	74377	0	0
2014.11.21	1194.09	1207.79	1186.80	1201.50	67105	0	0
2014.11.24	1200.41	1204.26	1192.78	1196.71	41518	0	0
2014.11.25	1198.64	1202.93	1190.37	1200.39	41353	0	0
2014.11.26	1201.31	1201.62	1194.81	1197.45	33554	0	0
2014.11.27	1197.07	1199.62	1185.64	1190.84	40912	0	0
2014.11.28	1190.65	1190.82	1165.19	1168.85	52219	0	0
2014.12.01	1155.95	1221.04	1142.77	1211.52	86915	0	0
2014.12.02	1212.25	1212.75	1191.95	1197.86	65596	0	0
2014.12.03	1197.25	1215.05	1194.53	1209.03	47971	0	0
2014.12.04	1208.70	1213.32	1201.28	1204.88	48552	0	0
2014.12.05	1205.90	1207.56	1186.24	1192.00	51838	0	0
2014.12.08	1190.64	1208.82	1187.17	1202.03	45890	0	0
2014.12.09	1203.66	1238.19	1199.32	1230.78	57228	0	0
2014.12.10	1230.73	1238.23	1224.61	1225.94	63445	0	0
2014.12.11	1225.15	1232.71	1215.90	1227.47	64193	0	0
2014.12.12	1227.74	1228.11	1214.35	1222.55	58272	0	0
2014.12.15	1221.99	1224.18	1190.64	1192.89	55858	0	0
2014.12.16	1194.26	1223.47	1187.52	1196.65	69739	0	0
2014.12.17	1195.01	1202.86	1183.61	1189.26	60798	0	0
2014.12.18	1189.22	1213.80	1188.46	1198.42	60409	0	0
2014.12.19	1197.84	1201.29	1193.69	1195.47	47580	0	0
2014.12.22	1195.33	1203.23	1170.69	1176.01	36721	0	0
2014.12.23	1175.41	1184.85	1172.62	1176.19	27891	0	0
2014.12.24	1176.09	1181.07	1172.84	1174.64	16416	0	0
2014.12.26	1176.92	1199.15	1176.52	1195.41	21461	0	0
2014.12.29	1194.12	1197.42	1178.85	1182.88	38447	0	0
2014.12.30	1182.25	1210.68	1180.77	1200.02	54261	0	0
2014.12.31	1199.44	1203.78	1179.63	1182.90	39647	0	0
2015.01.02	1184.48	1194.89	1167.48	1188.82	51547	0	0
2015.01.05	1188.33	1207.44	1178.18	1204.30	57863	0	0
2015.01.06	1202.71	1223.05	1201.66	1218.29	54745	0	0
2015.01.07	1218.78	1218.78	1208.98	1211.30	50773	0	0
2015.01.08	1210.80	1216.63	1204.74	1208.57	43839	0	0
2015.01.09	1208.37	1223.99	1206.95	1222.63	42972	0	0
2015.01.12	1223.33	1235.93	1217.64	1232.95	44910	0	0
2015.01.13	1233.12	1244.09	1227.26	1230.14	56924	0	0
2015.01.14	1230.64	1244.41	1224.99	1228.50	63756	0	0
2015.01.15	1228.73	1266.64	1226.03	1262.17	68601	0	0
2015.01.16	1261.93	1282.12	1255.03	1280.11	56353	0	0
2015.01.19	1279.09	1279.19	1272.09	1276.43	28853	0	0
2015.01.20	1275.88	1297.06	1273.98	1294.98	58858	0	0
2015.01.21	1294.10	1305.11	1284.66	1292.72	57726	0	0
2015.01.22	1293.18	1307.30	1279.57	1302.10	58100	0	0
2015.01.23	1301.89	1302.00	1284.32	1293.89	49652	0	0
2015.01.26	1291.96	1299.15	1275.84	1280.98	50332	0	0
2015.01.27	1280.72	1297.55	1272.26	1291.80	51856	0	0
2015.01.28	1291.73	1293.65	1279.65	1284.17	48562	0	0
2015.01.29	1283.67	1285.84	1252.08	1256.89	55909	0	0
2015.01.30	1258.07	1284.74	1257.13	1283.18	50417	0	0
2015.02.02	1281.81	1283.29	1266.42	1273.98	47717	0	0
2015.02.03	1274.85	1285.71	1255.45	1260.03	50839	0	0
2015.02.04	1260.42	1272.61	1256.67	1269.12	49527	0	0
2015.02.05	1270.12	1273.99	1256.36	1264.41	48197	0	0
2015.02.06	1265.00	1268.72	1228.37	1232.80	48462	0	0
2015.02.09	1235.81	1243.63	1234.34	1238.67	39289	0	0
2015.02.10	1237.85	1245.85	1230.97	1233.32	41970	0	0
2015.02.11	1233.71	1238.72	1216.69	1218.71	39267	0	0
2015.02.12	1218.84	1233.00	1218.19	1221.56	42527	0	0
2015.02.13	1223.02	1234.96	1222.83	1229.45	38426	0	0
2015.02.16	1227.96	1236.67	1227.47	1231.25	22220	0	0
2015.02.17	1230.90	1233.88	1203.77	1209.45	40058	0	0
2015.02.18	1209.24	1213.39	1197.56	1212.18	37108	0	0
2015.02.19	1212.28	1222.98	1205.37	1206.56	40661	0	0
2015.02.20	1207.22	1215.25	1198.35	1201.79	37222	0	0
2015.02.23	1203.58	1210.26	1190.90	1201.46	31491	0	0
2015.02.24	1201.91	1204.47	1190.51	1199.98	39906	0	0
2015.02.25	1200.92	1211.85	1200.83	1204.95	36511	0	0
2015.02.26	1204.23	1219.91	1203.64	1209.26	42600	0	0
2015.02.27	1208.71	1219.31	1204.46	1213.01	40426	0	0
2015.03.02	1213.76	1223.24	1204.70	1206.87	42141	0	0
2015.03.03	1205.87	1214.75	1195.44	1203.56	40921	0	0
2015.03.04	1204.12	1208.99	1198.24	1200.16	39572	0	0
2015.03.05	1200.34	1209.39	1196.49	1198.24	36811	0	0
2015.03.06	1197.80	1200.67	1163.81	1167.26	43860	0	0
2015.03.09	1169.93	1175.32	1165.80	1167.21	35077	0	0
2015.03.10	1166.76	1170.45	1155.25	1161.73	46755	0	0
2015.03.11	1161.76	1165.15	1147.50	1155.13	40938	0	0
2015.03.12	1155.68	1166.51	1148.64	1153.55	41502	0	0
2015.03.13	1153.40	1161.71	1151.39	1157.82	35364	0	0
2015.03.16	1158.61	1164.08	1150.38	1154.52	32704	0	0
2015.03.17	1154.32	1159.77	1142.80	1149.41	37625	0	0
2015.03.18	1148.91	1175.46	1145.92	1167.62	40305	0	0
2015.03.19	1167.28	1177.81	1159.57	1170.83	45712	0	0
2015.03.20	1170.85	1187.91	1168.76	1182.18	42880	0	0
2015.03.23	1183.60	1191.55	1179.29	1189.50	41173	0	0
2015.03.24	1189.09	1195.02	1185.43	1193.07	40868	0	0
2015.03.25	1192.85	1199.67	1186.63	1195.14	37471	0	0
2015.03.26	1195.73	1219.69	1194.44	1204.70	40571	0	0
2015.03.27	1203.59	1206.13	1192.55	1198.42	38255	0	0
2015.03.30	1198.63	1199.43	1182.35	1186.00	33773	0	0
2015.03.31	1185.45	1190.68	1178.47	1183.48	40514	0	0
2015.04.01	1183.41	1208.56	1180.85	1203.90	36070	0	0
2015.04.02	1203.85	1207.31	1194.99	1202.60	38355	0	0
2015.04.06	1216.03	1224.17	1213.95	1214.48	34269	0	0
2015.04.07	1214.53	1215.75	1207.49	1208.91	27671	0	0
2015.04.08	1208.75	1212.32	1197.45	1202.16	31785	0	0
2015.04.09	1202.69	1203.37	1192.66	1194.54	30171	0	0
2015.04.10	1193.94	1210.75	1193.29	1207.44	29501	0	0
2015.04.13	1207.02	1209.49	1196.36	1198.55	29100	0	0
2015.04.14	1198.73	1201.52	1184.01	1192.41	42381	0	0
2015.04.15	1192.25	1204.59	1188.94	1202.28	36354	0	0
2015.04.16	1202.23	1209.11	1194.72	1198.30	43541	0	0
2015.04.17	1198.80	1207.70	1197.43	1204.47	41829	0	0
2015.04.20	1204.63	1209.12	1191.45	1195.39	37823	0	0
2015.04.21	1196.11	1204.26	1193.15	1202.07	32370	0	0
2015.04.22	1202.58	1204.80	1185.75	1186.68	36960	0	0
2015.04.23	1187.50	1198.00	1184.35	1193.71	35052	0	0
2015.04.24	1193.83	1196.01	1175.30	1179.29	32224	0	0
2015.04.27	1179.66	1207.24	1178.65	1201.94	38632	0	0
2015.04.28	1202.28	1215.08	1199.23	1212.05	39747	0	0
2015.04.29	1211.74	1214.08	1201.37	1204.70	43259	0	0
2015.04.30	1204.93	1207.20	1177.08	1184.14	43063	0	0
2015.05.01	1184.25	1185.24	1170.41	1178.33	35455	0	0
2015.05.04	1177.24	1192.85	1177.24	1188.27	33362	0	0
2015.05.05	1188.03	1199.81	1185.73	1193.22	32748	0	0
2015.05.06	1192.82	1197.65	1188.30	1192.07	38118	0	0
2015.05.07	1191.68	1192.78	1178.87	1184.42	37244	0	0
2015.05.08	1184.27	1193.81	1181.74	1188.53	42160	0	0
2015.05.11	1189.55	1191.74	1178.93	1183.92	28147	0	0
2015.05.12	1183.23	1197.14	1180.77	1193.90	35346	0	0
2015.05.13	1192.87	1218.94	1191.29	1215.64	35228	0	0
2015.05.14	1215.46	1227.26	1212.40	1220.97	37132	0	0
2015.05.15	1221.12	1226.17	1211.06	1223.95	36689	0	0
2015.05.18	1223.14	1232.33	1221.57	1225.37	36691	0	0
2015.05.19	1225.33	1225.61	1205.86	1207.69	37745	0	0
2015.05.20	1207.88	1213.47	1203.28	1209.69	36501	0	0
2015.05.21	1209.65	1212.76	1201.58	1206.17	32898	0	0
2015.05.22	1206.49	1214.86	1201.54	1206.37	33574	0	0
2015.05.25	1204.91	1208.67	1202.89	1206.90	15939	0	0
2015.05.26	1206.76	1207.59	1185.59	1187.11	39761	0	0
2015.05.27	1186.93	1190.92	1183.71	1187.79	38286	0	0
2015.05.28	1187.49	1192.16	1180.40	1188.06	36675	0	0
2015.05.29	1187.88	1193.97	1185.61	1190.52	41131	0	0
2015.06.01	1190.38	1204.35	1184.53	1189.09	31957	0	0
2015.06.02	1189.05	1196.35	1185.97	1192.87	39831	0	0
2015.06.03	1193.15	1195.50	1179.49	1185.02	39101	0	0
2015.06.04	1184.80	1186.39	1172.91	1176.74	42384	0	0
2015.06.05	1176.91	1178.50	1162.78	1171.63	32369	0	0
2015.06.08	1171.02	1177.62	1169.22	1174.00	39552	0	0
2015.06.09	1173.90	1182.96	1172.48	1176.77	34559	0	0
2015.06.10	1176.37	1192.31	1175.21	1185.82	43948	0	0
2015.06.11	1186.23	1187.95	1175.77	1181.85	35748	0	0
2015.06.12	1181.74	1184.29	1176.76	1181.54	34737	0	0
2015.06.15	1180.75	1190.36	1172.82	1186.28	35159	0	0
2015.06.16	1185.66	1187.88	1176.11	1181.96	30670	0	0
2015.06.17	1181.55	1189.16	1174.64	1185.54	32577	0	0
2015.06.18	1184.96	1205.75	1183.66	1201.75	38011	0	0
2015.06.19	1201.53	1204.20	1198.38	1200.26	29823	0	0
2015.06.22	1200.08	1201.09	1182.19	1185.89	24084	0	0
2015.06.23	1185.33	1188.13	1176.28	1178.53	29016	0	0
2015.06.24	1177.69	1180.23	1170.56	1175.27	26002	0	0
2015.06.25	1175.04	1178.11	1171.65	1173.02	25514	0	0
2015.06.26	1172.97	1178.68	1168.66	1175.31	29817	0	0
2015.06.29	1184.09	1188.01	1173.89	1179.76	47312	0	0
2015.06.30	1179.65	1180.55	1166.99	1172.17	42351	0	0
2015.07.01	1172.43	1175.14	1167.34	1168.48	31268	0	0
2015.07.02	1168.29	1169.50	1157.12	1166.14	32273	0	0
2015.07.03	1165.47	1170.25	1164.74	1168.68	17598	0	0
2015.07.06	1174.42	1174.83	1162.93	1170.22	37219	0	0
2015.07.07	1170.35	1170.40	1147.94	1154.96	40973	0	0
2015.07.08	1154.75	1164.72	1147.22	1157.93	46399	0	0
2015.07.09	1158.48	1167.73	1156.02	1159.14	38174	0	0
2015.07.10	1159.81	1165.42	1157.55	1163.67	34026	0	0
2015.07.13	1163.25	1164.77	1151.21	1157.90	31887	0	0
2015.07.14	1157.25	1159.82	1152.95	1155.99	29949	0	0
2015.07.15	1155.08	1156.79	1143.28	1149.45	31496	0	0
2015.07.16	1147.07	1149.47	1142.38	1145.31	36294	0	0
2015.07.17	1145.30	1145.74	1131.21	1134.27	36283	0	0
2015.07.20	1133.19	1133.39	1071.59	1096.41	54615	0	0
2015.07.21	1098.19	1109.88	1097.04	1100.89	38158	0	0
2015.07.22	1100.81	1103.44	1087.07	1094.11	42423	0	0
2015.07.23	1094.55	1105.80	1087.30	1090.48	43873	0	0
2015.07.24	1090.48	1101.55	1077.32	1099.21	55904	0	0
2015.07.27	1099.22	1105.00	1088.40	1093.98	53037	0	0
2015.07.28	1094.10	1099.05	1091.64	1095.14	38399	0	0
2015.07.29	1094.84	1102.03	1090.48	1096.90	47411	0	0
2015.07.30	1096.59	1098.62	1082.48	1088.46	49748	0	0
2015.07.31	1087.96	1103.48	1080.08	1095.58	46918	0	0
2015.08.03	1095.76	1097.78	1085.84	1086.69	41920	0	0
2015.08.04	1083.63	1094.86	1080.98	1087.62	44822	0	0
2015.08.05	1087.47	1092.56	1083.03	1084.92	38854	0	0
2015.08.06	1084.28	1094.04	1083.54	1089.44	36431	0	0
2015.08.07	1088.99	1099.52	1082.83	1094.16	41569	0	0
2015.08.10	1094.44	1108.93	1089.84	1104.39	40915	0	0
2015.08.11	1103.80	1119.41	1093.90	1108.89	51087	0	0
2015.08.12	1108.19	1125.52	1101.82	1124.42	51458	0	0
2015.08.13	1125.11	1126.68	1113.66	1115.08	39791	0	0
2015.08.14	1114.75	1121.10	1111.85	1115.02	35600	0	0
2015.08.17	1114.49	1122.81	1113.64	1117.47	32065	0	0
2015.08.18	1117.19	1121.19	1109.72	1117.56	34161	0	0
2015.08.19	1117.89	1134.62	1116.30	1133.92	37903	0	0
2015.08.20	1133.84	1154.03	1132.72	1151.90	46132	0	0
2015.08.21	1153.20	1168.30	1148.99	1160.71	53931	0	0
2015.08.24	1160.80	1169.96	1145.74	1155.02	75461	0	0
2015.08.25	1155.04	1156.63	1134.70	1140.53	60505	0	0
2015.08.26	1140.36	1146.50	1117.73	1125.12	61187	0	0
2015.08.27	1124.98	1129.29	1118.25	1124.75	53073	0	0
2015.08.28	1125.05	1140.82	1123.79	1134.10	48783	0	0
2015.08.31	1133.05	1136.65	1125.78	1134.84	42568	0	0
2015.09.01	1134.40	1147.82	1134.40	1140.10	52336	0	0
2015.09.02	1139.35	1142.49	1132.12	1133.94	46822	0	0
2015.09.03	1133.29	1134.33	1121.91	1125.04	40723	0	0
2015.09.04	1125.01	1132.58	1116.68	1122.32	39243	0	0
2015.09.07	1123.41	1124.76	1116.06	1119.28	22557	0	0
2015.09.08	1118.54	1126.71	1118.54	1121.55	37468	0	0
2015.09.09	1121.95	1125.36	1101.32	1107.61	40948	0	0
2015.09.10	1106.48	1115.05	1103.91	1110.71	42491	0	0
2015.09.11	1110.62	1112.83	1098.77	1107.64	34749	0	0
2015.09.14	1107.77	1110.45	1103.52	1108.84	30024	0	0
2015.09.15	1108.01	1109.38	1102.58	1105.10	29404	0	0
2015.09.16	1105.03	1124.19	1103.98	1119.45	40090	0	0
2015.09.17	1118.94	1135.28	1115.35	1131.33	44051	0	0
2015.09.18	1130.11	1141.72	1127.56	1139.12	46147	0	0
2015.09.21	1139.17	1139.93	1129.63	1133.32	29870	0	0
2015.09.22	1132.80	1136.52	1121.35	1124.67	37645	0	0
2015.09.23	1123.97	1134.22	1121.88	1130.12	34981	0	0
2015.09.24	1129.93	1156.69	1129.81	1153.90	49828	0	0
2015.09.25	1151.03	1151.22	1140.81	1145.64	42636	0	0
2015.09.28	1144.89	1148.09	1127.93	1131.85	91881	0	0
2015.09.29	1131.74	1134.67	1124.33	1127.24	65565	0	0
2015.09.30	1127.28	1128.08	1111.66	1114.93	71077	0	0
2015.10.01	1114.81	1119.21	1111.10	1113.53	47302	0	0
2015.10.02	1113.09	1141.29	1104.68	1138.75	75354	0	0
2015.10.05	1137.32	1142.00	1130.13	1135.65	73776	0	0
2015.10.06	1135.40	1151.24	1134.94	1146.99	66355	0	0
2015.10.07	1146.30	1153.66	1141.86	1145.43	61591	0	0
2015.10.08	1145.05	1151.31	1136.63	1138.92	71770	0	0
2015.10.09	1138.89	1159.66	1138.63	1156.79	79064	0	0
2015.10.12	1154.57	1169.02	1154.28	1163.61	58942	0	0
2015.10.13	1163.03	1168.81	1151.80	1168.63	88048	0	0
2015.10.14	1167.98	1189.80	1163.43	1184.17	76778	0	0
2015.10.15	1181.24	1191.60	1174.39	1183.06	81223	0	0
2015.10.16	1182.26	1184.47	1174.34	1177.34	72393	0	0
2015.10.19	1176.83	1178.23	1168.55	1170.69	66974	0	0
2015.10.20	1170.56	1180.83	1167.34	1175.93	68075	0	0
2015.10.21	1175.33	1179.22	1163.68	1167.05	65027	0	0
2015.10.22	1165.32	1171.75	1162.62	1165.61	63385	0	0
2015.10.23	1163.22	1179.41	1158.93	1164.45	74427	0	0
2015.10.26	1163.82	1169.69	1162.22	1162.90	49422	0	0
2015.10.27	1162.73	1168.77	1160.73	1166.58	51465	0	0
2015.10.28	1166.29	1182.93	1152.32	1155.97	70582	0	0
2015.10.29	1156.11	1162.68	1144.74	1145.86	74427	0	0
2015.10.30	1144.90	1150.07	1139.26	1142.03	61898	0	0
2015.11.02	1141.71	1142.93	1132.70	1133.37	48754	0	0
2015.11.03	1133.37	1138.31	1114.08	1117.65	57524	0	0
2015.11.04	1117.49	1122.79	1104.32	1107.84	65748	0	0
2015.11.05	1107.62	1111.49	1103.04	1103.75	53609	0	0
2015.11.06	1104.00	1110.45	1085.47	1088.83	52957	0	0
2015.11.09	1089.76	1095.74	1088.36	1092.22	58044	0	0
2015.11.10	1091.47	1094.88	1085.28	1089.69	48183	0	0
2015.11.11	1089.18	1094.01	1084.19	1086.28	47549	0	0
2015.11.12	1086.06	1089.65	1074.13	1085.18	57757	0	0
2015.11.13	1084.67	1088.70	1079.63	1083.66	51703	0	0
2015.11.16	1089.46	1098.14	1081.32	1082.63	61762	0	0
2015.11.17	1083.42	1085.09	1065.49	1070.11	65559	0	0
2015.11.18	1071.22	1075.49	1064.07	1070.54	59366	0	0
2015.11.19	1070.07	1087.41	1069.64	1082.12	55127	0	0
2015.11.20	1081.14	1088.04	1075.86	1078.13	39502	0	0
2015.11.23	1076.68	1077.14	1066.59	1069.09	42468	0	0
2015.11.24	1069.19	1081.11	1068.91	1075.55	41602	0	0
2015.11.25	1075.09	1080.81	1067.81	1070.95	42016	0	0
2015.11.26	1071.15	1074.93	1069.79	1071.52	24149	0	0
2015.11.27	1072.04	1073.87	1052.75	1059.98	36120	0	0
2015.11.30	1057.67	1069.70	1053.17	1063.34	37191	0	0
2015.12.01	1064.83	1074.67	1063.30	1069.19	41643	0	0
2015.12.02	1068.40	1071.47	1050.61	1053.54	46047	0	0
2015.12.03	1053.66	1065.49	1046.37	1062.05	64493	0	0
2015.12.04	1062.92	1088.88	1058.19	1086.89	64981	0	0
2015.12.07	1085.73	1086.63	1066.15	1071.14	58676	0	0
2015.12.08	1070.53	1079.18	1067.69	1074.65	59827	0	0
2015.12.09	1074.87	1085.34	1069.44	1072.51	55064	0	0
2015.12.10	1072.03	1076.49	1069.44	1070.57	46337	0	0
2015.12.11	1071.58	1079.67	1062.40	1074.74	57602	0	0
2015.12.14	1073.27	1077.61	1058.56	1059.56	58695	0	0
2015.12.15	1059.72	1068.72	1058.92	1060.83	56621	0	0
2015.12.16	1060.86	1078.45	1060.86	1072.05	55812	0	0
2015.12.17	1073.06	1073.25	1047.69	1051.04	58455	0	0
2015.12.18	1051.63	1071.57	1050.82	1065.97	52053	0	0
2015.12.21	1065.88	1081.79	1063.90	1078.28	48924	0	0
2015.12.22	1078.17	1080.79	1071.88	1072.59	44837	0	0
2015.12.23	1072.77	1075.51	1068.31	1070.03	35182	0	0
2015.12.24	1069.92	1077.11	1069.92	1075.82	26535	0	0
2015.12.28	1075.30	1076.90	1066.48	1068.66	38846	0	0
2015.12.29	1068.59	1075.26	1067.55	1068.90	40134	0	0
2015.12.30	1068.39	1072.13	1059.46	1061.29	36116	0	0
2015.12.31	1060.76	1063.53	1058.20	1061.06	27185	0	0
2016.01.04	1062.39	1083.50	1061.75	1074.35	98242	0	0
2016.01.05	1073.64	1081.97	1072.60	1077.51	69734	0	0
2016.01.06	1077.33	1095.25	1075.04	1093.61	61738	0	0
2016.01.07	1093.67	1110.08	1091.46	1108.76	78271	0	0
2016.01.08	1108.68	1113.11	1091.96	1103.92	79074	0	0
2016.01.11	1103.86	1108.58	1093.62	1093.95	66345	0	0
2016.01.12	1094.68	1099.18	1083.50	1086.47	60427	0	0
2016.01.13	1087.00	1095.50	1079.84	1093.37	57651	0	0
2016.01.14	1093.41	1095.38	1071.43	1078.07	70449	0	0
2016.01.15	1079.18	1097.39	1076.33	1088.76	77150	0	0
2016.01.18	1089.37	1093.31	1087.49	1089.21	34869	0	0
2016.01.19	1089.02	1094.62	1082.51	1087.14	86924	0	0
2016.01.20	1087.17	1109.59	1087.16	1100.58	104174	0	0
2016.01.21	1100.78	1104.53	1092.50	1100.17	111222	0	0
2016.01.22	1101.23	1102.81	1094.05	1097.60	86896	0	0
2016.01.25	1097.50	1108.91	1097.28	1107.57	74228	0	0
2016.01.26	1108.22	1122.94	1107.03	1119.67	86485	0	0
2016.01.27	1119.73	1128.07	1114.90	1124.69	77224	0	0
2016.01.28	1124.92	1125.81	1111.44	1114.89	86078	0	0
2016.01.29	1114.07	1118.42	1108.29	1117.91	84207	0	0
2016.02.01	1117.54	1129.75	1115.56	1128.09	71686	0	0
2016.02.02	1128.35	1131.06	1122.30	1128.53	70098	0	0
2016.02.03	1129.06	1145.52	1124.45	1142.27	102743	0	0
2016.02.04	1141.97	1157.38	1139.37	1155.25	113483	0	0
2016.02.05	1155.16	1174.49	1145.25	1173.08	106325	0	0
2016.02.08	1172.65	1200.89	1164.32	1188.92	117829	0	0
2016.02.09	1188.84	1198.89	1185.78	1188.89	123897	0	0
2016.02.10	1190.05	1197.69	1181.51	1196.71	115867	0	0
2016.02.11	1197.27	1263.25	1195.85	1246.59	152744	0	0
2016.02.12	1246.75	1248.09	1232.53	1238.16	130706	0	0
2016.02.15	1235.30	1235.42	1202.12	1208.54	97792	0	0
2016.02.16	1207.93	1217.02	1190.90	1200.34	156294	0	0
2016.02.17	1200.78	1213.84	1195.72	1208.28	149239	0	0
2016.02.18	1208.81	1239.99	1200.75	1230.68	142297	0	0
2016.02.19	1230.44	1234.56	1220.01	1227.45	148917	0	0
2016.02.22	1225.40	1226.24	1201.96	1208.47	125679	0	0
2016.02.23	1208.32	1228.31	1207.23	1225.47	130991	0	0
2016.02.24	1224.82	1253.34	1221.88	1228.64	184891	0	0
2016.02.25	1227.60	1243.18	1221.19	1232.87	190814	0	0
2016.02.26	1231.70	1240.34	1211.45	1223.44	176042	0	0
2016.02.29	1222.36	1241.12	1215.75	1238.38	158166	0	0
2016.03.01	1238.08	1248.55	1227.22	1231.99	136899	0	0
2016.03.02	1231.53	1244.08	1224.78	1239.82	120976	0	0
2016.03.03	1240.08	1268.31	1237.41	1264.10	127924	0	0
2016.03.04	1263.55	1279.87	1250.45	1258.98	179758	0	0
2016.03.07	1259.81	1273.16	1256.71	1267.17	146547	0	0
2016.03.08	1266.95	1278.13	1260.26	1261.50	145464	0	0
2016.03.09	1261.30	1265.01	1242.96	1253.16	137121	0	0
2016.03.10	1252.60	1273.40	1237.11	1272.10	174541	0	0
2016.03.11	1270.94	1282.90	1248.38	1249.48	146189	0	0
2016.03.14	1250.59	1261.10	1229.37	1235.19	105318	0	0
2016.03.15	1235.88	1238.12	1225.73	1232.46	113427	0	0
2016.03.16	1232.68	1263.90	1226.71	1262.38	122372	0	0
2016.03.17	1261.07	1270.91	1254.44	1257.81	163665	0	0
2016.03.18	1257.09	1266.88	1247.87	1255.34	124532	0	0
2016.03.21	1254.79	1256.02	1240.60	1243.63	101120	0	0
2016.03.22	1243.88	1260.28	1242.36	1248.30	115067	0	0
2016.03.23	1247.68	1249.48	1215.41	1219.90	123613	0	0
2016.03.24	1220.33	1223.89	1212.20	1216.92	103001	0	0
2016.03.28	1213.94	1223.15	1207.07	1221.50	70011	0	0
2016.03.29	1221.30	1243.00	1215.39	1242.06	113835	0	0
2016.03.30	1240.77	1244.21	1223.29	1223.93	118341	0	0
2016.03.31	1225.27	1240.42	1223.74	1232.53	115541	0	0
2016.04.01	1232.15	1235.41	1208.93	1222.27	115556	0	0
2016.04.04	1221.40	1222.64	1214.69	1215.54	102411	0	0
2016.04.05	1215.51	1236.84	1214.83	1231.08	126610	0	0
2016.04.06	1230.79	1232.25	1216.90	1222.43	110871	0	0
2016.04.07	1222.19	1243.28	1222.19	1240.27	138848	0	0
2016.04.08	1239.95	1242.79	1229.60	1240.61	108404	0	0
2016.04.11	1239.99	1258.73	1239.89	1257.76	134010	0	0
2016.04.12	1257.72	1262.68	1251.23	1255.40	114988	0	0
2016.04.13	1255.14	1256.73	1239.80	1242.35	121350	0	0
2016.04.14	1241.83	1244.12	1223.87	1227.73	134175	0	0
2016.04.15	1226.70	1235.93	1225.29	1233.86	93927	0	0
2016.04.18	1234.62	1241.65	1230.07	1232.39	99422	0	0
2016.04.19	1232.22	1256.68	1227.72	1250.17	127154	0	0
2016.04.20	1249.29	1258.02	1242.41	1244.12	116458	0	0
2016.04.21	1242.50	1270.30	1242.50	1247.93	150434	0	0
2016.04.22	1246.69	1252.62	1227.42	1232.85	127017	0	0
2016.04.25	1232.97	1242.30	1230.07	1237.85	105978	0	0
2016.04.26	1237.89	1244.89	1231.36	1243.23	102067	0	0
2016.04.27	1244.03	1252.83	1239.37	1245.63	116120	0	0
2016.04.28	1245.50	1269.64	1237.74	1265.67	145240	0	0
2016.04.29	1266.13	1296.73	1265.03	1293.77	138530	0	0
2016.05.02	1290.93	1303.79	1287.64	1291.55	120347	0	0
2016.05.03	1291.24	1301.78	1282.27	1286.57	135149	0	0
2016.05.04	1285.28	1289.81	1271.84	1277.42	130978	0	0
2016.05.05	1279.16	1286.48	1268.87	1276.91	130559	0	0
2016.05.06	1277.06	1295.60	1274.46	1288.91	143747	0	0
2016.05.09	1284.52	1287.56	1261.34	1263.80	128091	0	0
2016.05.10	1263.93	1269.69	1256.90	1265.49	116191	0	0
2016.05.11	1265.70	1279.10	1264.79	1277.16	117387	0	0
2016.05.12	1277.58	1280.92	1261.84	1263.69	125150	0	0
2016.05.13	1263.25	1276.34	1262.96	1273.41	118193	0	0
2016.05.16	1271.64	1288.74	1270.89	1274.06	121668	0	0
2016.05.17	1273.33	1282.29	1269.05	1278.71	125282	0	0
2016.05.18	1279.02	1281.62	1255.07	1258.38	142967	0	0
2016.05.19	1257.83	1261.28	1243.78	1254.38	137721	0	0
2016.05.20	1254.98	1260.27	1248.83	1252.03	108909	0	0
2016.05.23	1251.08	1256.04	1243.22	1248.92	106569	0	0
2016.05.24	1248.73	1252.19	1226.33	1227.08	121190	0	0
2016.05.25	1227.02	1230.19	1217.86	1224.12	113397	0	0
2016.05.26	1223.44	1234.31	1218.36	1219.70	114132	0	0
2016.05.27	1219.65	1223.58	1206.81	1211.76	109081	0	0
2016.05.30	1212.77	1213.45	1199.73	1205.00	76991	0	0
2016.05.31	1205.79	1218.22	1205.53	1215.31	113660	0	0
2016.06.01	1214.84	1220.45	1206.06	1212.82	104917	0	0
2016.06.02	1213.49	1217.71	1209.87	1210.88	104048	0	0
2016.06.03	1210.78	1244.76	1206.99	1244.65	123831	0	0
2016.06.06	1242.93	1248.74	1240.06	1245.17	114559	0	0
2016.06.07	1245.14	1246.61	1234.84	1243.74	92698	0	0
2016.06.08	1243.99	1264.42	1243.05	1262.54	111024	0	0
2016.06.09	1261.99	1271.75	1256.84	1269.43	98082	0	0
2016.06.10	1268.50	1278.18	1264.58	1274.19	101441	0	0
2016.06.13	1274.85	1287.21	1272.42	1283.57	124686	0	0
2016.06.14	1283.13	1289.81	1276.41	1285.48	108691	0	0
2016.06.15	1284.61	1296.81	1278.49	1291.64	112347	0	0
2016.06.16	1291.80	1315.67	1277.36	1278.56	181091	0	0
2016.06.17	1278.08	1299.64	1276.62	1298.67	126598	0	0
2016.06.20	1289.57	1292.28	1278.04	1289.59	105506	0	0
2016.06.21	1289.79	1294.24	1264.56	1267.93	126176	0	0
2016.06.22	1268.25	1270.71	1261.20	1266.09	112790	0	0
2016.06.23	1264.90	1271.89	1254.47	1256.33	103022	0	0
2016.06.24	1251.61	1358.34	1250.47	1315.78	288610	0	0
2016.06.27	1319.47	1335.43	1317.71	1324.26	202580	0	0
2016.06.28	1324.33	1326.18	1305.53	1311.73	156189	0	0
2016.06.29	1310.60	1327.87	1310.19	1318.87	129012	0	0
2016.06.30	1317.33	1324.18	1312.86	1322.19	130151	0	0
2016.07.01	1321.80	1344.56	1320.54	1342.57	117876	0	0
2016.07.04	1342.36	1357.47	1336.02	1350.88	95655	0	0
2016.07.05	1348.05	1357.69	1338.18	1353.75	151724	0	0
2016.07.06	1355.32	1375.17	1355.18	1363.55	124019	0	0
2016.07.07	1363.52	1370.73	1350.88	1360.63	139323	0	0
2016.07.08	1359.11	1370.41	1335.33	1365.13	137980	0	0
2016.07.11	1367.40	1375.14	1350.90	1355.17	160162	0	0
2016.07.12	1354.84	1357.69	1330.35	1332.83	148509	0	0
2016.07.13	1332.82	1345.33	1327.56	1342.48	136186	0	0
2016.07.14	1343.50	1347.14	1320.20	1334.96	159176	0	0
2016.07.15	1335.70	1338.81	1322.57	1338.41	128927	0	0
2016.07.18	1332.75	1335.50	1323.51	1328.70	116138	0	0
2016.07.19	1328.20	1335.09	1325.63	1331.85	101689	0	0
2016.07.20	1331.36	1338.34	1312.65	1315.81	107585	0	0
2016.07.21	1315.88	1333.92	1310.88	1331.04	136274	0	0
2016.07.22	1331.12	1333.79	1319.70	1322.54	118891	0	0
2016.07.25	1322.78	1323.76	1312.25	1315.68	119922	0	0
2016.07.26	1315.19	1324.49	1313.80	1320.19	123240	0	0
2016.07.27	1319.44	1342.42	1315.76	1340.00	121793	0	0
2016.07.28	1339.37	1345.60	1332.51	1335.32	124705	0	0
2016.07.29	1335.32	1355.04	1328.44	1351.22	156801	0	0
2016.08.01	1349.77	1354.88	1346.28	1352.79	94327	0	0
2016.08.02	1353.27	1367.27	1347.11	1363.39	110909	0	0
2016.08.03	1363.16	1366.48	1354.19	1357.90	94586	0	0
2016.08.04	1358.00	1365.06	1349.12	1361.25	109006	0	0
2016.08.05	1360.69	1364.73	1334.69	1337.05	113536	0	0
2016.08.08	1335.30	1338.28	1329.94	1335.38	104763	0	0
2016.08.09	1335.08	1342.63	1330.56	1340.32	85482	0	0
2016.08.10	1340.47	1357.25	1339.52	1346.42	117055	0	0
2016.08.11	1346.80	1353.33	1335.74	1338.66	104716	0	0
2016.08.12	1338.30	1356.33	1333.28	1336.75	138838	0	0
2016.08.15	1338.16	1343.84	1335.77	1339.40	92348	0	0
2016.08.16	1339.61	1358.06	1339.47	1346.28	114779	0	0
2016.08.17	1345.17	1351.69	1336.07	1348.46	102923	0	0
2016.08.18	1348.32	1356.07	1346.08	1352.62	129057	0	0
2016.08.19	1352.35	1352.86	1337.79	1341.04	103901	0	0
2016.08.22	1340.62	1341.22	1331.75	1338.70	127860	0	0
2016.08.23	1338.57	1344.74	1335.29	1338.03	104537	0	0
2016.08.24	1337.40	1340.16	1323.71	1324.37	103560	0	0
2016.08.25	1324.00	1327.07	1318.07	1321.49	92806	0	0
2016.08.26	1321.27	1342.19	1318.39	1321.89	126739	0	0
2016.08.29	1320.66	1325.15	1315.02	1323.06	110835	0	0
2016.08.30	1323.49	1325.48	1309.28	1311.11	93195	0	0
2016.08.31	1311.48	1316.15	1304.27	1308.80	92900	0	0
2016.09.01	1308.42	1315.14	1302.45	1313.52	86404	0	0
2016.09.02	1313.99	1330.07	1301.19	1324.87	82863	0	0
2016.09.05	1324.22	1328.60	1321.77	1326.98	63807	0	0
2016.09.06	1326.17	1352.55	1324.91	1349.89	114724	0	0
2016.09.07	1347.95	1352.59	1342.76	1344.77	92828	0	0
2016.09.08	1344.78	1349.41	1335.59	1337.60	108258	0	0
2016.09.09	1337.25	1339.51	1327.72	1328.03	96486	0	0
2016.09.12	1328.34	1330.24	1320.52	1327.55	114864	0	0
2016.09.13	1327.90	1331.98	1315.73	1318.44	121913	0	0
2016.09.14	1319.16	1325.96	1313.52	1322.52	101199	0	0
2016.09.15	1321.98	1327.85	1309.30	1314.15	99268	0	0
2016.09.16	1314.77	1318.05	1306.26	1309.73	80889	0	0
2016.09.19	1309.81	1318.38	1309.46	1313.29	73865	0	0
2016.09.20	1312.09	1317.91	1311.99	1314.77	67296	0	0
2016.09.21	1314.57	1337.11	1307.79	1335.27	114136	0	0
2016.09.22	1334.48	1343.70	1331.22	1336.85	83604	0	0
2016.09.23	1336.60	1340.56	1333.80	1338.85	74652	0	0
2016.09.26	1336.75	1342.14	1332.72	1337.66	103856	0	0
2016.09.27	1337.37	1339.49	1324.74	1326.98	117356	0	0
2016.09.28	1325.96	1327.55	1318.02	1321.83	67472	0	0
2016.09.29	1321.24	1325.80	1316.07	1320.58	92896	0	0
2016.09.30	1319.77	1328.10	1313.25	1316.06	111201	0	0
2016.10.03	1318.15	1319.62	1309.34	1311.78	75472	0	0
2016.10.04	1312.16	1312.98	1266.95	1267.93	121857	0	0
2016.10.05	1267.57	1277.10	1262.15	1266.49	93818	0	0
2016.10.06	1267.27	1269.41	1249.87	1254.62	86257	0	0
2016.10.07	1254.85	1265.39	1241.43	1256.63	86742	0	0
2016.10.10	1256.45	1264.91	1256.39	1259.52	59262	0	0
2016.10.11	1259.02	1262.21	1252.51	1252.54	77706	0	0
2016.10.12	1251.41	1258.87	1249.51	1255.09	68795	0	0
2016.10.13	1255.68	1262.32	1253.13	1257.82	76488	0	0
2016.10.14	1257.57	1259.42	1245.99	1250.61	87121	0	0
2016.10.17	1251.05	1257.23	1250.23	1255.41	71681	0	0
2016.10.18	1254.59	1264.72	1254.57	1262.44	72667	0	0
2016.10.19	1261.77	1273.33	1260.31	1269.21	72885	0	0
2016.10.20	1269.29	1274.51	1264.81	1265.82	57264	0	0
2016.10.21	1265.98	1268.01	1261.15	1266.90	56949	0	0
2016.10.24	1264.70	1271.90	1260.16	1264.26	68626	0	0
2016.10.25	1264.67	1276.72	1262.10	1273.64	81520	0	0
2016.10.26	1273.04	1276.45	1264.69	1266.84	79627	0	0
2016.10.27	1266.84	1272.80	1265.09	1268.31	93118	0	0
2016.10.28	1268.23	1284.24	1261.72	1275.84	107803	0	0
2016.10.31	1277.43	1279.49	1271.18	1276.99	91841	0	0
2016.11.01	1276.80	1291.89	1275.56	1287.93	120057	0	0
2016.11.02	1288.06	1308.01	1287.33	1296.10	135241	0	0
2016.11.03	1296.56	1306.67	1285.66	1302.29	152717	0	0
2016.11.04	1301.81	1307.15	1294.76	1304.41	135126	0	0
2016.11.07	1292.69	1295.85	1278.18	1281.59	157929	0	0
2016.11.08	1281.58	1290.67	1272.87	1275.81	167811	0	0
2016.11.09	1275.08	1337.30	1267.97	1277.34	395837	0	0
2016.11.10	1277.71	1292.28	1252.28	1258.95	257608	0	0
2016.11.11	1259.12	1265.40	1219.09	1227.36	232258	0	0
2016.11.14	1227.27	1231.25	1211.60	1220.16	256425	0	0
2016.11.15	1221.65	1231.52	1218.89	1228.51	232490	0	0
2016.11.16	1227.00	1233.06	1221.49	1224.71	220080	0	0
2016.11.17	1224.53	1231.43	1211.04	1216.04	217231	0	0
2016.11.18	1215.53	1217.74	1202.92	1208.59	220888	0	0
2016.11.21	1207.52	1217.60	1205.58	1214.02	183506	0	0
2016.11.22	1213.54	1221.00	1206.15	1212.14	187642	0	0
2016.11.23	1212.54	1214.98	1181.71	1187.29	179471	0	0
2016.11.24	1187.27	1190.86	1180.30	1184.04	122333	0	0
2016.11.25	1181.86	1193.27	1170.85	1183.85	175655	0	0
2016.11.28	1184.47	1197.62	1182.57	1192.86	194917	0	0
2016.11.29	1193.16	1195.08	1181.07	1188.23	190727	0	0
2016.11.30	1188.51	1194.93	1170.69	1173.01	221634	0	0
2016.12.01	1172.97	1176.73	1160.73	1171.42	216529	0	0
2016.12.02	1172.25	1178.13	1166.72	1177.04	183152	0	0
2016.12.05	1180.05	1188.07	1157.17	1169.68	239527	0	0
2016.12.06	1170.52	1175.30	1166.78	1169.50	171020	0	0
2016.12.07	1169.36	1180.31	1165.55	1173.86	157820	0	0
2016.12.08	1173.01	1178.65	1169.21	1170.44	175762	0	0
2016.12.09	1170.49	1172.02	1156.25	1158.44	153715	0	0
2016.12.12	1158.72	1165.87	1151.24	1162.11	163501	0	0
2016.12.13	1162.82	1165.01	1154.60	1157.90	166345	0	0
2016.12.14	1157.48	1165.31	1139.12	1143.09	191934	0	0
2016.12.15	1141.28	1144.37	1122.82	1127.89	213530	0	0
2016.12.16	1128.14	1141.26	1126.64	1134.77	170775	0	0
2016.12.19	1132.90	1142.34	1132.90	1138.58	140878	0	0
2016.12.20	1137.11	1139.72	1125.76	1132.15	177191	0	0
2016.12.21	1132.20	1137.13	1129.36	1131.12	136516	0	0
2016.12.22	1131.42	1134.08	1127.76	1128.15	114981	0	0
2016.12.23	1127.95	1135.80	1127.95	1133.48	52215	0	0
2016.12.27	1133.67	1150.57	1131.65	1138.40	84774	0	0
2016.12.28	1136.64	1144.45	1136.53	1141.00	95098	0	0
2016.12.29	1141.82	1159.49	1141.62	1157.23	86621	0	0
2016.12.30	1158.13	1163.22	1149.68	1152.16	88498	0	0
2017.01.03	1149.87	1164.49	1146.05	1158.55	187520	0	0
2017.01.04	1158.08	1167.91	1156.17	1163.02	192188	0	0
2017.01.05	1163.27	1185.01	1162.95	1179.91	240711	0	0
2017.01.06	1179.88	1182.97	1170.95	1172.64	202728	0	0
2017.01.09	1171.65	1186.18	1171.50	1180.52	180084	0	0
2017.01.10	1180.15	1190.64	1180.15	1187.57	167561	0	0
2017.01.11	1187.97	1198.27	1177.19	1191.56	213376	0	0
2017.01.12	1190.69	1206.96	1190.52	1195.38	209764	0	0
2017.01.13	1193.04	1201.57	1187.95	1197.42	188098	0	0
2017.01.16	1199.17	1208.68	1198.14	1202.42	115204	0	0
2017.01.17	1202.80	1218.86	1202.22	1216.95	221892	0	0
2017.01.18	1217.26	1217.73	1202.34	1203.95	114326	0	0
2017.01.19	1202.32	1206.48	1195.87	1204.62	142836	0	0
2017.01.20	1204.88	1214.96	1198.56	1210.03	131055	0	0
2017.01.23	1208.66	1219.50	1208.66	1217.99	125582	0	0
2017.01.24	1218.02	1220.20	1206.60	1208.99	132072	0	0
2017.01.25	1208.59	1209.77	1193.31	1200.08	165945	0	0
2017.01.26	1201.15	1202.58	1184.41	1188.62	159298	0	0
2017.01.27	1189.00	1191.68	1180.58	1191.59	149985	0	0
2017.01.30	1191.80	1199.41	1188.30	1195.40	166183	0	0
2017.01.31	1195.54	1215.34	1193.76	1210.60	200240	0	0
2017.02.01	1210.25	1213.24	1198.19	1209.67	206830	0	0
2017.02.02	1209.15	1225.33	1208.44	1215.84	193209	0	0
2017.02.03	1215.70	1221.39	1206.29	1220.05	169917	0	0
2017.02.06	1219.35	1235.70	1219.19	1235.32	182648	0	0
2017.02.07	1234.73	1235.80	1227.78	1233.63	164577	0	0
2017.02.08	1233.66	1244.75	1230.08	1241.53	193385	0	0
2017.02.09	1240.76	1244.52	1225.36	1228.63	173568	0	0
2017.02.10	1228.01	1237.14	1221.66	1233.75	220292	0	0
2017.02.13	1232.26	1232.85	1219.34	1225.35	191692	0	0
2017.02.14	1225.21	1234.52	1221.93	1228.53	216995	0	0
2017.02.15	1227.42	1233.38	1216.71	1233.28	169302	0	0
2017.02.16	1233.10	1242.38	1232.11	1239.25	198930	0	0
2017.02.17	1239.01	1243.80	1234.82	1234.89	172042	0	0
2017.02.20	1235.02	1238.97	1232.83	1237.36	84905	0	0
2017.02.21	1237.64	1238.86	1226.11	1235.76	161838	0	0
2017.02.22	1236.05	1240.61	1231.23	1237.34	173382	0	0
2017.02.23	1237.38	1251.11	1235.79	1249.28	158249	0	0
2017.02.24	1249.06	1260.13	1247.77	1256.85	154850	0	0
2017.02.27	1257.90	1263.90	1251.00	1252.82	158914	0	0
2017.02.28	1252.28	1258.44	1247.62	1248.21	151976	0	0
2017.03.01	1247.86	1250.64	1236.94	1249.59	210968	0	0
2017.03.02	1249.30	1250.02	1230.89	1234.19	144409	0	0
2017.03.03	1233.78	1236.32	1222.84	1234.51	157840	0	0
2017.03.06	1233.41	1236.84	1224.88	1225.35	127858	0	0
2017.03.07	1225.32	1227.20	1214.18	1215.66	132867	0	0
2017.03.08	1215.39	1218.54	1206.65	1208.12	144685	0	0
2017.03.09	1207.85	1209.01	1199.21	1200.95	142718	0	0
2017.03.10	1200.51	1206.34	1195.04	1204.53	131337	0	0
2017.03.13	1204.47	1211.20	1202.48	1203.99	111016	0	0
2017.03.14	1203.15	1207.63	1197.32	1198.46	115672	0	0
2017.03.15	1198.61	1222.00	1197.56	1219.39	119902	0	0
2017.03.16	1219.15	1233.74	1218.06	1226.15	115864	0	0
2017.03.17	1226.21	1231.70	1224.51	1229.21	87622	0	0
2017.03.20	1229.02	1235.55	1229.02	1233.95	69843	0	0
2017.03.21	1233.85	1247.63	1226.92	1244.32	107642	0	0
2017.03.22	1243.87	1251.34	1243.87	1248.71	121491	0	0
2017.03.23	1248.58	1253.28	1242.78	1244.90	110666	0	0
2017.03.24	1244.94	1251.87	1241.02	1245.47	91170	0	0
2017.03.27	1245.68	1261.07	1245.68	1254.15	103706	0	0
2017.03.28	1253.56	1258.41	1247.70	1251.69	99379	0	0
2017.03.29	1250.53	1254.67	1247.31	1253.01	87954	0	0
2017.03.30	1253.43	1253.83	1242.32	1242.96	90237	0	0
2017.03.31	1240.65	1250.58	1239.71	1248.89	89602	0	0
2017.04.03	1250.07	1253.71	1244.49	1253.30	76539	0	0
2017.04.04	1253.39	1261.25	1253.33	1255.83	72870	0	0
2017.04.05	1256.17	1257.36	1243.72	1255.37	101967	0	0
2017.04.06	1255.60	1258.94	1249.77	1251.51	85474	0	0
2017.04.07	1251.31	1270.89	1250.59	1254.32	166453	0	0
2017.04.10	1253.82	1257.12	1247.15	1254.27	97875	0	0
2017.04.11	1254.82	1275.12	1253.11	1274.26	112821	0	0
2017.04.12	1274.78	1286.74	1271.92	1286.12	118575	0	0
2017.04.13	1286.20	1288.58	1281.88	1287.15	103941	0	0
2017.04.17	1290.31	1295.53	1281.42	1284.34	84370	0	0
2017.04.18	1284.44	1292.36	1279.00	1289.07	102238	0	0
2017.04.19	1289.65	1290.72	1274.07	1279.57	92826	0	0
2017.04.20	1279.53	1283.45	1276.62	1281.46	88962	0	0
2017.04.21	1281.86	1288.31	1278.54	1284.45	99239	0	0
2017.04.24	1275.83	1277.44	1265.49	1275.23	136429	0	0
2017.04.25	1276.25	1278.16	1261.67	1263.54	112712	0	0
2017.04.26	1264.07	1270.62	1260.00	1268.72	230049	0	0
2017.04.27	1268.56	1269.63	1261.25	1264.15	197307	0	0
2017.04.28	1263.84	1268.52	1263.04	1268.05	164736	0	0
2017.05.01	1267.31	1271.15	1254.20	1256.25	124295	0	0
2017.05.02	1256.36	1257.75	1252.00	1256.66	137798	0	0
2017.05.03	1256.53	1256.94	1235.87	1237.99	162832	0	0
2017.05.04	1237.86	1241.28	1225.74	1227.57	185482	0	0
2017.05.05	1228.08	1235.60	1226.09	1227.70	187161	0	0
2017.05.08	1220.97	1236.54	1220.91	1225.76	161207	0	0
2017.05.09	1225.77	1228.61	1214.27	1220.93	156997	0	0
2017.05.10	1221.82	1225.66	1217.61	1218.82	157737	0	0
2017.05.11	1217.95	1227.70	1216.97	1224.69	150471	0	0
2017.05.12	1224.80	1231.78	1224.43	1228.56	138550	0	0
2017.05.15	1228.00	1237.34	1226.94	1229.86	135892	0	0
2017.05.16	1230.23	1239.13	1230.23	1236.80	133965	0	0
2017.05.17	1236.99	1261.29	1236.47	1261.08	248513	0	0
2017.05.18	1260.71	1265.05	1246.04	1247.10	315112	0	0
2017.05.19	1246.22	1256.44	1246.11	1255.31	187451	0	0
2017.05.22	1257.51	1262.60	1251.77	1260.42	140470	0	0
2017.05.23	1259.59	1263.77	1250.68	1250.98	184106	0	0
2017.05.24	1250.50	1258.95	1247.92	1258.55	174431	0	0
2017.05.25	1257.27	1259.65	1253.85	1255.49	150249	0	0
2017.05.26	1255.32	1269.47	1253.10	1267.07	135181	0	0
2017.05.29	1267.47	1269.10	1265.03	1266.44	39217	0	0
2017.05.30	1265.97	1270.49	1259.39	1262.70	135863	0	0
2017.05.31	1261.99	1274.12	1259.58	1268.72	158461	0	0
2017.06.01	1268.25	1270.32	1261.53	1265.80	147369	0	0
2017.06.02	1264.92	1279.45	1258.91	1278.66	160218	0	0
2017.06.05	1279.97	1283.44	1277.77	1279.48	127886	0	0
2017.06.06	1278.81	1296.08	1278.81	1294.02	182695	0	0
2017.06.07	1294.18	1294.93	1282.63	1286.73	174228	0	0
2017.06.08	1286.42	1288.94	1271.35	1277.82	201797	0	0
2017.06.09	1281.23	1281.65	1264.64	1266.69	216747	0	0
2017.06.12	1267.01	1270.41	1263.63	1265.72	188678	0	0
2017.06.13	1265.41	1268.93	1259.20	1266.43	141093	0	0
2017.06.14	1266.35	1281.00	1257.18	1261.03	237529	0	0
2017.06.15	1260.60	1266.66	1251.46	1253.84	218518	0	0
2017.06.16	1253.40	1257.16	1251.84	1253.44	132782	0	0
2017.06.19	1254.17	1255.64	1243.04	1243.64	111150	0	0
2017.06.20	1244.04	1248.11	1241.34	1243.10	100053	0	0
2017.06.21	1242.75	1247.81	1240.84	1246.49	124554	0	0
2017.06.22	1245.20	1254.80	1245.12	1250.38	132903	0	0
2017.06.23	1249.81	1258.88	1249.81	1256.65	96246	0	0
2017.06.26	1257.18	1258.08	1235.99	1244.46	124675	0	0
2017.06.27	1244.21	1253.10	1241.38	1247.07	98872	0	0
2017.06.28	1246.28	1254.94	1246.26	1249.09	98176	0	0
2017.06.29	1248.70	1253.17	1239.79	1245.20	117025	0	0
2017.06.30	1244.86	1248.24	1239.25	1241.49	101368	0	0
2017.07.03	1241.71	1242.67	1218.48	1220.18	86161	0	0
2017.07.04	1220.50	1226.53	1220.29	1222.67	44000	0	0
2017.07.05	1223.93	1228.83	1217.44	1226.76	97455	0	0
2017.07.06	1226.90	1229.26	1222.50	1225.02	104245	0	0
2017.07.07	1225.04	1228.44	1207.30	1212.19	186593	0	0
2017.07.10	1212.09	1215.61	1204.83	1214.13	142517	0	0
2017.07.11	1214.11	1217.42	1208.21	1217.26	159273	0	0
2017.07.12	1216.30	1225.76	1213.47	1220.33	168147	0	0
2017.07.13	1218.69	1224.44	1216.52	1217.38	146987	0	0
2017.07.14	1216.68	1232.83	1214.76	1228.88	163235	16264599999837286	0
2017.07.17	1228.43	1236.05	1228.19	1233.93	128049	12804799999871819	9
2017.07.18	1233.78	1244.57	1232.82	1242.36	176941	17694099999823037	9
2017.07.19	1242.32	1244.05	1235.88	1241.13	138229	13822899999861703	9
2017.07.20	1240.90	1247.54	1235.31	1244.46	185844	18584399999814134	9
2017.07.21	1244.32	1255.71	1243.36	1254.78	161773	16177299999838202	9
2017.07.24	1255.17	1258.83	1251.94	1255.14	147439	14743799999852445	9
2017.07.25	1254.75	1257.76	1249.13	1249.82	160854	16085399999838999	9
2017.07.26	1249.86	1263.51	1243.77	1260.79	150288	15028799999849524	9
2017.07.27	1260.26	1265.26	1254.55	1258.90	180502	18050199999819442	9
2017.07.28	1258.47	1270.85	1257.35	1268.97	181488	18148799999818002	8
2017.07.31	1269.29	1271.10	1265.77	1269.38	153637	15363599999846063	9
2017.08.01	1269.12	1274.10	1262.53	1268.80	185335	18533499999814585	9
2017.08.02	1268.56	1272.80	1262.88	1266.53	182302	18230199999817561	9
2017.08.03	1266.27	1270.82	1256.64	1268.48	178198	17819799999821638	5
2017.08.04	1269.02	1270.22	1254.22	1258.87	171479	17147899999828451	5
2017.08.07	1258.37	1259.94	1255.80	1257.76	122160	12215999999877817	5
2017.08.08	1256.97	1265.24	1251.54	1260.83	177536	17753599999820021	5
2017.08.09	1260.57	1278.74	1260.11	1277.26	224726	22472599999774978	5
2017.08.10	1276.92	1287.85	1274.68	1286.33	220917	22091699999778901	5
2017.08.11	1286.32	1292.06	1281.33	1290.50	197558	19755799999802266	5
2017.08.14	1288.81	1290.25	1278.64	1281.76	178916	17891599999821038	5
2017.08.15	1281.63	1282.07	1267.33	1271.35	197354	19735399999802531	5
2017.08.16	1271.27	1283.94	1267.80	1283.07	208806	20880599999791011	5
2017.08.17	1282.71	1290.16	1281.84	1287.93	264530	26452999999735402	5
2017.08.18	1287.87	1300.87	1283.49	1284.75	280166	28016599999719713	5
2017.08.21	1283.61	1293.88	1280.61	1291.92	212140	21213999999787740	5
2017.08.22	1291.74	1292.60	1282.04	1284.98	189308	18930799999809884	5
2017.08.23	1284.74	1291.46	1282.82	1290.69	197879	19787899999802102	5
2017.08.24	1290.47	1291.23	1284.52	1286.29	208168	20816799999791771	5
2017.08.25	1286.11	1294.64	1276.37	1291.58	232809	23280899999767137	5
2017.08.28	1292.19	1312.13	1291.84	1309.87	181233	18123299999818588	5
2017.08.29	1309.79	1326.04	1305.01	1309.53	331294	33129399999668568	5
2017.08.30	1309.04	1313.74	1305.20	1308.72	233731	23373099999766223	5
2017.08.31	1308.31	1323.66	1297.69	1321.36	245311	24531099999754635	5
2017.09.01	1321.10	1328.85	1316.45	1324.68	237159	23715899999751765	5
2017.09.04	1334.53	1339.90	1331.87	1334.01	142587	14257899999856980	5
2017.09.05	1334.01	1344.38	1326.17	1339.68	283929	28392899999715051	5
2017.09.06	1339.38	1342.49	1331.60	1334.09	254933	25493299999744515	5
2017.09.07	1334.05	1349.92	1332.61	1349.03	278812	27881199999720696	5
2017.09.08	1348.88	1357.54	1342.79	1346.60	299874	29987399999699914	5
2017.09.11	1334.87	1340.07	1326.42	1327.54	233006	23300499999766673	5
2017.09.12	1327.23	1332.17	1322.68	1331.91	238031	23803099999761459	5
2017.09.13	1331.55	1334.70	1320.87	1323.13	231582	23158199999768103	5
2017.09.14	1322.91	1330.83	1315.71	1329.46	248132	24813199999750654	5
2017.09.15	1329.29	1334.40	1319.73	1320.39	254821	25482099999744799	5
2017.09.18	1319.23	1319.97	1304.68	1307.51	201518	20151799999798323	5
2017.09.19	1306.72	1311.72	1305.19	1311.13	220390	22038999999779366	5
2017.09.20	1310.92	1316.04	1296.05	1301.17	250481	25048099999748426	5
2017.09.21	1300.84	1301.75	1288.16	1291.35	256024	25602399999743486	5
2017.09.22	1290.98	1298.74	1290.82	1297.01	210209	21020899999789289	5
2017.09.25	1297.72	1312.14	1289.33	1310.60	261290	26128999999738269	5
2017.09.26	1310.41	1313.68	1292.21	1293.72	251525	25152499999747490	5
2017.09.27	1293.44	1296.25	1281.49	1282.81	256707	25670699999742929	5
2017.09.28	1282.48	1288.82	1277.77	1287.40	243432	24343199999756364	5
2017.09.29	1286.88	1290.37	1275.87	1279.43	221692	22169199999777930	5
2017.10.02	1278.65	1280.16	1269.61	1270.83	212279	21227899999787531	5
2017.10.03	1270.08	1274.77	1268.35	1271.82	175496	17549599999824219	5
2017.10.04	1271.32	1282.25	1270.59	1274.68	195897	19589699999803705	5
2017.10.05	1274.59	1279.02	1266.40	1268.13	184993	18499299999814616	5
2017.10.06	1268.04	1276.36	1260.64	1276.27	220528	22052799999779290	5
2017.10.09	1275.21	1285.46	1275.21	1283.96	158077	15807699999841356	5
2017.10.10	1283.77	1294.24	1282.15	1287.74	233086	23308599999766519	5
2017.10.11	1287.66	1293.57	1284.59	1291.73	225081	22508099999774665	5
2017.10.12	1291.50	1297.51	1289.69	1293.49	201235	20123499999798426	5
2017.10.13	1293.39	1303.78	1291.02	1303.37	225431	22543099999774268	5
2017.10.16	1302.57	1306.08	1290.49	1295.11	207645	20764499999791861	5
2017.10.17	1294.79	1296.28	1281.40	1285.16	217573	21757299999781918	5
2017.10.18	1284.90	1288.88	1277.00	1280.89	198626	19862599999800986	5
2017.10.19	1280.68	1290.50	1276.62	1289.70	269610	26960999999729857	5
2017.10.20	1289.75	1291.12	1277.94	1280.22	249485	24948499999749731	5
2017.10.23	1279.47	1283.31	1272.59	1282.00	214163	0	5
2017.10.24	1281.68	1283.67	1273.77	1276.68	226161	0	5
2017.10.25	1276.55	1280.04	1271.04	1277.45	270112	0	5
2017.10.26	1277.19	1282.57	1265.75	1267.06	268466	0	5
2017.10.27	1267.13	1273.82	1263.74	1273.54	255454	0	5
2017.10.30	1273.01	1278.85	1268.98	1276.31	136067	0	5
2017.10.31	1276.46	1278.19	1267.75	1270.81	213985	0	5
2017.11.01	1270.63	1280.93	1268.01	1274.56	237371	0	5
2017.11.02	1274.66	1284.18	1273.40	1275.91	282756	0	5
2017.11.03	1276.60	1280.51	1265.54	1270.14	209419	0	5
2017.11.06	1269.19	1282.93	1266.07	1281.10	228685	0	5
2017.11.07	1281.67	1281.84	1271.91	1276.37	234050	0	5
2017.11.08	1275.08	1287.24	1275.08	1280.61	230055	0	5
2017.11.09	1281.36	1288.54	1280.00	1286.00	308139	0	5
2017.11.10	1285.41	1287.10	1273.47	1276.07	251092	0	5
2017.11.13	1274.01	1279.78	1273.78	1277.70	210097	0	5
2017.11.14	1278.34	1283.63	1270.03	1280.24	241152	0	5
2017.11.15	1280.34	1289.65	1276.75	1278.75	295876	0	5
2017.11.16	1277.83	1281.82	1275.16	1278.81	237195	0	5
2017.11.17	1278.76	1296.95	1278.28	1294.96	261777	0	5
2017.11.20	1293.27	1294.82	1274.28	1277.47	267008	0	5
2017.11.21	1276.82	1284.77	1276.27	1279.93	238676	0	5
2017.11.22	1280.66	1294.70	1279.07	1291.55	254080	0	5
2017.11.23	1292.17	1293.58	1287.02	1290.83	124372	0	5
2017.11.24	1291.35	1293.25	1285.73	1288.45	185343	0	5
2017.11.27	1288.32	1299.24	1286.77	1293.67	215230	0	5
2017.11.28	1293.64	1297.46	1290.69	1293.37	227429	0	5
2017.11.29	1293.94	1296.70	1282.05	1285.03	274949	0	5
2017.11.30	1283.25	1285.31	1270.40	1275.00	279263	0	5
2017.12.01	1274.93	1289.33	1271.65	1279.99	342774	0	5
2017.12.04	1274.06	1277.16	1271.08	1276.39	269600	0	5
2017.12.05	1276.09	1277.06	1261.01	1267.46	240096	0	5
2017.12.06	1265.73	1269.27	1262.59	1264.76	274382	0	5
2017.12.07	1262.34	1264.48	1243.99	1247.76	255997	0	5
2017.12.08	1247.10	1252.37	1243.97	1248.00	245446	0	5
2017.12.11	1247.39	1251.56	1240.73	1242.85	194657	0	5
2017.12.12	1241.95	1246.24	1236.52	1244.27	195525	0	5
2017.12.13	1243.97	1257.07	1240.29	1255.37	255448	0	5
2017.12.14	1255.23	1259.09	1250.52	1253.02	238980	0	5
2017.12.15	1253.05	1261.87	1252.73	1256.11	242643	0	5
2017.12.18	1255.22	1264.01	1252.79	1261.47	222215	0	5
2017.12.19	1262.28	1265.30	1259.28	1262.18	209449	0	5
2017.12.20	1261.60	1267.91	1261.36	1265.51	217984	0	5
2017.12.21	1265.24	1269.01	1262.81	1267.87	183843	0	5
2017.12.22	1266.85	1276.26	1265.05	1273.91	172112	0	5
2017.12.26	1274.31	1283.81	1273.37	1282.84	113838	0	5
2017.12.27	1283.27	1289.03	1281.30	1288.07	186906	0	5
2017.12.28	1287.81	1295.24	1287.01	1294.45	186053	0	5
2017.12.29	1294.97	1307.60	1293.89	1303.42	179668	0	5
2018.01.02	1302.74	1318.51	1302.06	1318.26	218049	0	5
2018.01.03	1317.49	1321.47	1307.46	1314.65	222978	0	5
2018.01.04	1312.89	1326.03	1305.91	1321.97	229737	0	5
2018.01.05	1321.87	1323.46	1313.70	1320.26	234560	0	5
2018.01.08	1319.77	1322.17	1314.84	1320.09	166205	0	5
2018.01.09	1319.75	1320.49	1308.85	1313.83	221690	0	5
2018.01.10	1311.90	1327.74	1308.26	1317.69	284921	0	5
2018.01.11	1316.23	1323.98	1315.72	1322.01	241528	0	5
2018.01.12	1322.22	1339.39	1321.59	1338.98	248899	0	5
2018.01.15	1336.41	1344.77	1335.92	1339.99	171340	0	5
2018.01.16	1339.99	1342.32	1331.91	1339.56	253721	0	5
2018.01.17	1338.46	1344.00	1326.84	1329.15	293521	0	5
2018.01.18	1326.85	1333.14	1324.26	1326.56	278384	0	5
2018.01.19	1326.54	1338.09	1326.32	1332.89	255541	0	5
2018.01.22	1333.85	1335.68	1328.44	1334.71	209677	0	5
2018.01.23	1332.86	1341.81	1331.39	1341.03	244925	0	5
2018.01.24	1340.93	1362.14	1339.52	1357.67	288213	0	5
2018.01.25	1356.73	1366.08	1342.48	1348.26	390037	0	5
2018.01.26	1346.73	1357.14	1344.63	1349.54	343974	0	5
2018.01.29	1349.07	1352.41	1337.61	1342.08	269644	0	5
2018.01.30	1340.23	1348.93	1334.46	1336.75	314959	0	5
2018.01.31	1337.86	1347.58	1332.70	1345.91	334270	0	5
2018.02.01	1344.18	1350.67	1337.27	1350.04	329951	0	5
2018.02.02	1348.61	1350.08	1327.42	1329.93	367455	0	5
2018.02.05	1331.85	1341.61	1329.02	1336.76	395554	0	5
2018.02.06	1339.49	1346.12	1320.24	1321.65	594018	0	5
2018.02.07	1322.83	1332.32	1311.49	1315.26	442595	0	5
2018.02.08	1317.70	1322.17	1307.07	1317.58	463841	0	5
2018.02.09	1318.14	1322.68	1311.15	1313.13	480488	0	5
2018.02.12	1314.94	1326.81	1314.18	1321.57	307167	0	5
2018.02.13	1322.06	1331.08	1321.63	1329.21	334862	0	5
2018.02.14	1328.76	1355.62	1317.62	1352.17	453834	0	5
2018.02.15	1349.68	1357.15	1348.58	1353.34	353395	0	5
2018.02.16	1353.33	1361.75	1344.78	1348.67	336883	0	5
2018.02.19	1347.51	1351.40	1345.82	1346.62	172067	0	5
2018.02.20	1346.32	1348.20	1328.48	1330.43	303206	0	5
2018.02.21	1328.47	1336.24	1322.40	1324.15	352353	0	5
2018.02.22	1323.39	1332.09	1320.96	1331.02	325145	0	5
2018.02.23	1331.25	1332.17	1325.83	1329.23	260299	0	5
2018.02.26	1328.20	1341.06	1326.69	1333.24	283836	0	5
2018.02.27	1333.05	1336.74	1313.44	1318.46	337134	0	5
2018.02.28	1317.26	1322.56	1315.64	1318.07	302459	0	5
2018.03.01	1317.57	1321.18	1302.82	1316.96	439215	0	5
2018.03.02	1316.38	1325.47	1315.25	1322.18	364412	0	5
2018.03.05	1323.75	1327.79	1317.56	1320.30	353118	0	5
2018.03.06	1319.42	1338.48	1319.42	1334.62	355366	0	5
2018.03.07	1337.66	1340.51	1322.20	1325.52	375974	0	5
2018.03.08	1324.64	1329.05	1319.00	1321.91	317077	0	5
2018.03.09	1321.39	1325.16	1312.89	1323.46	329781	0	5
2018.03.12	1322.96	1324.15	1315.09	1321.90	244841	0	5
2018.03.13	1323.53	1328.34	1313.85	1326.38	304115	0	5
2018.03.14	1325.46	1330.04	1321.47	1324.93	291115	0	5
2018.03.15	1324.00	1327.92	1314.95	1316.12	288160	0	5
2018.03.16	1316.20	1321.75	1309.65	1313.58	293170	0	5
2018.03.19	1313.07	1319.64	1307.79	1316.88	323640	0	5
2018.03.20	1316.46	1318.28	1307.21	1311.13	303687	0	5
2018.03.21	1310.74	1336.74	1309.85	1332.04	369163	0	5
2018.03.22	1331.94	1334.90	1324.82	1328.92	404981	0	5
2018.03.23	1328.92	1350.24	1328.92	1347.60	423512	0	5
2018.03.26	1346.17	1355.93	1343.50	1353.48	307745	0	5
2018.03.27	1353.34	1356.84	1339.87	1344.68	329598	0	5
2018.03.28	1345.44	1347.05	1323.48	1324.76	411118	0	5
2018.03.29	1324.62	1328.35	1321.20	1325.15	323180	0	5
2018.04.02	1325.74	1344.96	1324.84	1341.29	314720	0	5
2018.04.03	1340.68	1342.50	1328.91	1332.77	365205	0	5
2018.04.04	1332.59	1348.26	1331.52	1333.22	401430	0	5
2018.04.05	1332.97	1334.90	1322.76	1326.56	317086	0	5
2018.04.06	1326.17	1335.46	1319.88	1332.80	414572	0	5
2018.04.09	1333.57	1338.00	1326.90	1336.26	316801	0	5
2018.04.10	1335.96	1342.58	1331.10	1339.56	336727	0	5
2018.04.11	1339.34	1365.29	1339.10	1353.18	355615	0	5
2018.04.12	1352.65	1353.19	1333.76	1335.00	351774	0	5
2018.04.13	1334.55	1347.19	1333.29	1345.16	303711	0	5
2018.04.16	1346.37	1350.53	1340.19	1345.82	275552	0	5
2018.04.17	1346.20	1349.42	1337.69	1347.27	259737	0	5
2018.04.18	1347.35	1355.75	1342.32	1349.30	281431	0	5
2018.04.19	1349.07	1354.74	1340.95	1345.46	314702	0	5
2018.04.20	1345.48	1346.31	1334.98	1335.55	253147	0	5
2018.04.23	1333.91	1335.49	1322.12	1324.73	245773	0	5
2018.04.24	1324.44	1332.68	1322.09	1330.40	279114	0	5
2018.04.25	1330.13	1332.08	1318.82	1323.30	249768	0	5
2018.04.26	1322.44	1326.62	1315.31	1316.92	272375	0	5
2018.04.27	1316.70	1325.24	1315.43	1323.04	247096	0	5
2018.04.30	1322.54	1325.97	1310.23	1315.26	228135	0	5
2018.05.01	1314.98	1316.37	1301.81	1303.96	217706	0	5
2018.05.02	1303.48	1313.51	1303.42	1304.75	303608	0	5
2018.05.03	1304.25	1318.12	1304.25	1312.17	306958	0	5
2018.05.04	1311.84	1315.40	1307.99	1314.72	255806	0	5
2018.05.07	1314.98	1318.95	1310.25	1314.15	210218	0	5
2018.05.08	1312.94	1317.83	1306.10	1314.36	293232	0	5
2018.05.09	1314.57	1317.45	1304.31	1312.70	275670	0	5
2018.05.10	1312.48	1322.89	1310.78	1321.29	289835	0	5
2018.05.11	1321.30	1325.96	1317.37	1318.08	225645	0	5
2018.05.14	1317.92	1322.37	1312.98	1313.36	210551	0	5
2018.05.15	1312.95	1314.89	1288.71	1290.57	275737	0	5
2018.05.16	1290.11	1296.92	1286.40	1290.74	279395	0	5
2018.05.17	1290.25	1294.41	1285.12	1290.85	265686	0	5
2018.05.18	1290.53	1294.24	1286.09	1292.64	221623	0	5
2018.05.21	1290.52	1293.16	1282.09	1292.66	235592	0	5
2018.05.22	1292.10	1296.26	1287.98	1291.33	254996	0	5
2018.05.23	1291.27	1298.53	1287.94	1293.40	326115	0	5
2018.05.24	1293.64	1306.64	1292.77	1304.76	259285	0	5
2018.05.25	1304.30	1307.80	1299.89	1300.80	276135	0	5
2018.05.28	1299.62	1300.36	1295.54	1297.67	166223	0	5
2018.05.29	1297.42	1306.56	1293.02	1298.64	365184	0	5
2018.05.30	1298.25	1304.37	1295.90	1301.31	380137	0	5
2018.05.31	1301.25	1306.47	1297.70	1298.11	329776	0	5
2018.06.01	1298.63	1300.64	1289.36	1293.47	289104	0	5
2018.06.04	1292.53	1298.10	1290.26	1291.86	240169	0	5
2018.06.05	1292.09	1300.56	1289.81	1296.41	254697	0	5
2018.06.06	1296.18	1301.83	1293.81	1296.51	237272	0	5
2018.06.07	1296.40	1303.15	1294.89	1297.09	269847	0	5
2018.06.08	1296.82	1300.57	1293.34	1298.71	243675	0	5
2018.06.11	1299.77	1302.24	1294.12	1300.24	194569	0	5
2018.06.12	1299.77	1300.57	1293.19	1295.78	200616	0	5
2018.06.13	1294.91	1301.24	1292.02	1299.50	219337	0	5
2018.06.14	1299.13	1309.29	1297.54	1302.09	268830	0	5
2018.06.15	1302.21	1303.14	1275.46	1280.22	282836	0	5
2018.06.18	1277.47	1282.44	1276.99	1278.33	182341	0	5
2018.06.19	1278.10	1284.08	1270.45	1274.44	284468	0	5
2018.06.20	1274.70	1276.43	1267.66	1267.94	234514	0	5
2018.06.21	1267.54	1270.13	1261.37	1267.08	269045	0	5
2018.06.22	1266.56	1271.22	1266.36	1269.22	211025	0	5
2018.06.25	1270.08	1272.58	1264.49	1265.45	225148	0	5
2018.06.26	1265.53	1267.66	1254.76	1258.81	242278	0	5
2018.06.27	1258.80	1260.11	1250.73	1252.02	290991	0	5
2018.06.28	1251.07	1254.27	1245.96	1248.17	273433	0	5
2018.06.29	1247.13	1255.64	1246.14	1252.90	261186	0	5
2018.07.02	1251.42	1254.20	1239.69	1241.88	231608	0	5
2018.07.03	1241.87	1256.88	1237.95	1252.69	249765	0	5
2018.07.04	1251.39	1261.10	1251.39	1256.62	168715	0	5
2018.07.05	1256.27	1259.76	1251.31	1257.62	238773	0	5
2018.07.06	1256.58	1258.88	1252.81	1254.67	214306	0	7
2018.07.09	1255.20	1265.95	1254.79	1257.63	184551	0	7
2018.07.10	1257.31	1260.37	1247.36	1255.48	202307	0	7
2018.07.11	1255.75	1256.92	1241.55	1242.07	262318	0	7
2018.07.12	1242.00	1248.56	1241.33	1247.07	203629	0	7
2018.07.13	1247.02	1248.13	1236.50	1241.24	207546	0	7
2018.07.16	1240.71	1245.57	1238.34	1240.89	166349	0	7
2018.07.17	1240.43	1245.01	1226.09	1227.60	224441	0	7
2018.07.18	1226.76	1229.15	1221.07	1227.48	207543	0	7
2018.07.19	1227.09	1229.13	1211.53	1222.72	290289	0	7
2018.07.20	1222.98	1232.28	1215.68	1231.61	318782	0	7
2018.07.23	1230.52	1235.15	1222.26	1224.49	252268	0	7
2018.07.24	1223.45	1229.53	1218.14	1224.40	256993	0	7
2018.07.25	1223.50	1234.18	1223.27	1231.45	252274	0	7
2018.07.26	1231.01	1235.25	1222.36	1222.56	241630	0	7
2018.07.27	1221.96	1227.34	1217.56	1222.97	204027	0	7
2018.07.30	1221.32	1225.09	1219.01	1221.44	164443	0	7
2018.07.31	1221.25	1228.62	1213.99	1223.70	247351	0	7
2018.08.01	1222.69	1224.83	1215.80	1215.94	231032	0	5
2018.08.02	1215.02	1221.15	1207.10	1207.75	230822	0	5
2018.08.03	1207.34	1220.05	1204.50	1213.29	237005	0	5
2018.08.06	1213.47	1217.88	1206.37	1207.34	183484	0	5
2018.08.07	1206.54	1216.15	1206.54	1210.95	187847	0	5
2018.08.08	1210.03	1215.87	1206.48	1213.65	210351	0	5
2018.08.09	1213.07	1217.29	1210.77	1212.30	217595	0	5
2018.08.10	1211.41	1217.11	1205.75	1211.55	321526	0	5
2018.08.13	1210.67	1213.86	1191.66	1193.53	311036	0	5
2018.08.14	1193.88	1198.73	1192.05	1193.93	233806	0	5
2018.08.15	1193.47	1194.71	1173.10	1174.67	311077	0	5
2018.08.16	1174.79	1182.08	1160.20	1174.04	356958	0	5
2018.08.17	1173.25	1185.03	1171.92	1184.33	269164	0	5
2018.08.20	1183.33	1190.87	1182.80	1190.48	207396	0	5
2018.08.21	1190.18	1197.03	1187.66	1196.06	238514	0	5
2018.08.22	1195.92	1201.60	1192.57	1195.44	237343	0	5
2018.08.23	1195.91	1196.62	1183.90	1185.19	242357	0	5
2018.08.24	1184.99	1208.57	1183.14	1206.01	267902	0	5
2018.08.27	1207.01	1212.41	1203.09	1211.25	207725	0	5
2018.08.28	1210.37	1214.30	1199.63	1201.03	244454	0	5
2018.08.29	1199.61	1207.25	1199.61	1206.53	234584	0	5
2018.08.30	1205.92	1207.86	1196.29	1199.81	253726	0	7
2018.08.31	1199.64	1208.86	1198.26	1200.93	260723	0	7
2018.09.03	1200.62	1203.89	1195.67	1200.25	146720	0	7
2018.09.04	1200.80	1202.02	1189.64	1191.40	254323	0	7
2018.09.05	1190.72	1198.41	1190.72	1196.70	219460	0	7
2018.09.06	1196.66	1206.99	1195.83	1200.06	249572	0	7
2018.09.07	1199.23	1203.53	1193.46	1195.95	265154	0	7
2018.09.10	1195.08	1198.52	1191.55	1195.81	202666	0	7
2018.09.11	1194.92	1199.38	1187.73	1198.62	207406	0	7
2018.09.12	1198.05	1208.48	1192.70	1206.13	245355	0	7
2018.09.13	1206.88	1212.65	1200.18	1201.39	240179	0	7
2018.09.14	1201.26	1208.57	1193.27	1193.74	203359	0	7
2018.09.17	1193.72	1204.82	1192.83	1201.33	194798	0	7
2018.09.18	1201.14	1203.55	1195.89	1198.25	249172	0	7
2018.09.19	1198.01	1206.21	1197.65	1203.91	209155	0	7
2018.09.20	1203.93	1208.46	1201.31	1207.08	213275	0	7
2018.09.21	1207.08	1211.04	1191.83	1199.23	226832	0	7
2018.09.24	1199.04	1204.19	1194.44	1198.79	180713	0	7
2018.09.25	1197.85	1203.35	1197.10	1201.13	191623	0	7
2018.09.26	1200.73	1202.47	1190.53	1194.35	221896	0	7
2018.09.27	1193.86	1198.62	1181.86	1182.74	240021	0	7
2018.09.28	1182.00	1193.82	1180.67	1191.63	224391	0	7
2018.10.01	1192.31	1192.40	1184.62	1188.74	106081	0	5
2018.10.02	1188.60	1208.26	1187.66	1202.94	123149	0	5
2018.10.03	1202.24	1208.31	1196.53	1197.29	120491	0	5
2018.10.04	1196.67	1206.79	1196.00	1199.79	133840	0	5
2018.10.05	1199.12	1205.81	1197.26	1202.91	125443	0	5
2018.10.08	1202.99	1204.08	1183.23	1187.93	118660	0	5
2018.10.09	1188.52	1191.92	1183.34	1189.71	125378	0	5
2018.10.10	1189.03	1194.76	1185.34	1194.68	128410	0	5
2018.10.11	1194.39	1226.32	1191.29	1224.19	355285	0	5
2018.10.12	1224.03	1224.29	1215.85	1217.85	267001	0	7
2018.10.15	1217.54	1233.28	1216.87	1226.84	232136	0	7
2018.10.16	1226.06	1232.43	1223.37	1224.72	214839	0	7
2018.10.17	1223.88	1229.52	1220.65	1222.21	228595	0	7
2018.10.18	1221.27	1230.14	1218.70	1225.74	244681	0	7
2018.10.19	1225.46	1230.81	1223.13	1226.59	215779	0	7
2018.10.22	1227.30	1229.57	1220.08	1221.99	196795	0	7
2018.10.23	1221.67	1239.76	1221.59	1230.10	243165	0	7
2018.10.24	1230.43	1234.24	1225.64	1234.03	228984	0	7
2018.10.25	1233.77	1239.22	1228.12	1232.09	244584	0	7
2018.10.26	1231.62	1243.44	1230.07	1233.76	311992	0	7
2018.10.29	1233.68	1235.39	1224.36	1229.33	249018	0	7
2018.10.30	1229.69	1230.61	1219.91	1223.00	241888	0	7
2018.10.31	1222.77	1223.30	1211.96	1214.61	216975	0	7
2018.11.01	1214.50	1237.37	1214.32	1233.12	247993	0	7
2018.11.02	1233.18	1236.43	1229.75	1232.94	283325	0	7
2018.11.05	1232.88	1235.17	1226.88	1231.60	117986	0	5
2018.11.06	1231.55	1235.94	1223.49	1226.92	106023	0	5
2018.11.07	1226.32	1236.40	1223.02	1226.57	150108	0	5
2018.11.08	1225.49	1227.10	1220.12	1223.49	122067	0	5
2018.11.09	1222.60	1223.69	1206.78	1209.44	125730	0	5
2018.11.12	1209.57	1211.49	1200.15	1200.43	104753	0	5
2018.11.13	1200.30	1205.18	1196.31	1202.12	131237	0	5
2018.11.14	1202.08	1216.56	1197.71	1210.77	140329	0	5
2018.11.15	1210.99	1216.47	1207.92	1213.26	139895	0	5
2018.11.16	1213.64	1225.31	1212.30	1221.40	115983	0	5
2018.11.19	1221.93	1225.19	1218.02	1224.02	94343	0	5
2018.11.20	1224.07	1228.78	1219.98	1221.56	111592	0	5
2018.11.21	1221.68	1230.08	1219.78	1225.94	99307	0	5
2018.11.22	1224.85	1229.12	1224.85	1226.75	55710	0	5
2018.11.23	1226.78	1228.54	1220.37	1222.96	71725	0	5
2018.11.26	1223.54	1228.07	1221.73	1222.24	87361	0	5
2018.11.27	1221.40	1225.30	1211.93	1215.02	104656	0	5
2018.11.28	1213.91	1226.66	1211.24	1220.86	104027	0	5
2018.11.29	1219.66	1229.00	1219.66	1224.30	115480	0	5
2018.11.30	1223.27	1225.57	1216.68	1222.10	95628	0	5
2018.12.03	1225.08	1234.93	1220.90	1230.70	124555	0	5
2018.12.04	1230.14	1241.94	1229.73	1238.44	131190	0	5
2018.12.05	1238.19	1239.25	1233.33	1237.08	75845	0	5
2018.12.06	1236.90	1244.34	1234.77	1237.79	142663	0	5
2018.12.07	1236.83	1250.05	1236.38	1248.61	125604	0	5
2018.12.10	1249.70	1250.89	1241.60	1244.37	123367	0	5
2018.12.11	1244.08	1249.53	1241.06	1243.02	114076	0	5
2018.12.12	1242.98	1247.20	1242.02	1245.57	107782	0	5
2018.12.13	1244.92	1246.72	1240.15	1241.94	99943	0	5
2018.12.14	1241.12	1243.03	1232.93	1238.14	97509	0	5
2018.12.17	1239.10	1248.09	1235.81	1245.86	86433	0	5
2018.12.18	1244.65	1250.36	1244.65	1249.43	101308	0	5
2018.12.19	1249.64	1258.04	1241.68	1242.96	130977	0	5
2018.12.20	1243.08	1266.48	1242.73	1259.70	166221	0	5
2018.12.21	1259.57	1262.71	1253.93	1255.53	131384	0	5
2018.12.24	1257.09	1269.58	1257.09	1268.86	89703	0	5
2018.12.26	1269.26	1279.10	1264.30	1266.90	111671	0	5
2018.12.27	1266.89	1278.94	1265.76	1275.61	144964	0	5
2018.12.28	1275.41	1282.14	1274.11	1280.66	117107	0	5
2018.12.31	1280.31	1284.07	1277.43	1282.44	87739	0	5
2019.01.02	1281.46	1288.75	1278.73	1284.48	130078	0	5
2019.01.03	1285.71	1294.92	1284.45	1294.16	156477	0	5
2019.01.04	1292.90	1298.55	1276.66	1284.68	149823	0	5
2019.01.07	1285.32	1295.07	1282.69	1289.11	115144	0	5
2019.01.08	1288.67	1290.22	1279.40	1285.25	113913	0	5
2019.01.09	1283.72	1293.86	1280.08	1293.23	124867	0	5
2019.01.10	1293.73	1297.07	1286.14	1286.47	125173	0	5
2019.01.11	1286.21	1295.16	1286.21	1287.61	113213	0	5
2019.01.14	1287.38	1295.88	1287.38	1291.53	107301	0	5
2019.01.15	1291.97	1294.76	1286.76	1289.34	125423	0	5
2019.01.16	1289.07	1294.99	1287.88	1293.49	103279	0	5
2019.01.17	1293.85	1295.33	1288.75	1291.95	108739	0	5
2019.01.18	1292.04	1292.48	1280.63	1281.36	105028	0	5
2019.01.21	1281.53	1283.56	1276.79	1280.23	54865	0	5
2019.01.22	1279.62	1285.53	1277.45	1285.03	92890	0	5
2019.01.23	1284.96	1286.53	1278.68	1282.68	91691	0	5
2019.01.24	1282.76	1284.83	1276.77	1281.09	102335	0	5
2019.01.25	1280.86	1303.79	1279.85	1302.91	109487	0	5
2019.01.28	1301.30	1304.43	1297.63	1303.18	93980	0	5
2019.01.29	1302.14	1311.97	1302.05	1311.46	94797	0	5
2019.01.30	1311.74	1323.37	1309.08	1319.66	111989	0	5
2019.01.31	1319.65	1326.28	1317.45	1321.36	112903	0	5
2019.02.01	1321.05	1323.56	1316.17	1317.87	104533	0	5
2019.02.04	1318.02	1319.04	1308.65	1312.09	68997	0	5
2019.02.05	1311.51	1316.90	1310.75	1315.24	68201	0	5
2019.02.06	1314.72	1315.82	1305.73	1306.50	72016	0	5
2019.02.07	1306.29	1311.96	1302.74	1310.09	78731	0	5
2019.02.08	1309.38	1315.65	1307.81	1314.17	65788	0	5
2019.02.11	1314.03	1314.90	1303.69	1308.13	69642	0	5
2019.02.12	1307.98	1314.77	1306.52	1310.75	62636	0	5
2019.02.13	1310.70	1318.14	1305.04	1306.15	75740	0	5
2019.02.14	1305.26	1314.33	1302.38	1312.41	88660	0	5
2019.02.15	1312.39	1322.56	1311.42	1321.58	72394	0	5
2019.02.18	1321.36	1327.63	1319.40	1326.43	45868	0	5
2019.02.19	1325.86	1341.85	1322.88	1341.04	83631	0	5
2019.02.20	1340.61	1346.74	1336.87	1338.48	88912	0	5
2019.02.21	1337.65	1341.49	1321.00	1323.26	111046	0	5
2019.02.22	1323.28	1333.11	1321.56	1327.78	89797	0	5
2019.02.25	1329.25	1332.56	1325.19	1327.41	85692	0	5
2019.02.26	1327.44	1330.19	1323.52	1328.93	80538	0	5
2019.02.27	1328.83	1329.91	1316.90	1319.74	77142	0	5
2019.02.28	1319.62	1327.29	1312.64	1313.13	100454	0	5
2019.03.01	1312.90	1315.23	1290.21	1293.57	102073	0	5
2019.03.04	1293.25	1297.07	1282.87	1286.62	91216	0	5
2019.03.05	1286.64	1289.61	1281.21	1287.80	88349	0	5
2019.03.06	1286.78	1290.97	1283.64	1286.38	81213	0	5
2019.03.07	1285.94	1289.06	1280.39	1285.53	85442	0	5
2019.03.08	1285.34	1300.74	1284.88	1298.38	94272	0	5
2019.03.11	1297.55	1299.12	1290.51	1293.37	70807	0	5
2019.03.12	1293.53	1302.19	1292.06	1301.40	78135	0	5
2019.03.13	1301.38	1311.26	1300.60	1309.05	65851	0	5
2019.03.14	1308.82	1310.34	1292.85	1296.13	76229	0	5
2019.03.15	1295.83	1306.39	1294.02	1302.13	73907	0	5
2019.03.18	1302.32	1306.74	1298.24	1303.59	57247	0	5
2019.03.19	1303.51	1310.91	1302.35	1306.45	58555	0	5
2019.03.20	1305.53	1317.00	1298.70	1312.51	90130	0	5
2019.03.21	1312.59	1320.38	1303.30	1309.39	84493	0	5
2019.03.22	1309.30	1314.95	1306.87	1313.20	91065	0	5
2019.03.25	1313.53	1324.55	1311.00	1321.82	92325	0	5
2019.03.26	1321.47	1323.28	1312.71	1315.58	108981	0	7
2019.03.27	1314.92	1319.30	1308.14	1309.43	123662	0	7
2019.03.28	1308.00	1312.34	1288.58	1290.27	134753	0	7
2019.03.29	1289.14	1299.79	1286.77	1292.26	122887	0	7
2019.04.01	1292.44	1297.03	1286.49	1287.62	117061	0	7
2019.04.02	1286.89	1292.59	1285.31	1292.40	105268	0	7
2019.04.03	1291.49	1294.59	1288.42	1289.82	99511	0	7
2019.04.04	1289.08	1294.41	1280.90	1292.13	90150	0	7
2019.04.05	1291.52	1293.63	1284.40	1291.61	96730	0	7
2019.04.08	1291.90	1303.72	1291.47	1297.39	89542	0	7
2019.04.09	1296.94	1306.20	1296.59	1304.04	85390	0	7
2019.04.10	1303.50	1310.60	1300.95	1308.02	86790	0	7
2019.04.11	1307.61	1309.21	1289.65	1292.58	93665	0	7
2019.04.12	1291.50	1295.77	1290.09	1290.62	84171	0	7
2019.04.15	1290.78	1291.99	1282.54	1287.87	84396	0	7
2019.04.16	1287.15	1288.75	1272.96	1276.78	94604	0	7
2019.04.17	1276.66	1279.81	1273.04	1273.97	72371	0	7
2019.04.18	1273.29	1277.68	1271.17	1275.61	73545	0	7
2019.04.22	1275.94	1279.85	1273.83	1274.84	49455	0	7
2019.04.23	1274.98	1276.52	1266.31	1272.27	68966	0	7
2019.04.24	1271.33	1278.60	1268.77	1275.58	80023	0	7
2019.04.25	1275.86	1282.62	1273.37	1277.16	89826	0	7
2019.04.26	1276.94	1288.69	1274.14	1286.09	96839	0	7
2019.04.29	1287.17	1287.17	1278.09	1279.77	73722	0	7
2019.04.30	1279.82	1286.24	1279.74	1283.43	90566	0	7
2019.05.01	1282.45	1287.26	1272.96	1276.61	96504	0	7
2019.05.02	1277.00	1278.05	1266.29	1270.53	89428	0	7
2019.05.03	1270.13	1282.57	1268.16	1279.14	91535	0	7
2019.05.06	1280.60	1285.78	1277.02	1280.37	105075	0	7
2019.05.07	1281.10	1286.09	1278.19	1284.35	107831	0	7
2019.05.08	1284.09	1291.50	1279.36	1280.78	111536	0	7
2019.05.09	1279.89	1288.23	1279.63	1283.88	118221	0	7
2019.05.10	1283.50	1289.40	1283.15	1285.75	115076	0	7
2019.05.13	1287.51	1301.27	1281.99	1299.76	115385	0	7
2019.05.14	1299.43	1303.36	1293.73	1296.89	87718	0	7
2019.05.15	1297.10	1300.88	1293.04	1296.46	101550	0	7
2019.05.16	1296.12	1298.72	1284.09	1286.59	92492	0	7
2019.05.17	1286.27	1288.93	1274.88	1277.59	101976	0	7
2019.05.20	1277.20	1278.97	1273.66	1277.72	88866	0	7
2019.05.21	1276.66	1277.94	1269.51	1274.71	82160	0	7
2019.05.22	1274.24	1277.31	1272.50	1273.32	76962	0	7
2019.05.23	1273.13	1287.28	1272.84	1283.39	97498	0	7
2019.05.24	1283.36	1285.24	1280.78	1284.87	74481	0	7
2019.05.27	1284.22	1287.40	1283.78	1284.96	37250	0	7
2019.05.28	1285.03	1286.64	1276.14	1279.36	88586	0	7
2019.05.29	1278.94	1285.57	1278.94	1279.83	103921	0	5
2019.05.30	1279.53	1289.22	1275.04	1288.40	89224	0	5
2019.05.31	1288.24	1306.97	1288.01	1305.27	112169	0	5
2019.06.03	1307.51	1327.98	1306.03	1324.73	98755	0	5
2019.06.04	1324.17	1329.07	1319.97	1325.28	97005	0	5
2019.06.05	1324.07	1344.13	1324.04	1330.24	129148	0	5
2019.06.06	1331.24	1339.84	1327.27	1335.46	107177	0	5
2019.06.07	1334.86	1348.28	1330.28	1340.35	93581	0	5
2019.06.10	1336.98	1337.76	1325.12	1327.97	91900	0	5
2019.06.11	1328.00	1329.89	1319.88	1326.79	85410	0	5
2019.06.12	1327.20	1338.41	1326.03	1333.48	93209	0	5
2019.06.13	1332.35	1343.16	1332.35	1341.96	79317	0	5
2019.06.14	1342.06	1358.19	1337.78	1341.11	113715	0	5
2019.06.17	1341.61	1343.53	1332.99	1339.65	97795	0	5
2019.06.18	1339.91	1354.68	1338.64	1346.60	133112	0	5
2019.06.19	1346.43	1362.61	1341.36	1360.34	130064	0	5
2019.06.20	1360.41	1393.94	1357.72	1388.32	186739	0	5
2019.06.21	1387.27	1411.87	1382.54	1398.89	204766	0	5
2019.06.24	1400.01	1421.50	1399.83	1419.43	299213	0	5
2019.06.25	1418.73	1439.23	1411.95	1423.24	457736	0	5
2019.06.26	1423.12	1424.42	1401.87	1409.02	373703	0	5
2019.06.27	1408.37	1412.17	1398.70	1409.86	287145	0	5
2019.06.28	1408.75	1424.71	1405.70	1410.06	293267	0	5
2019.07.01	1397.52	1397.80	1381.81	1384.25	327535	0	5
2019.07.02	1383.44	1421.05	1383.24	1418.03	289210	0	5
2019.07.03	1419.03	1437.75	1412.09	1418.64	362817	0	5
2019.07.04	1418.91	1421.73	1410.23	1415.16	130252	0	5
2019.07.05	1415.22	1424.22	1386.64	1398.39	338651	0	5
2019.07.08	1397.89	1407.67	1391.73	1395.29	261394	0	5
2019.07.09	1395.25	1400.10	1385.74	1397.57	251058	0	5
2019.07.10	1397.42	1418.98	1389.92	1418.85	323074	0	5
2019.07.11	1417.73	1427.24	1400.81	1403.74	320921	0	5
2019.07.12	1403.85	1416.93	1403.14	1415.07	258835	0	5
2019.07.15	1414.90	1419.78	1407.74	1413.85	205595	0	5
2019.07.16	1413.20	1418.28	1400.86	1405.79	271583	0	5
2019.07.17	1405.12	1426.80	1400.10	1426.16	253801	0	5
2019.07.18	1425.80	1448.15	1414.63	1446.11	328886	0	5
2019.07.19	1445.92	1452.97	1420.21	1424.97	405951	0	5
2019.07.22	1427.03	1430.07	1422.27	1424.65	269063	0	5
2019.07.23	1425.20	1430.23	1414.27	1417.52	310809	0	5
2019.07.24	1416.82	1429.54	1416.38	1425.53	253506	0	5
2019.07.25	1425.80	1433.86	1411.05	1414.17	311040	0	5
2019.07.26	1413.46	1424.90	1413.44	1418.59	229295	0	5
2019.07.29	1414.90	1428.14	1414.87	1426.71	150154	0	5
2019.07.30	1426.63	1433.30	1422.32	1430.75	198705	0	5
2019.07.31	1431.08	1434.75	1410.54	1412.62	298705	0	5
2019.08.01	1412.65	1446.07	1400.53	1444.56	402382	0	5
2019.08.02	1444.86	1448.86	1430.34	1440.54	435755	0	5
2019.08.05	1440.49	1469.79	1436.75	1463.76	469129	0	5
2019.08.06	1467.53	1474.94	1456.45	1474.41	394221	0	5
2019.08.07	1474.43	1510.49	1472.25	1501.08	563177	0	5
2019.08.08	1500.50	1509.58	1490.08	1501.04	411021	0	5
2019.08.09	1504.25	1509.03	1494.84	1497.07	355118	0	5
2019.08.12	1497.61	1520.01	1487.36	1510.92	370560	0	5
2019.08.13	1510.19	1535.09	1479.93	1501.16	509822	0	5
2019.08.14	1501.45	1524.09	1494.16	1516.34	525187	0	5
2019.08.15	1515.86	1527.08	1507.90	1523.13	508834	0	5
2019.08.16	1522.42	1528.03	1503.76	1512.54	366473	0	5
2019.08.19	1512.46	1513.03	1493.26	1495.95	337225	0	5
2019.08.20	1495.92	1508.61	1492.98	1507.31	278864	0	5
2019.08.21	1507.83	1508.10	1496.50	1502.52	274957	0	5
2019.08.22	1502.39	1504.64	1492.53	1498.05	283026	0	5
2019.08.23	1498.41	1530.28	1493.58	1526.45	396302	0	5
2019.08.26	1539.00	1555.23	1525.03	1527.32	512174	0	5
2019.08.27	1527.63	1544.70	1525.69	1542.54	372820	0	5
2019.08.28	1542.31	1546.92	1531.94	1539.18	361359	0	5
2019.08.29	1538.55	1550.39	1519.80	1527.42	423911	0	5
2019.08.30	1527.41	1533.18	1517.00	1520.71	389389	0	5
2019.09.02	1529.41	1534.53	1519.30	1527.62	196783	0	5
2019.09.03	1528.16	1549.77	1521.67	1547.58	427052	0	5
2019.09.04	1546.91	1557.08	1533.89	1552.49	405881	0	5
2019.09.05	1551.80	1553.04	1506.34	1519.00	491063	0	5
2019.09.06	1517.19	1527.95	1502.61	1506.53	547499	0	5
2019.09.09	1507.87	1515.54	1497.64	1498.92	440672	0	5
2019.09.10	1498.88	1501.04	1484.50	1485.26	481130	0	5
2019.09.11	1485.55	1498.29	1485.08	1496.76	357117	0	5
2019.09.12	1496.20	1524.28	1489.26	1498.90	571673	0	5
2019.09.13	1498.33	1509.07	1485.80	1488.56	425023	0	5
2019.09.16	1506.24	1512.17	1495.90	1498.17	435424	0	5
2019.09.17	1498.32	1507.14	1493.50	1501.30	355953	0	5
2019.09.18	1501.08	1511.64	1483.12	1493.98	351027	0	5
2019.09.19	1493.32	1504.55	1488.98	1498.84	363657	0	5
2019.09.20	1498.98	1517.07	1497.97	1516.56	308574	0	5
2019.09.23	1513.68	1526.85	1510.19	1522.05	368785	0	5
2019.09.24	1522.10	1535.71	1515.62	1532.15	441898	0	5
2019.09.25	1531.88	1535.16	1500.44	1503.55	486458	0	5
2019.09.26	1503.58	1512.37	1500.37	1504.47	423488	0	5
2019.09.27	1504.28	1507.49	1486.84	1496.68	527901	0	5
2019.09.30	1494.48	1500.53	1464.49	1472.48	361590	0	5
2019.10.01	1471.79	1487.30	1459.11	1479.04	492462	0	5
2019.10.02	1478.59	1505.14	1474.56	1499.82	477738	0	5
2019.10.03	1499.46	1519.67	1495.81	1504.93	499186	0	5
2019.10.04	1505.49	1515.60	1495.84	1504.63	405655	0	5
2019.10.07	1512.80	1512.93	1488.03	1493.19	343835	0	5
2019.10.08	1493.07	1509.00	1486.91	1505.53	485031	0	5
2019.10.09	1505.21	1512.47	1499.86	1505.59	350416	0	5
2019.10.10	1505.06	1517.08	1491.07	1493.49	489034	0	5
2019.10.11	1493.46	1503.23	1473.98	1488.13	437453	0	5
2019.10.14	1487.48	1497.15	1482.84	1493.10	260696	0	5
2019.10.15	1492.94	1498.56	1477.22	1481.05	346359	0	5
2019.10.16	1480.97	1491.61	1477.06	1489.92	395733	0	5
2019.10.17	1490.33	1497.35	1483.44	1491.82	359822	0	5
2019.10.18	1492.13	1494.11	1484.92	1490.16	286115	0	5
2019.10.21	1491.64	1495.24	1481.52	1484.37	261221	0	5
2019.10.22	1484.37	1489.01	1480.85	1487.55	249371	0	5
2019.10.23	1487.73	1496.30	1487.55	1491.91	254776	0	5
2019.10.24	1492.00	1504.06	1487.94	1503.65	270356	0	5
2019.10.25	1503.67	1517.99	1500.61	1504.32	307038	0	5
2019.10.28	1504.34	1508.22	1489.99	1492.43	260509	0	5
2019.10.29	1492.06	1494.80	1483.57	1487.70	269747	0	5
2019.10.30	1488.01	1496.65	1481.16	1495.66	300888	0	5
2019.10.31	1495.66	1514.23	1493.76	1512.57	321304	0	5
2019.11.01	1512.87	1516.08	1503.22	1514.02	267062	0	5
2019.11.04	1513.87	1514.83	1504.48	1509.51	201670	0	5
2019.11.05	1509.68	1509.69	1479.30	1483.46	313979	0	5
2019.11.06	1483.09	1494.25	1482.40	1490.44	259258	0	5
2019.11.07	1490.08	1492.24	1460.59	1468.49	369244	0	5
2019.11.08	1468.31	1472.99	1456.19	1458.82	347536	0	5
2019.11.11	1459.38	1466.47	1448.18	1455.85	207986	0	5
2019.11.12	1455.16	1460.55	1445.60	1456.17	300662	0	5
2019.11.13	1455.81	1467.18	1455.79	1463.36	263222	0	5
2019.11.14	1463.31	1474.65	1461.18	1471.21	241182	0	5
2019.11.15	1471.20	1471.40	1462.45	1467.41	188805	0	5
2019.11.18	1467.12	1474.03	1456.35	1471.22	249757	0	5
2019.11.19	1471.38	1475.32	1464.79	1472.44	229816	0	5
2019.11.20	1472.27	1478.82	1465.94	1471.49	306224	0	5
2019.11.21	1474.88	1475.67	1462.39	1464.35	303472	0	5
2019.11.22	1464.17	1473.23	1461.35	1462.05	234337	0	5
2019.11.25	1460.82	1462.16	1454.05	1455.08	182512	0	5
2019.11.26	1455.08	1462.88	1450.10	1461.37	167630	0	5
2019.11.27	1461.33	1461.87	1452.53	1454.46	151931	0	5
2019.11.28	1454.56	1458.31	1454.19	1455.42	76462	0	5
2019.11.29	1455.65	1466.57	1453.04	1463.55	152506	0	5
2019.12.02	1464.15	1465.60	1453.95	1462.33	237977	0	5
2019.12.03	1462.21	1481.77	1459.84	1477.25	240312	0	5
2019.12.04	1477.39	1484.05	1471.43	1474.49	230552	0	5
2019.12.05	1474.69	1480.37	1472.87	1475.84	190498	0	5
2019.12.06	1475.83	1479.57	1458.73	1459.69	182463	0	5
2019.12.09	1459.61	1465.40	1458.68	1461.50	115803	0	5
2019.12.10	1460.77	1469.19	1460.01	1464.21	165970	0	5
2019.12.11	1464.07	1478.94	1462.75	1474.79	165993	0	5
2019.12.12	1474.68	1486.77	1463.93	1469.77	251835	0	5
2019.12.13	1466.27	1478.07	1461.73	1475.62	305117	0	5
2019.12.16	1475.06	1479.88	1473.17	1476.15	136177	0	5
2019.12.17	1476.12	1480.55	1474.22	1476.10	136051	0	5
2019.12.18	1476.03	1479.30	1470.47	1475.43	137369	0	5
2019.12.19	1475.19	1481.73	1473.28	1478.85	126872	0	5
2019.12.20	1478.86	1481.05	1475.81	1478.00	106076	0	5
2019.12.23	1478.23	1486.15	1477.52	1485.38	110271	0	5
2019.12.24	1485.43	1500.48	1484.37	1498.37	87718	0	5
2019.12.26	1499.53	1512.59	1497.38	1510.99	136534	0	5
2019.12.27	1511.09	1515.33	1507.39	1510.79	144226	0	5
2019.12.30	1511.55	1516.11	1510.78	1515.03	124079	0	5
2019.12.31	1514.44	1525.31	1514.44	1516.91	152766	0	5
2020.01.02	1517.28	1531.35	1517.23	1529.06	187762	0	5
2020.01.03	1528.35	1553.51	1528.03	1551.44	294338	0	5
2020.01.06	1560.06	1586.79	1559.74	1565.63	379979	0	5
2020.01.07	1564.58	1577.31	1555.34	1574.01	302320	0	5
2020.01.08	1576.59	1611.33	1552.23	1556.27	572122	0	5
2020.01.09	1556.59	1561.40	1540.22	1552.29	296939	0	5
2020.01.10	1551.94	1563.13	1545.73	1561.86	253849	0	5
2020.01.13	1560.52	1561.51	1546.47	1547.82	189908	0	5
2020.01.14	1548.12	1548.91	1535.94	1546.33	251697	0	5
2020.01.15	1546.25	1558.18	1545.94	1556.14	235670	0	5
2020.01.16	1556.45	1558.08	1548.02	1552.41	181296	0	5
2020.01.17	1552.46	1561.24	1549.41	1556.97	185106	0	5
2020.01.20	1557.21	1562.78	1556.35	1560.57	74358	0	5
2020.01.21	1560.73	1568.62	1546.31	1558.10	250135	0	5
2020.01.22	1558.76	1559.27	1550.19	1558.97	169980	0	5
2020.01.23	1557.63	1567.96	1551.91	1562.68	247428	0	5
2020.01.24	1562.34	1575.90	1556.58	1570.98	257659	0	5
2020.01.27	1580.67	1588.41	1575.90	1581.82	316667	0	5
2020.01.28	1581.57	1583.07	1565.54	1567.40	240950	0	5
2020.01.29	1566.60	1578.02	1563.37	1576.78	205025	0	5
2020.01.30	1576.76	1586.02	1572.31	1574.16	329965	0	5
2020.01.31	1573.75	1590.45	1570.91	1588.95	336853	0	5
2020.02.03	1593.24	1593.42	1568.69	1576.61	328461	0	5
2020.02.04	1577.20	1579.66	1549.07	1552.81	285077	0	5
2020.02.05	1552.62	1562.42	1547.48	1556.12	305160	0	5
2020.02.06	1556.22	1568.27	1552.51	1566.60	235961	0	5
2020.02.07	1566.70	1574.12	1560.14	1570.11	258846	0	5
2020.02.10	1572.04	1577.02	1567.99	1572.07	220356	0	5
2020.02.11	1571.82	1574.05	1562.09	1567.74	205499	0	5
2020.02.12	1567.62	1570.45	1561.81	1565.82	193052	0	5
2020.02.13	1566.07	1578.30	1565.61	1576.09	233049	0	5
2020.02.14	1576.13	1584.99	1573.05	1583.84	168504	0	5
2020.02.17	1582.20	1583.78	1578.85	1579.30	70744	0	5
2020.02.18	1584.33	1605.09	1582.45	1601.31	228001	0	5
2020.02.19	1601.42	1612.98	1599.51	1611.59	223812	0	5
2020.02.20	1612.22	1623.75	1603.92	1619.50	350593	0	5
2020.02.21	1619.89	1649.26	1618.95	1643.78	384952	0	5
2020.02.24	1653.33	1689.34	1643.98	1658.72	639657	0	5
2020.02.25	1658.96	1663.84	1625.08	1634.89	780039	0	5
2020.02.26	1635.26	1655.01	1624.84	1640.77	644462	0	5
2020.02.27	1641.30	1660.40	1635.19	1644.41	678036	0	5
2020.02.28	1643.86	1649.49	1563.05	1584.77	759529	0	5
2020.03.02	1591.48	1611.10	1575.34	1589.52	675134	0	5
2020.03.03	1585.30	1649.30	1584.76	1640.75	564344	0	5
2020.03.04	1639.89	1652.85	1631.87	1636.86	323328	0	5
2020.03.05	1637.51	1674.59	1635.02	1672.23	304714	0	5
2020.03.06	1672.48	1692.11	1642.35	1674.29	539923	0	5
2020.03.09	1691.79	1703.32	1656.70	1679.76	540844	0	5
2020.03.10	1679.39	1680.48	1641.56	1649.38	384259	0	5
2020.03.11	1649.19	1671.26	1632.92	1634.98	323623	0	5
2020.03.12	1633.86	1650.37	1560.54	1576.87	449073	0	5
2020.03.13	1578.21	1597.94	1504.28	1529.64	477319	0	5
2020.03.16	1563.82	1574.77	1451.12	1514.13	543067	0	5
2020.03.17	1512.88	1553.83	1465.23	1527.93	460437	0	5
2020.03.18	1527.42	1546.31	1472.54	1485.52	420403	0	5
2020.03.19	1485.06	1500.74	1463.79	1472.36	309868	0	5
2020.03.20	1469.84	1516.10	1454.22	1498.36	270600	0	5
2020.03.23	1502.61	1561.06	1482.37	1552.51	331222	0	5
2020.03.24	1554.14	1632.93	1552.30	1627.55	98971	0	5
2020.03.25	1628.61	1638.52	1589.41	1616.40	737157	0	6
2020.03.26	1614.54	1644.70	1594.54	1625.90	642007	0	5
2020.03.27	1626.15	1634.46	1608.33	1616.64	518203	0	27
2020.03.30	1616.35	1629.26	1603.80	1622.18	128904	0	9
2020.03.31	1618.61	1623.38	1574.29	1575.88	93629	0	9
2020.04.01	1571.30	1600.36	1567.81	1590.29	94804	0	9
2020.04.02	1585.90	1619.79	1582.81	1612.22	111038	0	9
2020.04.03	1607.17	1625.27	1605.84	1615.59	89205	0	9
2020.04.06	1615.01	1668.59	1608.74	1659.50	95549	0	9
2020.04.07	1649.72	1673.99	1642.26	1646.97	100227	0	9
2020.04.08	1641.20	1656.45	1640.42	1644.84	78814	0	9
2020.04.09	1641.21	1690.24	1641.21	1681.97	113609	0	9
2020.04.13	1685.51	1722.56	1671.62	1713.96	97117	0	9
2020.04.14	1707.09	1747.78	1707.09	1726.73	141472	0	9
2020.04.15	1726.81	1731.17	1707.52	1716.72	120905	0	9
2020.04.16	1709.75	1738.73	1707.62	1717.40	136499	0	9
2020.04.17	1708.55	1719.37	1679.46	1681.43	142278	0	9
2020.04.20	1682.48	1702.44	1671.00	1694.91	134131	0	9
2020.04.21	1690.74	1697.79	1659.42	1685.53	130803	0	9
2020.04.22	1681.34	1718.60	1680.25	1713.97	146881	0	9
2020.04.23	1711.99	1738.65	1706.90	1730.44	149848	0	9
2020.04.24	1730.58	1736.26	1710.32	1726.47	144694	0	9
2020.04.27	1726.05	1728.63	1706.04	1713.91	186836	0	9
2020.04.28	1713.31	1716.56	1691.72	1708.39	212370	0	9
2020.04.29	1706.47	1717.32	1697.82	1712.38	176335	0	9
2020.04.30	1711.66	1721.73	1681.29	1686.74	189158	0	9
2020.05.01	1684.53	1705.44	1670.29	1699.48	261678	0	9
2020.05.04	1697.64	1713.46	1691.57	1700.64	135807	0	9
2020.05.05	1701.52	1711.64	1689.80	1705.47	134898	0	9
2020.05.06	1705.43	1708.11	1681.95	1685.46	133522	0	9
2020.05.07	1681.98	1722.02	1681.44	1715.73	147556	0	9
2020.05.08	1715.18	1723.39	1700.97	1701.70	154333	0	9
2020.05.11	1701.06	1712.12	1691.96	1697.46	148297	0	9
2020.05.12	1696.11	1710.95	1693.72	1702.12	155585	0	9
2020.05.13	1700.64	1717.99	1699.06	1716.24	198332	0	9
2020.05.14	1713.56	1736.44	1710.84	1730.09	166381	0	9
2020.05.15	1729.35	1751.60	1728.48	1742.52	188926	0	9
2020.05.18	1743.85	1765.28	1727.35	1732.87	192644	0	9
2020.05.19	1730.61	1747.83	1725.63	1744.50	189955	0	9
2020.05.20	1744.61	1753.84	1742.42	1747.72	182732	0	9
2020.05.21	1746.96	1748.78	1717.12	1726.97	188201	0	9
2020.05.22	1722.86	1740.11	1722.86	1735.45	139986	0	9
2020.05.25	1732.00	1734.82	1721.59	1727.62	68316	0	9
2020.05.26	1727.13	1735.47	1708.73	1710.64	148644	0	9
2020.05.27	1708.73	1715.99	1693.67	1709.39	149204	0	9
2020.05.28	1710.45	1727.49	1704.36	1717.98	154865	0	9
2020.05.29	1716.78	1737.69	1712.64	1730.41	145762	0	9
2020.06.01	1735.02	1744.57	1727.12	1739.79	147898	0	9
2020.06.02	1734.56	1745.17	1721.29	1727.90	147187	0	9
2020.06.03	1723.83	1731.77	1689.39	1698.16	194234	0	9
2020.06.04	1698.51	1721.93	1696.68	1714.07	171119	0	9
2020.06.05	1712.78	1716.21	1670.69	1684.37	203224	0	9
2020.06.08	1682.70	1700.65	1677.34	1697.97	168498	0	9
2020.06.09	1696.96	1720.82	1692.23	1714.42	188638	0	9
2020.06.10	1712.61	1739.73	1709.65	1738.41	176978	0	9
2020.06.11	1736.79	1744.64	1721.54	1726.89	204250	0	9
2020.06.12	1727.19	1743.01	1722.19	1730.37	177681	0	9
2020.06.15	1728.23	1734.46	1704.15	1724.69	202705	0	9
2020.06.16	1724.60	1732.78	1716.73	1726.35	196127	0	9
2020.06.17	1726.34	1730.29	1712.59	1726.59	147036	0	9
2020.06.18	1723.24	1737.76	1717.51	1722.50	158039	0	9
2020.06.19	1720.96	1745.16	1720.94	1742.26	149382	0	9
2020.06.22	1752.99	1763.04	1742.63	1754.56	189497	0	9
2020.06.23	1752.14	1770.96	1747.34	1767.45	174510	0	9
2020.06.24	1768.10	1779.19	1760.59	1761.21	199852	0	9
2020.06.25	1760.00	1768.84	1753.14	1763.74	168616	0	9
2020.06.26	1763.27	1771.81	1747.40	1769.59	164226	0	9
2020.06.29	1775.39	1775.39	1765.54	1772.22	143764	0	9
2020.06.30	1768.16	1786.09	1764.47	1780.30	128277	0	9
2020.07.01	1779.76	1789.05	1759.08	1770.40	160919	0	9
2020.07.02	1767.93	1779.48	1757.41	1775.30	128974	0	9
2020.07.03	1776.73	1777.08	1772.46	1774.88	47381	0	9
2020.07.06	1773.39	1786.97	1769.97	1784.69	114580	0	9
2020.07.07	1781.51	1797.35	1773.45	1795.31	129760	0	9
2020.07.08	1794.07	1817.94	1791.45	1808.89	129737	0	9
2020.07.09	1807.73	1815.92	1795.45	1803.11	143761	0	9
2020.07.10	1799.83	1810.52	1794.04	1798.43	120246	0	9
2020.07.13	1797.26	1813.29	1797.26	1802.39	141683	0	9
2020.07.14	1802.05	1810.85	1790.43	1809.18	153951	0	9
2020.07.15	1806.79	1815.05	1802.43	1810.17	120374	0	9
2020.07.16	1810.09	1813.23	1794.90	1796.77	113708	0	9
2020.07.17	1796.77	1811.96	1795.79	1809.57	94649	0	9
2020.07.20	1808.53	1820.54	1805.68	1817.22	127106	0	9
2020.07.21	1816.06	1843.45	1815.78	1841.75	155217	0	9
2020.07.22	1839.31	1871.97	1839.31	1871.49	244853	0	9
2020.07.23	1871.11	1898.36	1863.67	1887.22	257712	0	9
2020.07.24	1886.44	1906.51	1881.31	1901.56	187252	0	9
2020.07.27	1901.35	1945.61	1899.54	1941.88	274441	0	9
2020.07.28	1941.38	1981.19	1906.58	1959.57	296674	0	9
2020.07.29	1955.42	1980.88	1941.41	1970.26	193902	0	9
2020.07.30	1969.63	1971.55	1939.23	1955.92	217755	0	9
2020.07.31	1954.98	1983.26	1954.72	1974.84	228620	0	9
2020.08.03	1978.45	1988.02	1960.45	1976.65	158968	0	9
2020.08.04	1975.94	2019.93	1966.92	2019.09	183028	0	9
2020.08.05	2018.59	2055.55	2009.43	2037.70	249109	0	9
2020.08.06	2038.61	2069.64	2034.47	2063.11	219465	0	9
2020.08.07	2063.59	2075.21	2015.46	2033.23	281699	0	9
2020.08.10	2033.74	2049.88	2018.60	2027.30	202510	0	6
2020.08.11	2026.80	2029.99	1901.30	1911.51	327776	0	6
2020.08.12	1910.86	1949.30	1862.58	1916.60	319166	0	6
2020.08.13	1915.17	1966.30	1912.22	1953.21	261973	0	6
2020.08.14	1953.35	1962.17	1932.15	1943.57	216786	0	6
2020.08.17	1946.50	1990.68	1929.33	1985.07	206073	0	6
2020.08.18	1980.87	2015.69	1976.01	2001.76	238244	0	6
2020.08.19	2001.89	2006.44	1924.68	1929.27	276147	0	6
2020.08.20	1928.92	1955.22	1924.76	1946.59	265520	0	6
2020.08.21	1946.86	1955.87	1911.46	1938.93	237350	0	6
2020.08.24	1940.15	1961.83	1923.69	1928.94	200067	0	6
2020.08.25	1927.84	1937.49	1914.25	1927.81	198250	0	6
2020.08.26	1925.11	1954.86	1902.76	1953.82	199962	0	6
2020.08.27	1948.31	1976.69	1909.90	1928.95	243232	0	6
2020.08.28	1929.01	1973.81	1923.12	1964.30	216823	0	6
2020.08.31	1965.46	1976.63	1954.23	1967.50	184750	0	6
2020.09.01	1965.02	1992.40	1963.07	1970.31	207169	0	6
2020.09.02	1967.74	1973.24	1932.55	1942.87	212412	0	6
2020.09.03	1942.14	1951.02	1921.75	1930.22	214267	0	6
2020.09.04	1931.18	1947.73	1916.35	1933.04	212505	0	6
2020.09.07	1929.83	1941.33	1924.29	1928.20	93028	0	6
2020.09.08	1929.14	1940.90	1906.36	1931.48	198098	0	6
2020.09.09	1932.25	1950.85	1920.03	1946.54	150070	0	6
2020.09.10	1946.47	1966.59	1941.38	1946.00	180953	0	6
2020.09.11	1944.78	1954.76	1937.17	1940.28	163708	0	6
2020.09.14	1940.41	1962.73	1936.50	1956.45	133790	0	6
2020.09.15	1956.00	1972.15	1948.21	1954.12	152118	0	6
2020.09.16	1952.85	1973.61	1949.76	1959.39	174294	0	6
2020.09.17	1956.87	1960.93	1932.82	1944.12	189254	0	6
2020.09.18	1944.07	1960.05	1943.62	1950.46	142765	0	6
2020.09.21	1949.44	1955.59	1882.24	1912.53	227493	0	6
2020.09.22	1912.35	1920.06	1894.52	1900.08	219010	0	6
2020.09.23	1900.11	1905.30	1855.76	1863.31	257219	0	6
2020.09.24	1863.17	1877.09	1848.72	1867.83	257190	0	6
2020.09.25	1867.95	1875.16	1852.27	1860.06	204158	0	6
2020.09.28	1859.00	1883.03	1848.39	1881.56	182817	0	6
2020.09.29	1880.92	1899.14	1875.42	1897.25	169663	0	6
2020.09.30	1897.52	1902.24	1881.33	1885.40	192482	0	6
2020.10.01	1885.44	1911.95	1884.67	1905.98	197066	0	6
2020.10.02	1905.16	1917.10	1889.74	1900.56	172644	0	6
2020.10.05	1904.80	1918.81	1887.00	1913.45	138401	0	6
2020.10.06	1912.66	1921.01	1874.56	1877.91	162094	0	6
2020.10.07	1878.56	1898.04	1872.85	1887.65	188544	0	6
2020.10.08	1886.94	1900.71	1881.91	1893.56	167509	0	6
2020.10.09	1893.53	1930.45	1893.48	1929.92	178562	0	6
2020.10.12	1928.73	1933.17	1918.26	1922.49	191260	0	6
2020.10.13	1922.68	1925.43	1886.44	1890.97	231531	0	6
2020.10.14	1891.67	1912.92	1882.42	1901.28	201882	0	6
2020.10.15	1901.96	1908.99	1889.54	1908.25	225771	0	6
2020.10.16	1908.32	1913.93	1897.78	1898.71	180604	0	6
2020.10.19	1899.66	1918.47	1896.99	1904.14	191892	0	6
2020.10.20	1903.34	1914.09	1894.59	1907.00	176761	0	6
2020.10.21	1907.97	1931.37	1907.71	1924.57	183122	0	6
2020.10.22	1924.30	1925.99	1894.54	1903.77	174603	0	6
2020.10.23	1903.79	1914.22	1894.27	1901.47	128525	0	6
2020.10.26	1902.62	1908.60	1891.22	1902.18	154106	0	6
2020.10.27	1901.75	1911.36	1897.79	1907.56	121706	0	6
2020.10.28	1907.88	1910.86	1869.24	1877.35	187270	0	6
2020.10.29	1876.70	1884.95	1859.94	1867.71	190050	0	6
2020.10.30	1866.70	1889.79	1864.45	1878.26	200845	0	6
2020.11.02	1878.11	1896.06	1873.42	1895.66	169605	0	6
2020.11.03	1895.27	1910.55	1886.93	1909.55	138919	0	6
2020.11.04	1908.83	1916.42	1881.63	1902.98	251233	0	6
2020.11.05	1903.03	1952.74	1902.18	1949.44	216761	0	6
2020.11.06	1948.37	1960.35	1935.58	1951.83	196551	0	6
2020.11.09	1954.97	1965.50	1850.50	1862.12	278378	0	6
2020.11.10	1863.70	1890.43	1860.25	1877.23	218174	0	6
2020.11.11	1876.81	1884.50	1856.41	1865.24	282660	0	5
2020.11.12	1865.41	1883.86	1862.68	1876.84	303816	0	5
2020.11.13	1878.36	1896.81	1874.02	1889.29	225611	0	5
2020.11.16	1888.79	1899.09	1864.41	1888.81	320900	0	5
2020.11.17	1888.85	1893.49	1876.88	1880.19	263367	0	5
2020.11.18	1882.92	1884.88	1863.59	1872.29	277941	0	5
2020.11.19	1874.99	1874.99	1852.71	1866.04	264003	0	5
2020.11.20	1862.77	1879.75	1860.87	1870.93	248574	0	5
2020.11.23	1871.26	1876.13	1830.96	1837.82	248295	0	5
2020.11.24	1834.48	1839.04	1800.35	1807.36	273803	0	5
2020.11.25	1807.32	1817.72	1801.61	1807.73	194865	0	5
2020.11.26	1807.69	1818.26	1805.77	1810.25	91183	0	5
2020.11.27	1810.35	1813.82	1774.32	1786.82	187698	0	5
2020.11.30	1786.10	1790.00	1764.31	1776.70	293111	0	5
2020.12.01	1776.68	1817.28	1775.73	1815.01	289824	0	5
2020.12.02	1815.14	1832.38	1807.43	1830.48	251465	0	5
2020.12.03	1830.20	1843.95	1823.73	1840.89	268899	0	5
2020.12.04	1840.00	1848.21	1829.16	1838.58	304135	0	5
2020.12.07	1836.85	1868.59	1821.96	1862.17	299631	0	5
2020.12.08	1861.59	1875.27	1860.27	1870.22	293397	0	5
2020.12.09	1870.59	1870.59	1825.47	1839.85	419308	0	5
2020.12.10	1839.28	1850.11	1828.72	1836.62	363205	0	5
2020.12.11	1836.07	1847.69	1824.00	1839.74	284592	0	5
2020.12.14	1840.69	1841.22	1819.05	1826.97	338530	0	5
2020.12.15	1826.94	1855.38	1825.48	1853.24	310084	0	5
2020.12.16	1853.61	1865.73	1844.78	1864.52	441897	0	5
2020.12.17	1863.90	1896.27	1861.97	1885.39	353129	0	5
2020.12.18	1885.36	1889.66	1877.45	1880.61	246359	0	5
2020.12.21	1881.66	1906.74	1854.98	1876.47	396545	0	5
2020.12.22	1875.90	1884.26	1858.91	1859.91	310745	0	5
2020.12.23	1859.67	1878.53	1856.98	1873.13	666298	0	5
2020.12.24	1872.23	1883.58	1869.49	1878.56	382847	0	5
2020.12.28	1882.38	1900.21	1869.05	1873.43	379578	0	5
2020.12.29	1872.84	1886.44	1871.69	1878.24	478153	0	5
2020.12.30	1877.30	1894.50	1876.04	1894.44	477507	0	5
2020.12.31	1894.07	1900.98	1885.40	1898.19	450534	0	5
2021.01.04	1897.88	1944.42	1897.88	1942.75	254170	0	5
2021.01.05	1940.99	1953.03	1934.25	1949.80	212680	0	5
2021.01.06	1948.44	1959.35	1900.80	1918.77	338743	0	5
2021.01.07	1918.71	1927.64	1906.78	1913.53	265264	0	5
2021.01.08	1914.29	1917.48	1828.18	1849.03	384900	0	0
2021.01.11	1848.06	1856.61	1817.03	1843.36	324603	0	5
2021.01.12	1844.63	1863.79	1836.45	1854.54	261793	0	5
2021.01.13	1854.85	1863.17	1841.85	1844.93	193146	0	5
2021.01.14	1845.58	1857.53	1828.42	1846.09	236539	0	0
2021.01.15	1845.35	1856.97	1823.39	1827.65	219379	0	5
2021.01.18	1828.30	1840.76	1802.22	1837.52	186425	0	5
2021.01.19	1837.52	1845.52	1833.03	1840.00	172680	0	5
2021.01.20	1839.65	1871.72	1832.44	1871.38	249749	0	5
2021.01.21	1870.14	1875.10	1858.31	1869.59	240226	0	5
2021.01.22	1869.06	1870.78	1837.31	1854.71	271955	0	5
2021.01.25	1856.33	1867.88	1847.10	1855.91	269164	0	5
2021.01.26	1855.31	1861.70	1848.43	1850.64	196933	0	5
2021.01.27	1850.38	1853.18	1831.22	1844.08	360695	0	5
2021.01.28	1844.56	1864.09	1833.93	1842.47	487011	0	5
2021.01.29	1841.82	1875.64	1839.53	1847.51	592794	0	5
2021.02.01	1864.87	1871.81	1848.96	1860.55	621706	0	0
2021.02.02	1860.10	1864.07	1829.44	1837.93	518104	0	5
2021.02.03	1837.43	1844.95	1829.59	1834.02	359769	0	5
2021.02.04	1832.99	1834.72	1784.85	1793.79	444586	0	5
2021.02.05	1793.88	1815.16	1791.99	1813.40	346013	0	5
2021.02.08	1814.82	1839.13	1807.70	1830.50	346038	0	5
2021.02.09	1836.48	1848.58	1828.82	1838.41	321129	0	5
2021.02.10	1837.37	1855.37	1834.02	1843.20	324702	0	5
2021.02.11	1842.37	1847.55	1821.09	1825.46	322823	0	5
2021.02.12	1824.55	1830.70	1810.40	1824.03	283405	0	5
2021.02.15	1824.45	1827.01	1815.98	1818.71	147325	0	5
2021.02.16	1818.86	1826.51	1789.40	1794.31	418927	0	5
2021.02.17	1793.31	1795.12	1769.45	1776.16	459009	0	5
2021.02.18	1776.29	1789.67	1768.38	1775.77	467982	0	5
2021.02.19	1775.83	1791.66	1760.57	1783.02	517878	0	5
2021.02.22	1782.16	1812.65	1780.52	1809.65	510281	0	5
2021.02.23	1809.29	1816.06	1795.58	1805.50	481279	0	5
2021.02.24	1804.83	1813.81	1783.54	1804.80	526512	0	5
2021.02.25	1805.05	1805.27	1765.36	1769.99	816494	0	5
2021.02.26	1771.20	1775.82	1717.19	1733.88	871221	0	5
2021.03.01	1733.21	1759.94	1719.65	1724.53	510032	0	5
2021.03.02	1724.78	1739.18	1707.24	1738.18	529132	0	5
2021.03.03	1737.67	1740.58	1701.93	1710.85	466685	0	5
2021.03.04	1710.81	1723.21	1690.43	1697.69	554350	0	5
2021.03.05	1697.28	1707.70	1687.14	1700.77	512958	0	5
2021.03.08	1701.95	1714.31	1676.80	1683.41	439917	0	5
2021.03.09	1683.51	1720.64	1680.06	1715.74	368670	0	5
2021.03.10	1715.73	1726.79	1708.17	1726.65	332204	0	5
2021.03.11	1726.20	1739.88	1719.21	1722.51	329821	0	5
2021.03.12	1721.70	1727.94	1699.17	1726.77	367089	0	5
2021.03.15	1729.02	1734.58	1721.66	1731.67	304731	0	5
2021.03.16	1732.00	1741.25	1726.12	1731.51	289022	0	5
2021.03.17	1731.39	1751.67	1724.06	1745.15	346049	0	5
2021.03.18	1744.12	1755.54	1719.17	1736.41	448663	0	5
2021.03.19	1734.50	1746.70	1728.48	1745.09	361480	0	5
2021.03.22	1745.79	1746.91	1727.36	1738.84	150196	0	5
2021.03.23	1738.70	1742.60	1724.68	1726.96	147565	0	5
2021.03.24	1726.64	1738.48	1723.89	1734.12	134712	0	5
2021.03.25	1733.67	1745.51	1721.71	1726.53	156002	0	5
2021.03.26	1726.77	1736.73	1721.61	1732.68	123862	0	5
2021.03.29	1731.50	1733.05	1705.75	1711.84	125524	0	5
2021.03.30	1711.53	1714.36	1678.74	1684.85	160790	0	5
2021.03.31	1684.68	1715.29	1677.87	1707.31	154985	0	5
2021.04.01	1707.41	1730.48	1705.77	1729.67	143700	0	5
2021.04.05	1726.92	1733.55	1721.25	1728.21	112759	0	5
2021.04.06	1728.37	1745.48	1727.18	1743.37	146035	0	5
2021.04.07	1742.19	1744.35	1730.60	1737.55	142584	0	5
2021.04.08	1736.83	1758.67	1733.11	1755.40	145943	0	5
2021.04.09	1754.71	1757.28	1731.14	1743.38	158488	0	5
2021.04.12	1743.49	1745.06	1727.34	1732.76	154676	0	5
2021.04.13	1731.67	1748.91	1723.72	1745.25	166307	0	5
2021.04.14	1744.74	1749.36	1732.56	1736.29	157219	0	5
2021.04.15	1736.10	1769.62	1734.34	1763.51	162066	0	5
2021.04.16	1763.67	1783.85	1759.77	1776.72	164750	0	5
2021.04.19	1777.30	1790.06	1766.70	1771.40	183441	0	5
2021.04.20	1769.95	1780.36	1763.65	1778.68	174691	0	5
2021.04.21	1778.66	1797.63	1776.20	1793.61	140833	0	5
2021.04.22	1793.69	1797.84	1777.38	1783.98	148136	0	5
2021.04.23	1783.61	1795.86	1769.95	1776.40	141316	0	5
2021.04.26	1775.36	1783.51	1768.75	1781.24	140207	0	5
2021.04.27	1780.36	1785.51	1773.68	1776.52	135277	0	5
2021.04.28	1775.63	1782.50	1762.61	1781.58	149484	0	5
2021.04.29	1780.83	1789.94	1756.02	1771.87	148491	0	5
2021.04.30	1771.83	1773.65	1764.18	1768.89	148122	0	5
2021.05.03	1768.16	1797.87	1766.04	1792.89	121224	0	5
2021.05.04	1792.26	1799.06	1770.72	1778.72	144952	0	5
2021.05.05	1777.98	1787.95	1770.32	1786.77	126051	0	5
2021.05.06	1786.37	1818.11	1781.96	1814.87	148024	0	5
2021.05.07	1814.05	1843.32	1812.89	1830.84	161175	0	5
2021.05.10	1832.41	1845.38	1829.96	1835.64	161847	0	5
2021.05.11	1835.66	1841.79	1817.97	1837.35	174400	0	5
2021.05.12	1836.79	1843.66	1813.22	1815.42	196731	0	5
2021.05.13	1814.99	1828.73	1808.72	1826.41	189662	0	5
2021.05.14	1825.64	1845.99	1819.75	1842.53	152957	0	5
2021.05.17	1842.37	1868.45	1842.10	1866.76	149199	0	5
2021.05.18	1865.64	1875.01	1863.21	1869.47	138545	0	5
2021.05.19	1868.73	1890.04	1852.15	1869.28	193764	0	5
2021.05.20	1870.09	1883.90	1863.80	1876.99	166157	0	5
2021.05.21	1876.96	1889.36	1870.09	1881.71	143234	0	5
2021.05.24	1882.02	1887.06	1875.24	1880.72	131599	0	5
2021.05.25	1880.00	1900.24	1872.67	1899.08	149113	0	5
2021.05.26	1898.73	1912.71	1890.64	1896.59	153307	0	5
2021.05.27	1896.05	1903.70	1888.17	1896.43	152681	0	5
2021.05.28	1896.23	1905.95	1882.25	1903.16	149554	0	5
2021.05.31	1902.89	1910.62	1902.04	1906.62	72887	0	5
2021.06.01	1906.44	1916.54	1892.38	1900.31	140607	0	5
2021.06.02	1899.66	1909.07	1894.31	1908.16	129162	0	5
2021.06.03	1907.53	1909.63	1865.29	1870.45	157704	0	5
2021.06.04	1871.01	1896.18	1855.55	1891.49	125197	0	5
2021.06.07	1890.22	1900.09	1881.47	1898.96	117263	0	5
2021.06.08	1898.16	1903.68	1883.72	1892.80	114463	0	5
2021.06.09	1891.39	1898.96	1887.26	1888.44	104481	0	5
2021.06.10	1888.14	1899.92	1869.78	1898.38	136011	0	5
2021.06.11	1897.87	1902.94	1874.38	1876.17	112015	0	5
2021.06.14	1876.89	1877.59	1844.77	1866.01	115449	0	5
2021.06.15	1865.43	1869.15	1851.56	1858.63	125238	0	5
2021.06.16	1858.94	1863.20	1803.49	1811.84	145865	0	5
2021.06.17	1811.03	1825.28	1767.25	1773.08	234092	0	5
2021.06.18	1772.39	1797.16	1760.92	1764.51	190512	0	5
2021.06.21	1763.58	1786.50	1763.52	1782.91	186765	0	5
2021.06.22	1780.26	1790.07	1772.30	1778.74	159090	0	5
2021.06.23	1778.57	1794.93	1773.16	1778.89	150036	0	5
2021.06.24	1778.39	1788.01	1772.90	1774.86	143778	0	5
2021.06.25	1775.21	1790.33	1773.68	1781.11	132671	0	5
2021.06.28	1780.41	1785.72	1770.61	1778.01	141606	0	5
2021.06.29	1777.44	1778.96	1750.58	1761.05	148511	0	5
2021.06.30	1761.65	1774.35	1753.33	1770.32	143709	0	5
2021.07.01	1769.31	1782.85	1765.59	1776.55	142723	0	5
2021.07.02	1776.70	1795.05	1774.27	1787.51	131734	0	5
2021.07.05	1786.21	1794.52	1784.44	1790.90	58221	0	5
2021.07.06	1790.58	1814.97	1790.06	1797.09	142722	0	0
2021.07.07	1796.28	1809.78	1793.86	1803.60	132851	0	5
2021.07.08	1802.79	1818.34	1794.50	1802.30	160591	0	5
2021.07.09	1802.26	1812.36	1796.64	1807.91	131930	0	5
2021.07.12	1807.10	1810.83	1791.55	1806.06	116204	0	5
2021.07.13	1805.92	1817.24	1798.65	1807.55	120410	0	5
2021.07.14	1806.88	1829.85	1804.46	1827.23	122064	0	5
2021.07.15	1826.98	1834.15	1820.24	1829.45	137709	0	5
2021.07.16	1829.57	1831.98	1809.01	1811.47	138049	0	5
2021.07.19	1810.61	1817.25	1794.97	1812.70	134034	0	5
2021.07.20	1812.61	1824.98	1805.05	1810.28	121024	0	5
2021.07.21	1809.59	1813.69	1794.66	1803.36	111162	0	5
2021.07.22	1803.45	1808.02	1792.76	1806.56	108659	0	5
2021.07.23	1807.06	1810.34	1789.65	1801.91	90112	0	5
2021.07.26	1801.77	1811.50	1796.37	1797.42	103709	0	5
2021.07.27	1797.23	1805.24	1793.55	1798.86	100878	0	5
2021.07.28	1797.85	1809.79	1792.56	1806.90	109128	0	5
2021.07.29	1806.53	1832.73	1806.36	1827.93	99236	0	5
2021.07.30	1827.34	1831.35	1810.22	1814.12	85425	0	5
2021.08.02	1813.33	1819.52	1805.72	1813.47	89610	0	5
2021.08.03	1812.69	1815.02	1807.06	1810.26	88950	0	5
2021.08.04	1809.79	1831.71	1806.40	1811.79	91035	0	5
2021.08.05	1811.75	1814.82	1797.77	1803.93	84452	0	5
2021.08.06	1804.19	1804.73	1758.64	1763.21	111237	0	5
2021.08.09	1762.86	1764.36	1682.09	1729.45	132025	0	0
2021.08.10	1729.34	1738.27	1717.66	1729.12	101105	0	5
2021.08.11	1728.92	1754.44	1724.03	1751.50	114377	0	5
2021.08.12	1750.29	1758.15	1741.57	1752.59	106884	0	5
2021.08.13	1752.41	1779.98	1751.65	1779.76	101189	0	5
2021.08.16	1777.76	1789.27	1770.81	1787.06	111244	0	5
2021.08.17	1787.16	1795.58	1780.55	1785.87	96689	0	5
2021.08.18	1785.67	1793.75	1777.27	1787.44	102412	0	5
2021.08.19	1787.15	1792.43	1774.44	1779.84	130412	0	5
2021.08.20	1780.10	1788.37	1778.30	1780.99	86334	0	5
2021.08.23	1780.40	1806.34	1776.42	1805.40	87452	0	5
2021.08.24	1805.03	1809.56	1800.70	1802.96	95595	0	5
2021.08.25	1802.66	1802.91	1782.49	1790.43	88620	0	5
2021.08.26	1790.64	1798.20	1780.05	1791.93	112319	0	5
2021.08.27	1792.49	1819.28	1783.97	1817.83	113376	0	5
2021.08.30	1817.25	1823.24	1807.72	1810.23	87976	0	5
2021.08.31	1809.31	1819.11	1801.60	1813.66	123662	0	5
2021.09.01	1813.53	1820.00	1808.66	1814.11	113596	0	5
2021.09.02	1813.58	1817.14	1804.81	1809.48	94068	0	5
2021.09.03	1808.66	1833.95	1808.66	1827.62	122298	0	5
2021.09.06	1828.21	1830.19	1821.36	1823.20	51518	0	5
2021.09.07	1822.94	1827.24	1792.37	1794.22	117322	0	5
2021.09.08	1794.04	1802.23	1782.36	1789.27	110166	0	5
2021.09.09	1788.53	1801.03	1783.77	1794.15	124452	0	5
2021.09.10	1793.25	1803.88	1787.17	1787.81	115982	0	5
2021.09.13	1787.14	1798.37	1783.68	1793.35	113071	0	5
2021.09.14	1792.90	1808.63	1780.33	1804.51	112316	0	5
2021.09.15	1803.60	1806.90	1790.67	1793.59	109949	0	5
2021.09.16	1793.92	1796.19	1745.26	1753.38	132556	0	5
2021.09.17	1752.93	1767.51	1747.33	1753.94	96765	0	5
2021.09.20	1753.16	1767.10	1742.11	1764.16	104243	0	5
2021.09.21	1763.94	1781.79	1757.94	1774.25	106328	0	5
2021.09.22	1774.40	1787.26	1764.67	1767.95	154177	0	5
2021.09.23	1767.84	1776.58	1737.88	1742.34	156445	0	5
2021.09.24	1742.64	1757.62	1740.44	1749.76	131001	0	5
2021.09.27	1748.79	1760.85	1744.82	1750.11	128426	0	5
2021.09.28	1749.76	1754.44	1728.12	1733.86	154768	0	5
2021.09.29	1733.09	1745.54	1721.63	1726.41	144502	0	5
2021.09.30	1725.66	1764.16	1722.20	1756.96	134260	0	5
2021.10.01	1756.16	1764.29	1749.71	1760.15	147541	0	5
2021.10.04	1760.73	1770.52	1747.69	1769.25	141573	0	5
2021.10.05	1769.55	1769.89	1748.63	1759.83	137514	0	5
2021.10.06	1759.37	1765.13	1745.87	1762.59	134720	0	5
2021.10.07	1762.50	1766.96	1751.92	1755.12	121248	0	5
2021.10.08	1756.06	1781.32	1753.33	1757.09	119035	0	5
2021.10.11	1756.82	1760.98	1750.11	1754.22	112785	0	5
2021.10.12	1753.47	1769.34	1750.76	1760.00	120257	0	5
2021.10.13	1759.83	1796.18	1757.88	1792.98	122466	0	5
2021.10.14	1792.44	1800.56	1786.67	1795.89	90769	0	5
2021.10.15	1795.49	1796.48	1764.82	1767.40	107818	0	5
2021.10.18	1767.07	1772.09	1760.30	1764.68	130344	0	5
2021.10.19	1762.91	1785.10	1762.89	1769.42	90889	0	5
2021.10.20	1768.75	1788.40	1766.84	1781.91	116680	0	5
2021.10.21	1781.35	1789.49	1776.47	1782.87	134759	0	5
2021.10.22	1782.37	1813.78	1782.31	1792.63	136596	0	5
2021.10.25	1792.01	1810.05	1791.51	1807.57	118951	0	5
2021.10.26	1805.76	1808.31	1782.40	1792.75	104034	0	5
2021.10.27	1792.47	1799.08	1783.45	1796.88	117910	0	5
2021.10.28	1795.81	1810.42	1792.28	1798.72	144806	0	5
2021.10.29	1798.62	1801.15	1771.92	1782.95	149502	0	5
2021.11.01	1783.05	1795.79	1779.05	1793.10	93411	0	5
2021.11.02	1792.55	1796.39	1786.35	1787.89	105888	0	5
2021.11.03	1787.00	1788.20	1758.80	1769.58	130783	0	5
2021.11.04	1767.37	1798.94	1767.37	1791.57	94808	0	5
2021.11.05	1790.53	1818.27	1785.04	1817.85	125463	0	5
2021.11.08	1817.42	1826.42	1812.43	1824.21	102990	0	5
2021.11.09	1824.00	1832.73	1819.16	1831.79	108240	0	5
2021.11.10	1832.03	1868.61	1822.35	1849.18	165661	0	5
2021.11.11	1848.58	1866.04	1842.88	1861.85	133058	0	5
2021.11.12	1861.12	1868.74	1845.24	1864.36	143727	0	5
2021.11.15	1865.66	1870.58	1856.37	1862.71	139480	0	5
2021.11.16	1861.64	1877.10	1849.62	1850.46	161497	0	5
2021.11.17	1849.09	1868.12	1849.09	1867.27	139677	0	5
2021.11.18	1866.15	1870.92	1855.06	1858.85	135370	0	5
2021.11.19	1858.36	1865.78	1842.99	1845.54	160997	0	5
2021.11.22	1844.75	1849.10	1802.20	1804.76	176994	0	5
2021.11.23	1804.19	1812.40	1781.95	1788.98	162582	0	5
2021.11.24	1788.45	1796.37	1778.53	1788.44	147315	0	5
2021.11.25	1788.47	1795.05	1786.01	1788.60	62894	0	5
2021.11.26	1788.72	1815.55	1780.44	1791.23	164124	0	5
2021.11.29	1785.85	1799.40	1779.04	1784.56	153984	0	5
2021.11.30	1783.28	1808.72	1769.85	1774.82	200875	0	5
2021.12.01	1773.72	1794.57	1772.15	1781.78	162346	0	5
2021.12.02	1781.24	1783.38	1761.81	1768.16	137442	0	5
2021.12.03	1766.16	1786.14	1766.08	1783.82	166642	0	5
2021.12.06	1784.04	1787.77	1775.69	1778.31	125089	0	5
2021.12.07	1776.86	1787.82	1772.18	1784.02	114184	0	5
2021.12.08	1782.92	1793.10	1779.60	1782.91	115588	0	5
2021.12.09	1782.83	1787.60	1773.23	1775.06	115986	0	5
2021.12.10	1775.54	1789.53	1770.10	1782.83	100793	0	5
2021.12.13	1782.37	1791.57	1780.60	1786.54	89150	0	5
2021.12.14	1784.93	1789.53	1766.41	1770.51	80043	0	5
2021.12.15	1769.89	1780.89	1752.93	1777.03	130220	0	5
2021.12.16	1774.74	1799.63	1774.74	1799.14	121580	0	5
2021.12.17	1798.51	1814.22	1795.82	1798.00	109114	0	5
2021.12.20	1799.33	1804.15	1788.28	1790.84	106311	0	5
2021.12.21	1790.64	1800.44	1784.85	1788.84	85377	0	5
2021.12.22	1788.81	1805.02	1785.84	1803.50	77267	0	5
2021.12.23	1803.35	1810.69	1798.83	1808.41	71832	0	5
2021.12.27	1806.62	1813.48	1802.97	1811.85	58161	0	5
2021.12.28	1810.97	1820.23	1804.99	1806.06	63992	0	5
2021.12.29	1805.32	1807.66	1789.42	1804.33	85260	0	5
2021.12.30	1804.02	1817.18	1796.16	1814.53	77912	0	5
2021.12.31	1815.57	1830.39	1814.15	1828.68	73994	0	5
2022.01.03	1828.40	1831.74	1798.32	1801.17	90188	0	5
2022.01.04	1800.71	1816.69	1798.52	1814.46	110026	0	5
2022.01.05	1814.50	1829.62	1808.25	1810.30	115056	0	5
2022.01.06	1810.13	1811.48	1786.34	1790.83	139599	0	5
2022.01.07	1789.81	1798.66	1782.63	1796.33	113971	0	5
2022.01.10	1795.05	1802.32	1790.36	1801.68	114886	0	5
2022.01.11	1800.29	1823.27	1800.09	1821.43	110024	0	5
2022.01.12	1821.07	1828.05	1814.68	1826.07	112132	0	5
2022.01.13	1824.25	1828.14	1812.31	1822.53	112514	0	5
2022.01.14	1821.10	1829.13	1814.64	1817.51	115470	0	5
2022.01.17	1817.20	1823.20	1813.10	1818.91	49781	0	5
2022.01.18	1817.97	1822.75	1805.76	1813.62	145438	0	5
2022.01.19	1811.28	1843.40	1810.23	1840.42	143501	0	5
2022.01.20	1838.74	1847.93	1835.91	1839.50	131956	0	5
2022.01.21	1839.81	1843.19	1828.48	1834.39	142432	0	5
2022.01.24	1833.30	1844.34	1829.68	1843.00	143864	0	5
2022.01.25	1841.35	1853.82	1834.85	1848.00	133363	0	5
2022.01.26	1846.03	1850.06	1814.89	1819.40	133578	0	5
2022.01.27	1819.75	1822.12	1791.78	1797.06	153051	0	5
2022.01.28	1795.60	1799.41	1780.27	1791.55	135386	0	5
2022.01.31	1790.37	1799.91	1785.57	1797.29	116252	0	5
2022.02.01	1796.83	1808.77	1795.74	1801.05	118546	0	5
2022.02.02	1800.34	1810.77	1794.42	1806.81	108163	0	5
2022.02.03	1805.06	1808.98	1788.62	1804.80	129031	0	5
2022.02.04	1803.07	1814.90	1792.16	1807.86	131644	0	5
2022.02.07	1806.63	1823.56	1806.63	1820.43	127406	0	5
2022.02.08	1818.66	1828.80	1815.43	1825.95	101410	0	5
2022.02.09	1824.48	1835.83	1824.48	1832.83	99688	0	5
2022.02.10	1830.99	1841.93	1821.59	1826.63	146972	0	5
2022.02.11	1824.24	1865.35	1820.85	1859.01	177075	0	5
2022.02.14	1858.63	1874.16	1850.80	1871.28	175311	0	5
2022.02.15	1871.31	1879.49	1844.50	1853.47	141594	0	5
2022.02.16	1851.99	1872.57	1850.29	1869.46	122735	0	5
2022.02.17	1868.60	1901.14	1867.80	1898.32	158354	0	5
2022.02.18	1897.54	1902.45	1886.58	1897.29	133221	0	5
2022.02.21	1900.08	1908.22	1887.61	1903.85	92521	0	5
2022.02.22	1909.00	1914.03	1891.37	1898.44	178858	0	5
2022.02.23	1896.73	1910.51	1889.60	1909.07	114370	0	5
2022.02.24	1908.17	1974.36	1878.02	1903.94	258846	0	5
2022.02.25	1902.54	1921.52	1883.04	1888.30	177702	0	5
2022.02.28	1918.40	1928.44	1890.91	1908.69	195425	0	5
2022.03.01	1907.83	1950.20	1901.37	1944.99	193096	0	5
2022.03.02	1941.62	1947.91	1913.88	1928.56	183112	0	5
2022.03.03	1928.56	1941.28	1922.04	1936.24	150884	0	5
2022.03.04	1935.66	1970.23	1929.67	1969.93	197444	0	5
2022.03.07	1977.51	2002.55	1961.02	1997.57	242738	0	5
2022.03.08	1995.93	2070.47	1981.00	2049.79	262234	0	5
2022.03.09	2050.09	2059.20	1976.12	1991.80	234593	0	5
2022.03.10	1990.32	2009.14	1970.68	1996.71	189953	0	5
2022.03.11	1995.99	1999.00	1958.67	1985.35	141246	0	5
2022.03.14	1988.08	1988.86	1949.73	1950.58	136182	0	5
2022.03.15	1951.48	1954.61	1907.04	1917.70	143005	0	5
2022.03.16	1918.00	1929.53	1895.05	1926.17	136609	0	5
2022.03.17	1927.28	1949.76	1923.23	1942.47	125300	0	5
2022.03.18	1941.66	1945.32	1917.97	1920.81	106486	0	5
2022.03.21	1920.61	1941.25	1918.04	1935.78	100472	0	5
2022.03.22	1933.96	1938.39	1910.69	1921.31	113426	0	5
2022.03.23	1919.38	1948.38	1915.52	1944.07	108755	0	5
2022.03.24	1940.91	1966.12	1937.41	1957.58	120866	0	5
2022.03.25	1956.82	1964.26	1943.13	1957.18	119892	0	5
2022.03.28	1957.51	1958.41	1916.93	1922.73	142811	0	5
2022.03.29	1922.31	1929.31	1890.02	1919.45	140457	0	5
2022.03.30	1917.67	1938.53	1915.89	1932.48	103729	0	5
2022.03.31	1931.02	1949.77	1919.10	1937.08	117629	0	5
2022.04.01	1936.59	1939.46	1918.02	1924.10	113329	0	5
2022.04.04	1924.25	1936.87	1915.42	1932.63	105149	0	5
2022.04.05	1932.55	1944.52	1917.99	1923.41	116095	0	5
2022.04.06	1923.20	1933.49	1915.06	1925.21	145197	0	5
2022.04.07	1924.02	1937.81	1920.52	1931.50	135889	0	5
2022.04.08	1931.07	1948.19	1927.68	1946.30	125639	0	5
2022.04.11	1945.71	1969.48	1939.95	1953.64	148818	0	5
2022.04.12	1952.54	1978.60	1949.59	1966.49	144081	0	5
2022.04.13	1965.91	1981.54	1962.86	1978.09	137606	0	5
2022.04.14	1976.62	1980.31	1960.39	1973.34	125669	0	5
2022.04.18	1971.61	1998.37	1970.21	1978.59	124620	0	5
2022.04.19	1977.48	1981.94	1943.69	1950.00	140017	0	5
2022.04.20	1949.31	1958.27	1939.26	1957.49	146181	0	5
2022.04.21	1956.14	1957.39	1936.69	1951.17	142959	0	5
2022.04.22	1950.55	1955.58	1926.56	1932.27	152921	0	5
2022.04.25	1929.54	1934.39	1891.44	1897.88	167791	0	5
2022.04.26	1896.77	1911.22	1895.66	1905.14	151281	0	5
2022.04.27	1905.80	1906.99	1881.30	1885.83	157090	0	5
2022.04.28	1885.53	1896.72	1872.07	1894.60	150290	0	5
2022.04.29	1893.02	1919.85	1892.54	1896.53	152105	0	5
2022.05.02	1896.60	1899.89	1854.53	1862.88	130960	0	5
2022.05.03	1862.09	1878.08	1850.40	1868.16	125717	0	5
2022.05.04	1867.70	1889.74	1861.39	1881.19	119095	0	5
2022.05.05	1881.58	1909.72	1872.49	1877.05	168178	0	5
2022.05.06	1875.45	1892.50	1866.07	1882.43	143026	0	5
2022.05.09	1882.06	1885.66	1851.67	1853.73	138977	0	5
2022.05.10	1852.65	1865.43	1835.37	1838.36	149463	0	5
2022.05.11	1836.21	1858.06	1831.99	1852.42	141642	0	5
2022.05.12	1851.24	1858.74	1821.21	1821.81	154669	0	5
2022.05.13	1820.50	1828.76	1799.10	1811.66	125867	0	5
2022.05.16	1809.72	1826.90	1786.84	1823.87	122157	0	5
2022.05.17	1824.18	1836.09	1812.88	1814.84	119658	0	5
2022.05.18	1813.14	1824.73	1807.32	1816.45	114782	0	5
2022.05.19	1814.41	1849.15	1810.89	1842.01	137406	0	5
2022.05.20	1840.67	1849.39	1832.32	1845.61	103381	0	5
2022.05.23	1845.63	1865.41	1843.47	1853.47	96294	0	5
2022.05.24	1852.90	1869.67	1849.31	1866.40	92203	0	5
2022.05.25	1865.51	1868.04	1841.73	1853.14	90416	0	5
2022.05.26	1851.73	1854.27	1840.80	1850.66	100766	0	5
2022.05.27	1849.87	1861.92	1847.88	1853.19	88527	0	5
2022.05.30	1851.77	1863.96	1848.17	1854.87	52140	0	5
2022.05.31	1855.12	1857.09	1835.01	1837.41	101447	0	5
2022.06.01	1835.45	1849.94	1828.45	1846.28	99673	0	5
2022.06.02	1844.69	1870.46	1844.03	1868.49	88774	0	5
2022.06.03	1867.90	1874.08	1847.34	1851.13	78386	0	5
2022.06.06	1849.66	1857.84	1840.68	1841.47	76106	0	5
2022.06.07	1838.01	1855.50	1836.91	1852.32	78068	0	5
2022.06.08	1850.83	1859.65	1844.55	1853.16	76249	0	5
2022.06.09	1851.43	1855.27	1840.01	1847.99	83655	0	5
2022.06.10	1846.45	1875.85	1825.07	1871.57	118453	0	5
2022.06.13	1873.99	1878.84	1818.95	1819.27	138419	0	5
2022.06.14	1818.18	1831.59	1805.09	1808.24	134478	0	5
2022.06.15	1807.41	1841.84	1807.11	1833.69	155213	0	5
2022.06.16	1830.96	1857.52	1815.89	1856.64	147153	0	5
2022.06.17	1856.19	1856.27	1833.79	1840.28	120491	0	5
2022.06.20	1837.31	1846.12	1834.71	1838.35	70348	0	5
2022.06.21	1838.00	1843.65	1828.53	1832.97	98369	0	5
2022.06.22	1832.54	1847.85	1823.38	1837.84	111223	0	5
2022.06.23	1836.96	1846.10	1822.52	1822.56	116650	0	5
2022.06.24	1822.27	1831.82	1816.94	1827.36	103610	0	5
2022.06.27	1837.28	1841.09	1820.71	1822.60	98714	0	5
2022.06.28	1821.67	1829.51	1818.37	1819.79	87747	0	5
2022.06.29	1819.12	1833.09	1812.04	1817.80	99388	0	5
2022.06.30	1817.34	1825.16	1802.64	1807.16	108990	0	5
2022.07.01	1806.78	1809.29	1784.51	1808.47	122849	0	5
2022.07.04	1811.50	1814.23	1803.96	1807.54	58166	0	5
2022.07.05	1807.09	1812.10	1763.87	1764.73	117798	0	5
2022.07.06	1764.44	1772.79	1732.25	1739.08	128786	0	5
2022.07.07	1738.21	1748.99	1736.53	1740.13	95769	0	5
2022.07.08	1739.11	1752.48	1733.06	1742.54	97189	0	0
2022.07.11	1742.50	1744.46	1731.25	1734.03	86176	0	5
2022.07.12	1732.53	1744.07	1723.15	1726.08	99073	0	5
2022.07.13	1724.61	1745.36	1707.34	1735.49	117322	0	5
2022.07.14	1735.36	1736.25	1697.45	1709.77	127992	0	6
2022.07.15	1710.56	1716.52	1699.05	1707.03	100964	0	5
2022.07.18	1707.12	1723.88	1705.89	1709.03	88263	0	6
2022.07.19	1709.41	1718.43	1705.31	1711.52	78258	0	6
2022.07.20	1711.60	1714.39	1692.39	1696.55	78965	0	5
2022.07.21	1696.30	1720.15	1680.84	1718.23	87269	0	6
2022.07.22	1717.98	1739.25	1712.85	1727.03	90613	0	6
2022.07.25	1726.62	1736.22	1714.71	1719.59	87027	0	6
2022.07.26	1719.02	1728.17	1713.63	1717.25	78556	0	6
2022.07.27	1717.22	1740.21	1711.45	1734.24	84334	0	5
2022.07.28	1733.97	1757.07	1733.92	1755.86	106233	0	5
2022.07.29	1755.67	1767.86	1752.08	1765.89	101837	0	6
2022.08.01	1764.74	1775.30	1758.29	1772.14	96663	0	5
2022.08.02	1771.99	1787.99	1760.44	1761.13	108523	0	6
2022.08.03	1761.30	1772.74	1754.26	1765.51	92888	0	6
2022.08.04	1765.18	1794.90	1763.14	1791.13	83089	0	6
2022.08.05	1790.79	1794.85	1764.92	1775.24	94065	0	6
2022.08.08	1772.68	1790.02	1770.49	1788.99	72063	0	6
2022.08.09	1788.74	1800.36	1783.19	1794.26	68950	0	5
2022.08.10	1795.07	1807.96	1787.26	1792.20	80729	0	5
2022.08.11	1792.19	1799.26	1783.46	1789.43	82244	0	5
2022.08.12	1789.65	1802.13	1784.90	1801.69	76792	0	5
2022.08.15	1801.98	1802.20	1772.95	1779.45	78000	0	5
2022.08.16	1779.84	1783.13	1771.48	1775.45	68471	0	5
2022.08.17	1775.64	1782.27	1759.71	1761.99	87378	0	5
2022.08.18	1762.32	1772.39	1755.33	1758.37	76111	0	5
2022.08.19	1758.79	1759.19	1745.57	1747.09	77672	0	5
2022.08.22	1746.83	1749.06	1727.72	1736.12	77856	0	5
2022.08.23	1735.99	1754.03	1730.80	1747.76	78785	0	5
2022.08.24	1747.85	1755.82	1742.47	1751.26	74356	0	5
2022.08.25	1751.20	1765.52	1749.88	1758.68	80818	0	5
2022.08.26	1758.56	1758.87	1734.18	1738.17	97558	0	5
2022.08.29	1736.07	1745.55	1720.32	1737.45	98390	0	5
2022.08.30	1737.32	1740.45	1721.21	1724.25	91578	0	5
2022.08.31	1723.54	1726.52	1709.61	1710.97	99762	0	5
2022.09.01	1711.05	1711.36	1688.82	1697.56	103058	0	5
2022.09.02	1696.51	1718.00	1694.98	1712.12	93086	0	5
2022.09.05	1711.63	1715.78	1707.70	1710.08	53746	0	5
2022.09.06	1709.59	1726.74	1699.82	1701.79	101996	0	5
2022.09.07	1702.06	1719.42	1691.34	1718.20	104830	0	5
2022.09.08	1718.25	1728.19	1703.99	1708.49	116122	0	5
2022.09.09	1708.72	1729.43	1708.43	1717.46	103093	0	5
2022.09.12	1717.18	1735.11	1711.92	1724.66	101024	0	5
2022.09.13	1724.51	1731.83	1697.03	1702.34	119762	0	5
2022.09.14	1701.70	1707.09	1693.64	1697.38	121267	0	5
2022.09.15	1697.49	1698.25	1660.31	1664.63	113436	0	5
2022.09.16	1664.71	1680.46	1654.11	1675.71	109328	0	5
2022.09.19	1674.59	1679.87	1659.67	1675.69	92217	0	5
2022.09.20	1675.82	1679.45	1659.98	1664.86	99959	0	5
2022.09.21	1664.84	1688.05	1653.76	1673.81	120735	0	5
2022.09.22	1673.18	1684.92	1655.66	1671.20	147477	0	5
2022.09.23	1671.27	1675.90	1639.74	1645.12	138925	0	5
2022.09.26	1645.20	1649.77	1621.11	1622.44	160650	0	5
2022.09.27	1622.13	1642.44	1622.08	1629.19	135780	0	5
2022.09.28	1628.42	1662.69	1614.82	1659.87	164078	0	5
2022.09.29	1659.80	1664.87	1641.51	1660.46	150629	0	5
2022.09.30	1660.56	1675.37	1659.22	1660.85	137981	0	5
2022.10.03	1660.59	1701.41	1659.65	1699.59	137283	0	5
2022.10.04	1699.31	1729.53	1695.19	1726.36	135816	0	5
2022.10.05	1725.92	1727.75	1700.46	1716.22	131165	0	5
2022.10.06	1716.60	1725.52	1706.87	1712.45	125296	0	5
2022.10.07	1712.36	1714.84	1690.55	1694.73	118453	0	0
2022.10.10	1695.55	1699.91	1665.69	1668.04	110183	0	5
2022.10.11	1668.48	1683.93	1660.99	1666.20	130996	0	5
2022.10.12	1666.20	1678.34	1661.32	1673.12	129310	0	5
2022.10.13	1673.57	1682.48	1642.42	1666.11	141245	0	5
2022.10.14	1666.26	1671.78	1640.22	1644.43	139586	0	5
2022.10.17	1643.98	1668.43	1643.98	1650.56	114085	0	5
2022.10.18	1650.27	1660.90	1645.85	1651.95	116397	0	5
2022.10.19	1651.87	1654.39	1627.72	1629.05	105770	0	5
2022.10.20	1629.30	1645.70	1622.46	1628.07	110921	0	5
2022.10.21	1627.85	1657.88	1617.18	1657.12	133894	0	5
2022.10.24	1659.27	1670.72	1643.98	1649.38	123336	0	4
2022.10.25	1650.13	1662.39	1638.25	1653.13	103003	0	5
2022.10.26	1652.95	1674.96	1649.70	1664.65	114440	0	5
2022.10.27	1663.97	1670.82	1654.86	1663.28	114213	0	5
2022.10.28	1662.90	1667.00	1637.97	1645.25	109953	0	5
2022.10.31	1643.21	1645.65	1631.80	1633.56	90012	0	5
2022.11.01	1633.02	1657.04	1630.73	1647.68	106898	0	0
2022.11.02	1647.87	1669.51	1634.74	1635.07	103490	0	5
2022.11.03	1635.16	1641.01	1616.65	1629.56	114868	0	5
2022.11.04	1629.41	1681.72	1628.49	1680.58	120642	0	5
2022.11.07	1675.17	1681.87	1666.89	1675.26	83317	0	5
2022.11.08	1675.16	1716.91	1664.65	1712.39	98483	0	5
2022.11.09	1711.60	1722.33	1702.21	1706.88	101412	0	5
2022.11.10	1706.46	1757.24	1703.83	1755.48	115977	0	5
2022.11.11	1753.82	1772.57	1747.27	1769.81	107210	0	0
2022.11.14	1764.51	1775.06	1753.28	1771.14	86349	0	5
2022.11.15	1770.85	1786.47	1767.04	1778.66	136575	0	5
2022.11.16	1778.46	1785.02	1770.30	1773.73	114582	0	5
2022.11.17	1773.37	1774.75	1754.47	1760.15	111767	0	5
2022.11.18	1760.37	1767.73	1747.52	1750.23	95486	0	5
2022.11.21	1750.95	1752.96	1732.54	1737.71	89908	0	5
2022.11.22	1737.94	1749.77	1737.04	1739.94	87341	0	5
2022.11.23	1739.90	1753.43	1726.50	1749.41	89038	0	5
2022.11.24	1748.86	1758.63	1748.82	1755.20	71284	0	5
2022.11.25	1754.84	1761.07	1745.94	1754.54	82661	0	5
2022.11.28	1754.03	1763.69	1739.59	1741.47	88572	0	8
2022.11.29	1740.50	1758.96	1739.48	1749.68	88189	0	8
2022.11.30	1749.07	1769.99	1744.87	1768.50	96865	0	8
2022.12.01	1768.24	1804.00	1768.21	1802.82	107732	0	8
2022.12.02	1802.15	1804.38	1778.55	1798.61	99099	0	8
2022.12.05	1796.53	1809.97	1765.81	1768.64	104206	0	8
2022.12.06	1768.29	1780.84	1767.27	1770.97	86486	0	8
2022.12.07	1770.67	1790.53	1768.66	1786.05	94327	0	8
2022.12.08	1786.14	1794.83	1781.38	1788.90	87656	0	8
2022.12.09	1789.60	1806.10	1788.47	1796.99	85265	0	0
2022.12.12	1796.17	1797.13	1777.44	1781.32	72708	0	8
2022.12.13	1781.10	1824.51	1780.64	1810.48	110187	0	8
2022.12.14	1809.87	1814.14	1795.10	1807.28	104942	0	0
2022.12.15	1806.95	1808.49	1773.67	1776.70	135486	0	8
2022.12.16	1776.88	1794.26	1774.29	1792.94	87422	0	8
2022.12.19	1792.53	1798.75	1783.78	1787.62	70004	0	8
2022.12.20	1787.56	1821.18	1784.57	1817.65	127263	0	8
2022.12.21	1817.96	1823.84	1811.83	1814.15	84043	0	8
2022.12.22	1813.95	1820.42	1784.84	1792.39	95052	0	8
2022.12.23	1792.45	1803.25	1791.15	1798.15	89150	0	8
2022.12.27	1799.94	1833.30	1799.94	1813.49	86557	0	0
2022.12.28	1813.02	1814.49	1797.02	1804.23	74759	0	8
2022.12.29	1804.00	1820.14	1803.67	1814.82	78348	0	8
2022.12.30	1813.21	1826.10	1813.21	1824.30	94438	0	8
2023.01.03	1826.27	1849.96	1823.68	1839.42	120415	0	8
2023.01.04	1838.84	1865.11	1836.12	1854.60	131563	0	8
2023.01.05	1854.06	1858.94	1825.04	1832.95	121610	0	8
2023.01.06	1830.23	1869.85	1830.23	1866.45	116513	0	0
2023.01.09	1867.25	1881.46	1866.31	1871.66	108117	0	8
2023.01.10	1871.14	1880.69	1867.73	1876.88	109342	0	8
2023.01.11	1876.94	1886.57	1867.06	1875.68	108000	0	8
2023.01.12	1875.23	1901.56	1873.11	1896.76	132648	0	8
2023.01.13	1895.91	1921.94	1892.25	1920.61	124755	0	8
2023.01.16	1919.38	1928.90	1910.83	1915.38	75250	0	8
2023.01.17	1914.27	1919.01	1903.74	1908.48	112432	0	8
2023.01.18	1908.41	1925.87	1896.51	1904.20	137093	0	8
2023.01.19	1904.21	1935.16	1900.93	1932.11	127888	0	6
2023.01.20	1931.95	1937.48	1920.65	1926.76	111526	0	6
2023.01.23	1925.98	1935.46	1911.36	1930.86	100360	0	6
2023.01.24	1931.00	1942.46	1917.12	1937.21	105169	0	6
2023.01.25	1937.11	1948.02	1919.84	1946.06	107735	0	6
2023.01.26	1946.51	1949.12	1918.54	1929.03	109770	0	6
2023.01.27	1927.50	1934.99	1916.66	1928.56	97880	0	6
2023.01.30	1927.61	1934.40	1920.62	1923.11	100112	0	6
2023.01.31	1921.52	1931.12	1900.66	1928.09	113697	0	0
2023.02.01	1928.19	1954.48	1920.43	1949.95	120188	0	6
2023.02.02	1951.33	1959.76	1911.26	1912.59	142078	0	0
2023.02.03	1911.56	1918.61	1861.36	1865.74	139533	0	6
2023.02.06	1861.96	1881.30	1860.38	1867.57	125892	0	6
2023.02.07	1867.32	1884.41	1864.98	1873.66	127634	0	6
2023.02.08	1873.24	1886.38	1868.98	1875.41	104246	0	6
2023.02.09	1875.40	1890.20	1858.85	1861.59	111384	0	0
2023.02.10	1861.74	1872.23	1852.71	1865.25	117760	0	0
2023.02.13	1865.17	1866.62	1850.46	1853.45	94720	0	6
2023.02.14	1853.37	1870.64	1843.12	1854.36	126056	0	0
2023.02.15	1854.19	1860.26	1830.34	1835.82	112460	0	6
2023.02.16	1835.88	1845.24	1827.57	1836.36	118672	0	6
2023.02.17	1836.67	1843.60	1818.91	1842.02	112764	0	6
2023.02.20	1840.76	1847.47	1837.30	1841.22	63358	0	6
2023.02.21	1841.66	1843.79	1830.20	1834.88	107901	0	6
2023.02.22	1834.66	1845.97	1823.50	1825.16	117279	0	6
2023.02.23	1825.26	1833.78	1817.37	1822.22	107159	0	6
2023.02.24	1822.30	1827.76	1808.93	1811.15	119237	0	6
2023.02.27	1810.95	1820.15	1806.49	1817.16	106676	0	5
2023.02.28	1816.85	1831.14	1804.71	1826.68	106786	0	5
2023.03.01	1826.73	1844.48	1823.01	1836.54	114521	0	5
2023.03.02	1836.72	1838.92	1829.90	1835.58	103815	0	5
2023.03.03	1835.69	1856.34	1835.51	1854.66	95828	0	5
2023.03.06	1855.42	1858.23	1845.09	1846.59	94192	0	5
2023.03.07	1846.40	1851.63	1812.65	1812.96	114225	0	5
2023.03.08	1813.56	1824.22	1809.35	1813.68	105910	0	5
2023.03.09	1813.86	1835.67	1811.86	1830.75	106082	0	5
2023.03.10	1831.51	1870.11	1827.69	1867.40	155190	0	5
2023.03.13	1872.84	1914.54	1871.53	1913.37	225203	0	0
2023.03.14	1913.41	1914.07	1895.38	1903.84	161312	0	5
2023.03.15	1903.57	1937.30	1885.67	1918.09	182060	0	5
2023.03.16	1918.06	1933.43	1907.50	1919.31	171380	0	5
2023.03.17	1920.67	1987.72	1918.19	1986.09	156346	0	5
2023.03.20	1985.01	2009.74	1965.75	1978.62	180480	0	5
2023.03.21	1978.65	1985.14	1935.35	1940.52	130548	0	5
2023.03.22	1939.51	1978.71	1934.15	1969.62	141656	0	5
2023.03.23	1970.51	2003.26	1964.44	1993.73	155582	0	5
2023.03.24	1992.70	2002.89	1975.15	1977.50	150742	0	5
2023.03.27	1976.49	1979.31	1943.97	1956.34	123949	0	5
2023.03.28	1956.37	1975.24	1949.10	1973.53	112305	0	5
2023.03.29	1973.22	1974.34	1958.63	1964.37	100159	0	5
2023.03.30	1963.71	1984.29	1955.25	1980.17	106885	0	5
2023.03.31	1980.40	1987.56	1966.81	1969.26	115526	0	5
2023.04.03	1970.22	1990.49	1949.69	1984.37	122305	0	0
2023.04.04	1984.31	2024.94	1976.86	2020.51	115044	0	5
2023.04.05	2020.28	2032.04	2009.99	2020.70	112572	0	5
2023.04.06	2020.61	2021.31	2000.81	2007.07	94195	0	5
2023.04.10	1994.96	2006.43	1981.60	1991.16	91434	0	5
2023.04.11	1991.17	2007.44	1988.73	2003.53	89526	0	5
2023.04.12	2003.43	2028.22	2001.36	2014.83	119380	0	5
2023.04.13	2014.80	2048.72	2013.69	2039.96	106557	0	5
2023.04.14	2040.31	2047.34	1992.34	2004.56	119552	0	5
2023.04.17	1998.91	2014.97	1981.12	1995.05	113633	0	5
2023.04.18	1994.80	2011.79	1991.22	2005.23	99448	0	5
2023.04.19	2005.12	2008.11	1969.18	1994.62	118638	0	5
2023.04.20	1994.43	2012.26	1990.41	2004.69	112202	0	5
2023.04.21	2003.95	2005.50	1971.58	1982.68	114087	0	5
2023.04.24	1981.06	1990.79	1974.08	1988.97	104360	0	5
2023.04.25	1988.91	2003.79	1976.05	1997.00	118095	0	5
2023.04.26	1996.79	2009.27	1983.27	1989.28	131304	0	5
2023.04.27	1989.77	2003.27	1974.15	1987.76	121866	0	5
2023.04.28	1987.86	1994.97	1976.22	1989.63	120219	0	5
2023.05.01	1990.81	2005.98	1977.06	1982.47	103776	0	5
2023.05.02	1981.60	2019.34	1978.45	2016.58	120805	0	0
2023.05.03	2016.60	2040.36	2007.00	2038.38	115674	0	5
2023.05.04	2045.42	2079.11	2030.25	2050.06	178171	0	0
2023.05.05	2049.73	2052.90	1999.47	2015.81	128153	0	0
2023.05.08	2015.48	2029.34	2014.25	2021.33	95868	0	5
2023.05.09	2020.73	2037.58	2019.51	2034.38	99551	0	5
2023.05.10	2033.86	2048.18	2021.50	2030.14	120852	0	5
2023.05.11	2029.99	2041.09	2011.13	2014.97	131410	0	5
2023.05.12	2014.72	2022.53	2000.86	2010.80	118836	0	5
2023.05.15	2007.46	2022.15	2007.15	2016.33	96920	0	5
2023.05.16	2015.72	2018.29	1985.42	1988.80	121384	0	0
2023.05.17	1988.81	1992.96	1974.99	1981.48	111816	0	8
2023.05.18	1980.98	1985.98	1951.91	1957.37	112493	0	0
2023.05.19	1957.82	1984.15	1953.94	1977.49	127044	0	8
2023.05.22	1977.40	1982.59	1968.84	1971.66	111210	0	8
2023.05.23	1971.79	1977.68	1954.19	1974.88	127488	0	8
2023.05.24	1974.90	1985.27	1956.70	1957.15	120013	0	8
2023.05.25	1957.30	1964.73	1938.85	1940.67	122933	0	8
2023.05.26	1940.22	1957.22	1936.69	1946.47	112966	0	8
2023.05.29	1941.74	1949.67	1940.19	1942.93	58764	0	8
2023.05.30	1943.47	1963.47	1931.93	1959.22	121367	0	8
2023.05.31	1959.07	1974.73	1953.61	1962.50	119258	0	8
2023.06.01	1962.69	1983.12	1953.33	1977.41	118931	0	5
2023.06.02	1977.23	1983.40	1947.92	1948.21	117169	0	5
2023.06.05	1946.37	1963.98	1938.08	1961.74	110405	0	5
2023.06.06	1961.52	1966.37	1954.31	1963.23	102689	0	5
2023.06.07	1963.36	1970.16	1939.74	1939.85	108518	0	5
2023.06.08	1940.25	1970.46	1939.48	1965.51	110182	0	0
2023.06.09	1965.66	1973.00	1956.57	1960.40	96293	0	5
2023.06.12	1959.79	1966.96	1949.16	1957.36	106483	0	5
2023.06.13	1957.26	1970.73	1939.99	1943.42	118425	0	5
2023.06.14	1943.26	1960.17	1939.63	1941.76	116760	0	5
2023.06.15	1941.52	1960.23	1924.63	1957.91	131660	0	5
2023.06.16	1957.31	1967.87	1953.23	1957.33	119403	0	5
2023.06.19	1957.86	1958.66	1947.76	1950.28	64075	0	5
2023.06.20	1950.91	1956.73	1929.75	1936.13	118265	0	5
2023.06.21	1936.20	1939.47	1919.18	1932.62	116347	0	5
2023.06.22	1932.67	1934.92	1912.33	1913.65	104117	0	5
2023.06.23	1913.87	1937.22	1910.02	1921.41	111425	0	5
2023.06.26	1924.86	1933.31	1921.48	1923.00	99091	0	5
2023.06.27	1923.16	1930.63	1910.88	1913.53	108341	0	5
2023.06.28	1914.04	1917.15	1902.79	1907.30	104006	0	5
2023.06.29	1907.56	1913.03	1892.89	1908.13	113277	0	5
2023.06.30	1908.30	1922.74	1900.51	1919.10	114564	0	5
2023.07.03	1918.58	1930.94	1909.98	1921.38	94779	0	5
2023.07.04	1921.22	1930.68	1919.77	1925.70	56356	0	5
2023.07.05	1925.36	1935.04	1914.76	1915.08	104673	0	5
2023.07.06	1915.26	1927.57	1902.57	1910.78	113591	0	5
2023.07.07	1910.64	1934.85	1909.50	1925.09	109444	0	5
2023.07.10	1924.53	1928.07	1912.62	1925.18	94803	0	5
2023.07.11	1925.21	1938.47	1924.32	1932.12	96816	0	5
2023.07.12	1932.24	1959.63	1932.10	1957.31	111160	0	5
2023.07.13	1956.96	1963.52	1952.35	1960.32	111404	0	5
2023.07.14	1960.26	1963.77	1950.86	1955.30	106754	0	5
2023.07.17	1954.63	1959.83	1945.73	1954.76	86381	0	5
2023.07.18	1954.47	1984.32	1954.47	1978.73	111070	0	5
2023.07.19	1978.69	1980.92	1969.71	1976.82	94496	0	5
2023.07.20	1975.76	1987.40	1965.30	1969.39	100801	0	5
2023.07.21	1970.17	1973.72	1956.77	1961.84	91718	0	5
2023.07.24	1962.39	1967.86	1953.45	1954.74	89153	0	5
2023.07.25	1955.07	1965.66	1951.21	1964.79	82907	0	5
2023.07.26	1965.04	1978.31	1961.99	1972.06	98704	0	5
2023.07.27	1971.18	1982.09	1942.54	1945.46	112873	0	5
2023.07.28	1946.37	1963.45	1945.35	1959.02	107950	0	5
2023.07.31	1958.95	1972.35	1950.95	1965.40	85708	0	5
2023.08.01	1965.63	1965.92	1941.23	1944.04	92812	0	5
2023.08.02	1949.48	1954.73	1932.90	1934.71	95886	0	5
2023.08.03	1935.24	1938.86	1929.45	1934.02	97383	0	5
2023.08.04	1934.07	1946.75	1925.67	1942.63	91879	0	5
2023.08.07	1942.15	1946.65	1931.42	1936.44	68576	0	5
2023.08.08	1936.45	1938.04	1922.74	1924.98	86936	0	5
2023.08.09	1924.99	1932.27	1913.96	1914.58	72833	0	5
2023.08.10	1914.83	1930.08	1912.05	1912.27	92005	0	5
2023.08.11	1912.59	1920.87	1910.71	1913.77	78046	0	5
2023.08.14	1913.51	1916.19	1902.69	1907.33	77535	0	5
2023.08.15	1907.32	1911.60	1896.27	1901.85	96905	0	5
2023.08.16	1901.69	1907.16	1891.75	1891.82	82229	0	5
2023.08.17	1892.17	1903.42	1884.95	1889.27	93395	0	5
2023.08.18	1889.44	1896.83	1886.74	1889.59	77273	0	5
2023.08.21	1889.78	1898.77	1884.75	1894.65	84700	0	5
2023.08.22	1894.66	1904.49	1889.08	1897.31	79920	0	5
2023.08.23	1897.39	1920.37	1897.27	1915.40	86291	0	5
2023.08.24	1915.25	1923.34	1911.74	1916.74	85229	0	5
2023.08.25	1917.07	1922.36	1903.74	1913.88	85103	0	5
2023.08.28	1915.59	1926.03	1912.75	1920.15	66690	0	5
2023.08.29	1920.04	1938.13	1914.41	1937.34	80538	0	5
2023.08.30	1937.23	1949.07	1934.95	1942.24	86884	0	5
2023.08.31	1942.78	1947.83	1939.01	1940.07	78452	0	5
2023.09.01	1940.07	1952.89	1934.47	1939.86	87397	0	5
2023.09.04	1940.28	1946.27	1936.65	1938.35	44118	0	5
2023.09.05	1938.53	1938.94	1925.31	1925.98	83033	0	5
2023.09.06	1926.13	1929.14	1915.26	1916.41	80367	0	5
2023.09.07	1917.55	1923.57	1916.19	1919.60	68131	0	5
2023.09.08	1919.55	1929.71	1917.32	1918.98	68838	0	5
2023.09.11	1920.46	1930.67	1916.61	1922.30	74372	0	5
2023.09.12	1922.63	1924.51	1907.55	1913.31	70405	0	5
2023.09.13	1913.15	1915.71	1905.42	1908.11	84095	0	5
2023.09.14	1908.69	1912.88	1900.95	1910.50	110762	0	5
2023.09.15	1910.79	1930.40	1909.73	1923.55	102341	0	5
2023.09.18	1923.39	1934.21	1922.52	1933.59	82944	0	5
2023.09.19	1933.66	1937.33	1929.77	1931.29	69870	0	5
2023.09.20	1932.01	1947.42	1927.92	1930.33	96561	0	5
2023.09.21	1930.35	1931.51	1913.91	1920.00	100643	0	5
2023.09.22	1919.40	1929.09	1919.28	1925.09	75688	0	5
2023.09.25	1925.27	1927.17	1915.13	1915.74	74818	0	5
2023.09.26	1916.04	1916.79	1899.11	1900.55	82580	0	5
2023.09.27	1900.54	1903.90	1872.50	1874.97	92610	0	5
2023.09.28	1876.10	1879.63	1857.62	1864.82	100481	0	5
2023.09.29	1865.05	1879.82	1846.28	1849.08	103229	0	5
2023.10.02	1847.01	1848.89	1827.15	1827.77	103001	0	5
2023.10.03	1828.89	1833.35	1815.17	1822.92	128913	0	5
2023.10.04	1823.23	1830.58	1816.56	1821.04	122235	0	5
2023.10.05	1821.37	1829.14	1812.99	1820.12	108558	0	5
2023.10.06	1820.52	1834.84	1810.41	1831.58	117110	0	5
2023.10.09	1850.00	1863.48	1844.18	1861.32	104122	0	5
2023.10.10	1861.21	1865.39	1852.98	1860.39	117472	0	5
2023.10.11	1859.99	1877.20	1858.59	1874.24	107174	0	5
2023.10.12	1874.32	1884.97	1867.89	1868.70	108972	0	5
2023.10.13	1868.97	1930.72	1868.97	1930.08	123068	0	5
2023.10.16	1923.43	1927.61	1908.13	1920.13	112258	0	5
2023.10.17	1919.95	1931.56	1912.36	1923.04	113586	0	5
2023.10.18	1923.91	1962.63	1923.25	1947.54	130856	0	5
2023.10.19	1947.73	1977.69	1945.18	1974.31	136135	0	5
2023.10.20	1973.47	1997.13	1971.96	1980.30	138243	0	5
2023.10.23	1968.88	1982.79	1964.31	1972.72	124022	0	5
2023.10.24	1973.42	1980.84	1953.42	1970.97	117658	0	5
2023.10.25	1970.78	1987.18	1962.89	1979.47	103561	0	5
2023.10.26	1980.26	1993.41	1971.73	1984.88	128646	0	5
2023.10.27	1984.54	2009.36	1976.79	2005.70	117182	0	5
2023.10.30	2004.67	2006.68	1990.90	1996.11	111497	0	5
2023.10.31	1995.71	2007.96	1978.81	1983.95	117305	0	5
2023.11.01	1983.48	1992.05	1969.83	1982.68	115872	0	5
2023.11.02	1983.29	1991.01	1978.80	1985.82	104384	0	5
2023.11.03	1985.92	2004.08	1983.20	1992.39	105126	0	5
2023.11.06	1992.85	1993.09	1977.39	1977.79	99120	0	5
2023.11.07	1977.93	1978.27	1956.67	1969.10	100332	0	5
2023.11.08	1969.05	1970.96	1947.41	1950.17	105174	0	5
2023.11.09	1949.74	1965.58	1944.62	1958.47	102608	0	5
2023.11.10	1958.19	1960.82	1932.99	1937.79	102859	0	5
2023.11.13	1938.46	1949.17	1931.62	1946.15	92820	0	5
2023.11.14	1946.17	1970.85	1943.71	1963.05	101770	0	5
2023.11.15	1962.91	1975.14	1955.40	1959.24	111375	0	5
2023.11.16	1960.08	1987.96	1956.43	1981.23	102470	0	5
2023.11.17	1980.62	1993.35	1978.61	1980.40	102352	0	5
2023.11.20	1977.92	1985.13	1965.44	1977.65	107527	0	5
2023.11.21	1978.08	2007.53	1977.75	1998.32	123940	0	5
2023.11.22	1998.57	2006.38	1986.91	1989.84	109376	0	5
2023.11.23	1989.18	1998.54	1989.13	1992.37	58507	0	5
2023.11.24	1992.68	2003.55	1991.42	2002.16	79657	0	5
2023.11.27	2001.78	2018.06	2000.48	2014.17	127623	0	5
2023.11.28	2013.50	2042.98	2011.64	2041.19	122806	0	5
2023.11.29	2041.00	2051.99	2035.31	2044.19	147746	0	5
2023.11.30	2044.59	2047.23	2031.35	2036.02	163148	0	5
2023.12.01	2036.59	2075.32	2033.89	2071.44	170020	0	5
2023.12.04	2072.16	2137.31	2020.02	2029.03	211328	0	5
2023.12.05	2029.77	2041.18	2009.82	2019.30	156979	0	5
2023.12.06	2019.58	2035.84	2017.12	2025.32	131077	0	5
2023.12.07	2025.67	2039.91	2020.20	2028.51	167582	0	5
2023.12.08	2028.48	2034.05	1994.62	2004.01	210232	0	5
2023.12.11	2004.78	2007.77	1975.80	1981.76	164947	0	5
2023.12.12	1981.91	1996.85	1977.20	1979.39	156284	0	5
2023.12.13	1980.63	2027.79	1973.02	2027.29	169283	0	5
2023.12.14	2024.57	2047.92	2023.90	2036.36	246848	0	5
2023.12.15	2036.16	2044.88	2015.62	2018.45	180603	0	5
2023.12.18	2020.15	2033.69	2015.98	2027.18	119330	0	5
2023.12.19	2027.55	2046.99	2021.71	2040.15	126927	0	5
2023.12.20	2039.78	2043.49	2027.45	2031.31	122214	0	5
2023.12.21	2031.89	2046.10	2031.43	2045.75	135388	0	5
2023.12.22	2048.81	2070.62	2046.70	2052.60	147863	0	5
2023.12.26	2053.23	2069.04	2053.23	2067.74	78986	0	5
2023.12.27	2068.25	2084.46	2061.47	2077.60	105269	0	5
2023.12.28	2077.95	2088.45	2064.65	2065.37	130179	0	5
2023.12.29	2066.44	2074.81	2058.21	2062.84	125275	0	5
2024.01.02	2063.84	2078.95	2055.84	2058.98	152675	0	5
2024.01.03	2058.79	2066.00	2030.65	2041.42	178951	0	5
2024.01.04	2041.97	2050.93	2036.25	2043.34	133938	0	5
2024.01.05	2043.41	2064.02	2024.42	2045.03	198680	0	5
2024.01.08	2044.68	2046.60	2016.76	2027.99	154556	0	5
2024.01.09	2028.06	2041.96	2026.03	2030.21	146006	0	5
2024.01.10	2030.50	2040.32	2020.45	2024.34	146591	0	5
2024.01.11	2024.62	2039.67	2013.31	2028.63	207080	0	5
2024.01.12	2028.95	2062.23	2028.61	2048.73	200470	0	5
2024.01.15	2047.27	2058.63	2045.82	2054.57	84827	0	5
2024.01.16	2055.19	2055.55	2024.27	2028.27	200644	0	5
2024.01.17	2028.05	2032.98	2001.83	2006.19	185126	0	5
2024.01.18	2006.31	2023.35	2005.76	2023.06	146602	0	5
2024.01.19	2023.82	2039.36	2020.36	2029.35	135096	0	5
2024.01.22	2028.85	2032.14	2016.42	2021.68	136759	0	5
2024.01.23	2021.19	2037.90	2019.58	2029.22	140784	0	5
2024.01.24	2028.58	2036.63	2011.18	2013.58	159026	0	5
2024.01.25	2014.84	2025.32	2008.82	2020.80	166041	0	5
2024.01.26	2019.62	2026.81	2015.95	2018.41	111914	0	5
2024.01.29	2025.59	2037.54	2019.29	2032.79	107586	0	5
2024.01.30	2032.98	2048.60	2029.06	2036.88	131610	0	5
2024.01.31	2037.03	2056.00	2030.79	2039.14	182556	0	5
2024.02.01	2039.67	2065.42	2030.01	2054.89	195048	0	5
2024.02.02	2054.81	2057.65	2027.82	2039.51	162277	0	5
2024.02.05	2039.66	2042.13	2014.88	2025.01	152253	0	5
2024.02.06	2024.78	2038.88	2022.86	2035.84	129180	0	5
2024.02.07	2035.43	2044.54	2030.57	2035.09	113861	0	5
2024.02.08	2034.84	2038.68	2020.16	2034.28	122084	0	5
2024.02.09	2034.83	2037.19	2020.24	2023.98	102955	0	5
2024.02.12	2024.68	2027.58	2011.86	2019.95	93264	0	5
2024.02.13	2019.79	2031.96	1990.07	1992.97	125241	0	5
2024.02.14	1993.23	1996.15	1984.21	1992.15	107512	0	5
2024.02.15	1992.77	2008.35	1990.26	2004.35	112219	0	5
2024.02.16	2004.42	2015.13	1995.04	2013.46	114126	0	6
2024.02.19	2014.38	2022.94	2011.20	2017.77	56740	0	5
2024.02.20	2017.43	2030.92	2014.97	2024.17	94450	0	5
2024.02.21	2024.05	2032.20	2020.00	2025.93	98963	0	5
2024.02.22	2025.87	2034.92	2019.58	2024.35	111152	0	6
2024.02.23	2024.05	2041.33	2016.05	2035.69	106552	0	5
2024.02.26	2032.94	2036.98	2025.03	2031.06	92430	0	5
2024.02.27	2031.16	2039.44	2028.78	2030.23	86802	0	5
2024.02.28	2030.11	2037.89	2024.43	2034.45	86453	0	5
2024.02.29	2034.69	2050.68	2028.06	2044.06	120675	0	5
2024.03.01	2043.82	2088.27	2039.04	2083.38	154216	0	5
2024.03.04	2082.68	2119.89	2079.45	2114.31	144923	0	5
2024.03.05	2113.95	2141.77	2110.44	2127.82	181169	0	5
2024.03.06	2127.37	2152.21	2123.60	2148.12	184083	0	5
2024.03.07	2147.72	2164.72	2144.20	2159.89	179788	0	5
2024.03.08	2158.77	2195.12	2153.99	2178.64	193932	0	6
2024.03.11	2180.86	2188.97	2174.78	2182.74	153527	0	5
2024.03.12	2182.07	2184.76	2150.57	2158.26	190205	0	5
2024.03.13	2158.57	2179.82	2155.77	2174.22	147411	0	5
2024.03.14	2174.87	2176.95	2152.72	2162.12	151031	0	5
2024.03.15	2162.12	2172.68	2155.14	2156.11	129188	0	5
2024.03.18	2152.33	2163.53	2146.08	2160.26	92718	0	5
2024.03.19	2160.24	2162.81	2147.12	2157.55	100339	0	5
2024.03.20	2157.77	2188.79	2149.58	2186.17	109155	0	5
2024.03.21	2187.46	2222.69	2166.35	2181.20	145441	0	5
2024.03.22	2181.07	2186.04	2157.09	2165.48	118235	0	5
2024.03.25	2165.38	2181.26	2163.47	2171.57	101963	0	5
2024.03.26	2171.76	2200.04	2167.54	2178.63	101445	0	5
2024.03.27	2177.82	2197.59	2173.27	2194.72	94101	0	5
2024.03.28	2191.18	2236.06	2187.34	2232.78	121515	0	5
2024.04.01	2240.13	2265.64	2228.49	2251.26	124489	0	5
2024.04.02	2250.98	2281.01	2246.66	2280.41	140360	0	5
2024.04.03	2280.61	2301.09	2265.39	2299.58	137739	0	5
2024.04.04	2299.72	2305.55	2279.83	2290.84	124078	0	5
2024.04.05	2290.96	2330.42	2267.76	2328.20	150955	0	5
2024.04.08	2321.88	2353.93	2302.90	2338.81	243392	0	5
2024.04.09	2337.73	2365.29	2336.73	2352.14	212388	0	5
2024.04.10	2353.13	2360.04	2319.41	2333.47	171943	0	5
2024.04.11	2332.38	2377.71	2325.76	2372.37	144778	0	5
2024.04.12	2371.31	2431.51	2333.88	2344.76	194704	0	5
2024.04.15	2362.35	2387.59	2324.26	2383.07	181181	0	5
2024.04.16	2380.30	2398.34	2363.03	2382.54	178649	0	5
2024.04.17	2382.86	2395.61	2354.45	2361.12	153304	0	5
2024.04.18	2362.96	2392.83	2362.94	2378.71	149760	0	5
2024.04.19	2378.53	2417.81	2372.80	2390.41	174455	0	5
2024.04.22	2386.08	2388.41	2324.65	2327.07	141865	0	5
2024.04.23	2329.09	2334.46	2291.33	2322.10	159495	0	5
2024.04.24	2322.09	2337.31	2311.75	2315.94	127702	0	5
2024.04.25	2316.02	2344.85	2305.01	2332.38	98556	0	5
2024.04.26	2331.99	2352.50	2326.20	2337.38	86872	0	5
2024.04.29	2335.80	2346.73	2319.82	2335.43	167363	0	0
2024.04.30	2335.13	2336.27	2285.08	2286.09	98586	0	0
2024.05.01	2286.70	2328.30	2281.64	2319.27	98793	0	5
2024.05.02	2319.24	2326.43	2285.50	2303.53	100978	0	5
2024.05.03	2303.80	2320.60	2277.26	2301.88	86605	0	5
2024.05.06	2302.93	2331.95	2291.82	2323.90	117664	0	5
2024.05.07	2324.17	2329.95	2310.00	2313.93	109445	0	5
2024.05.08	2313.76	2321.37	2303.64	2308.82	111998	0	5
2024.05.09	2308.11	2347.20	2306.61	2345.99	110205	0	5
2024.05.10	2345.74	2378.32	2345.23	2360.80	126628	0	5
2024.05.13	2360.72	2364.48	2331.97	2336.25	113329	0	6
2024.05.14	2336.41	2359.62	2334.83	2357.87	109747	0	6
2024.05.15	2356.95	2390.22	2351.86	2385.76	124299	0	6
2024.05.16	2385.40	2397.35	2370.75	2376.66	123004	0	5
2024.05.17	2377.25	2422.63	2373.99	2414.35	115735	0	6
2024.05.20	2419.24	2450.01	2407.34	2426.14	151234	0	5
2024.05.21	2427.16	2433.89	2406.04	2420.77	132494	0	14
2024.05.22	2420.83	2426.49	2374.92	2378.56	130276	0	8
2024.05.23	2378.09	2383.72	2326.97	2328.44	135836	0	8
2024.05.24	2328.67	2347.38	2325.39	2333.81	103445	0	8
2024.05.27	2335.58	2358.46	2332.14	2350.41	78421	0	8
2024.05.28	2352.16	2364.05	2340.30	2361.09	107391	0	8
2024.05.29	2362.27	2362.27	2334.36	2338.15	111720	0	8
2024.05.30	2338.22	2351.74	2322.62	2342.93	121503	0	8
2024.05.31	2344.24	2359.68	2320.59	2327.61	123744	0	8
2024.06.03	2328.85	2354.73	2314.75	2350.61	118640	0	8
2024.06.04	2351.90	2352.78	2315.60	2326.81	118684	0	8
2024.06.05	2327.53	2357.37	2325.86	2355.09	105968	0	5
2024.06.06	2356.91	2378.49	2353.42	2375.74	114421	0	8
2024.06.07	2376.81	2387.67	2286.74	2292.94	135670	0	8
2024.06.10	2292.74	2313.78	2287.55	2310.85	95505	0	8
2024.06.11	2311.93	2319.90	2297.73	2316.81	105222	0	8
2024.06.12	2316.49	2341.64	2310.69	2324.84	117124	0	8
2024.06.13	2324.20	2326.63	2295.57	2303.88	119882	0	8
2024.06.14	2303.17	2336.59	2301.53	2332.69	120618	0	8
2024.06.17	2331.51	2331.83	2309.91	2319.08	107101	0	8
2024.06.18	2320.03	2333.11	2306.55	2329.32	107717	0	8
2024.06.19	2329.69	2334.93	2323.73	2328.19	69609	0	8
2024.06.20	2329.41	2365.41	2327.73	2359.97	108661	0	8
2024.06.21	2360.35	2368.69	2316.71	2321.39	105900	0	8
2024.06.24	2318.54	2334.70	2317.71	2334.23	90897	0	8
2024.06.25	2333.82	2337.10	2315.49	2319.45	88157	0	8
2024.06.26	2319.33	2323.86	2293.48	2298.12	109026	0	8
2024.06.27	2297.87	2330.88	2296.49	2327.54	98736	0	8
2024.06.28	2327.65	2339.71	2319.06	2326.35	101205	0	8
2024.07.01	2326.05	2338.47	2318.48	2331.69	100335	0	8
2024.07.02	2332.49	2336.78	2319.09	2329.29	86509	0	8
2024.07.03	2330.12	2364.91	2326.94	2355.96	91327	0	8
2024.07.04	2356.97	2362.51	2350.38	2356.57	63585	0	8
2024.07.05	2356.65	2392.93	2348.78	2391.02	143271	0	5
2024.07.08	2387.28	2391.08	2351.01	2359.08	143455	0	8
2024.07.09	2359.12	2371.51	2349.41	2363.66	150421	0	8
2024.07.10	2363.88	2386.65	2363.06	2371.21	131332	0	8
2024.07.11	2371.76	2424.53	2371.12	2415.29	165174	0	8
2024.07.12	2414.77	2418.25	2391.36	2411.56	165355	0	5
2024.07.15	2412.73	2439.71	2401.32	2422.17	169610	0	8
2024.07.16	2421.87	2469.57	2420.00	2468.64	178641	0	8
2024.07.17	2468.40	2483.70	2451.48	2458.55	218950	0	8
2024.07.18	2458.43	2474.89	2440.31	2445.11	185764	0	8
2024.07.19	2445.14	2445.30	2393.60	2400.39	196543	0	8
2024.07.22	2402.33	2412.11	2383.84	2396.37	169891	0	8
2024.07.23	2397.32	2411.99	2388.27	2409.49	165728	0	8
2024.07.24	2408.76	2432.00	2396.81	2397.15	185425	0	8
2024.07.25	2398.03	2401.17	2353.08	2364.47	242443	0	8
2024.07.26	2363.94	2390.75	2355.84	2388.18	181581	0	8
2024.07.29	2388.06	2403.11	2369.62	2383.49	191556	0	8
2024.07.30	2382.72	2412.81	2376.47	2410.94	182559	0	5
2024.07.31	2409.56	2450.91	2403.73	2447.30	208244	0	5
2024.08.01	2448.83	2462.27	2430.22	2446.34	235392	0	8
2024.08.02	2446.49	2477.62	2410.81	2441.32	252825	0	8
2024.08.05	2444.07	2458.55	2364.27	2409.94	162193	0	0
2024.08.06	2410.47	2418.30	2381.39	2389.87	121094	0	8
2024.08.07	2389.57	2406.99	2379.00	2382.99	108018	0	8
2024.08.08	2382.40	2427.53	2381.04	2427.21	107308	0	8
2024.08.09	2426.31	2437.03	2416.86	2430.97	89640	0	8
2024.08.12	2429.97	2473.08	2423.72	2471.97	72585	0	8
2024.08.13	2470.45	2476.89	2458.46	2464.90	87029	0	9
2024.08.14	2466.74	2479.74	2437.85	2447.84	95820	0	5
2024.08.15	2447.40	2469.98	2432.05	2456.41	90683	0	8
2024.08.16	2455.84	2509.73	2450.78	2507.00	93202	0	5
2024.08.19	2509.07	2509.93	2485.41	2504.18	92881	0	8
2024.08.20	2503.43	2531.73	2497.31	2513.91	92158	0	9
2024.08.21	2513.59	2519.99	2493.68	2512.34	93345	0	8
2024.08.22	2511.73	2514.66	2470.88	2484.65	94293	0	8
2024.08.23	2484.57	2518.35	2484.38	2511.90	93235	0	8
2024.08.26	2512.08	2526.82	2508.75	2517.86	93411	0	8
2024.08.27	2518.02	2525.94	2503.31	2524.60	88376	0	8
2024.08.28	2525.08	2528.92	2493.60	2504.55	90948	0	8
2024.08.29	2504.76	2528.67	2503.49	2521.03	90528	0	8
2024.08.30	2520.86	2526.81	2493.98	2503.38	90575	0	8
2024.09.02	2502.53	2507.33	2489.86	2499.56	64756	0	8
2024.09.03	2499.46	2506.10	2473.10	2492.88	95375	0	8
2024.09.04	2492.75	2500.16	2471.69	2495.33	89993	0	8
2024.09.05	2494.78	2523.36	2493.78	2516.59	88465	0	9
2024.09.06	2516.74	2529.21	2485.07	2497.09	97208	0	5
2024.09.09	2496.61	2507.22	2485.53	2506.31	91118	0	5
2024.09.10	2506.23	2518.30	2499.98	2516.60	86128	0	8
2024.09.11	2516.41	2528.84	2500.74	2511.55	96541	0	8
2024.09.12	2511.43	2560.06	2510.89	2558.59	94432	0	8
2024.09.13	2558.16	2586.09	2556.70	2579.41	96818	0	8
2024.09.16	2578.64	2589.68	2575.05	2582.43	80900	0	8
2024.09.17	2582.31	2586.96	2560.67	2569.49	86344	0	8
2024.09.18	2569.62	2600.12	2546.88	2559.31	99040	0	8
2024.09.19	2557.88	2594.88	2551.34	2586.72	106790	0	8
2024.09.20	2586.34	2625.81	2584.79	2622.19	97250	0	8
2024.09.23	2619.56	2634.79	2613.64	2628.37	114099	0	8
2024.09.24	2627.19	2664.40	2622.41	2657.14	196464	0	8
2024.09.25	2658.58	2670.41	2649.55	2657.04	182386	0	6
2024.09.26	2657.46	2685.51	2654.68	2672.25	198783	0	8
2024.09.27	2671.93	2674.26	2642.97	2658.69	204243	0	8
2024.09.30	2658.29	2666.04	2624.64	2634.53	194580	0	5
2024.10.01	2633.22	2673.13	2632.15	2663.28	170841	0	8
2024.10.02	2661.97	2663.20	2640.91	2658.61	162859	0	5
2024.10.03	2658.46	2662.75	2637.13	2655.94	176591	0	8
2024.10.04	2656.90	2670.22	2631.92	2652.70	131769	0	8
2024.10.07	2650.82	2659.67	2637.80	2642.60	123496	0	8
2024.10.08	2642.44	2652.96	2604.50	2621.88	156700	0	8
2024.10.09	2621.74	2624.26	2605.16	2607.67	130272	0	8
2024.10.10	2608.42	2631.47	2601.78	2630.01	135665	0	5
2024.10.11	2629.12	2661.43	2628.08	2657.03	119599	0	8
2024.10.14	2652.37	2666.56	2643.20	2648.48	113023	0	8
2024.10.15	2647.96	2668.95	2638.10	2662.60	130729	0	8
2024.10.16	2662.08	2685.19	2658.66	2673.64	125974	0	8
2024.10.17	2674.00	2696.77	2673.07	2692.78	133055	0	8
2024.10.18	2692.43	2722.54	2692.27	2722.22	136120	0	8
2024.10.21	2720.45	2740.53	2714.13	2719.56	146107	0	8
2024.10.22	2718.96	2748.89	2718.85	2748.80	134205	0	8
2024.10.23	2747.67	2758.45	2708.54	2715.46	142545	0	8
2024.10.24	2715.84	2743.28	2715.06	2735.84	134445	0	8
2024.10.25	2735.46	2747.59	2716.98	2746.27	125146	0	8
2024.10.28	2732.10	2745.97	2724.70	2742.21	123437	0	8
2024.10.29	2741.48	2774.80	2739.82	2774.38	131909	0	8
2024.10.30	2773.31	2790.02	2770.67	2787.20	131518	0	8
2024.10.31	2786.90	2790.12	2731.26	2743.86	134712	0	8
2024.11.01	2743.95	2762.25	2732.97	2735.04	137317	0	8
2024.11.04	2736.26	2748.12	2729.59	2736.52	127803	0	8
2024.11.05	2737.74	2750.00	2724.70	2743.78	124292	0	8
2024.11.06	2742.42	2749.74	2652.48	2658.75	199150	0	8
2024.11.07	2659.91	2710.19	2643.12	2706.37	155485	0	8
2024.11.08	2704.29	2710.42	2680.25	2684.45	139655	0	8
2024.11.11	2684.58	2686.18	2610.62	2619.38	134725	0	8
2024.11.12	2620.08	2626.91	2589.40	2598.05	146132	0	8
2024.11.13	2598.13	2618.54	2572.53	2572.81	143267	0	8
2024.11.14	2571.89	2581.37	2536.57	2564.49	158701	0	8
2024.11.15	2564.89	2576.03	2554.27	2561.71	137021	0	8
2024.11.18	2567.63	2615.01	2566.51	2611.63	133404	0	8
2024.11.19	2611.03	2639.39	2610.37	2632.12	140766	0	8
2024.11.20	2632.12	2655.44	2618.58	2649.97	126907	0	8
2024.11.21	2650.75	2673.55	2648.79	2669.38	130775	0	8
2024.11.22	2669.85	2715.27	2668.15	2714.41	148837	0	8
2024.11.25	2706.40	2721.38	2615.66	2625.47	161708	0	8
2024.11.26	2626.21	2641.95	2605.04	2632.94	146837	0	8
2024.11.27	2631.09	2658.14	2626.94	2635.85	131890	0	8
2024.11.28	2635.77	2649.61	2620.80	2637.53	90449	0	8
2024.11.29	2638.53	2666.24	2633.85	2649.41	123022	0	8
2024.12.02	2650.08	2651.52	2621.59	2638.66	146308	0	5
2024.12.03	2638.64	2655.64	2633.85	2643.49	133886	0	8
2024.12.04	2642.93	2657.18	2632.19	2649.71	129923	0	8
2024.12.05	2649.02	2655.55	2623.57	2631.76	120172	0	8
2024.12.06	2631.93	2645.71	2613.09	2632.93	129440	0	5
2024.12.09	2646.71	2676.42	2627.44	2660.01	135696	0	8
2024.12.10	2660.88	2695.52	2657.83	2693.80	126874	0	8
2024.12.11	2693.45	2721.17	2675.32	2717.79	161516	0	5
2024.12.12	2716.91	2725.95	2674.95	2680.53	139105	0	8
2024.12.13	2680.83	2692.79	2646.04	2648.46	137356	0	8
2024.12.16	2649.55	2664.43	2643.38	2652.58	114818	0	8
2024.12.17	2652.32	2658.68	2632.91	2646.45	122849	0	8
2024.12.18	2646.36	2651.75	2583.60	2585.26	134682	0	8
2024.12.19	2583.64	2626.45	2582.57	2594.57	142108	0	8
2024.12.20	2594.77	2631.98	2589.71	2622.14	128582	0	8
2024.12.23	2624.24	2636.60	2608.11	2612.52	110598	0	8
2024.12.24	2612.62	2621.53	2610.04	2615.13	79779	0	9
2024.12.26	2615.63	2639.11	2614.13	2633.45	89673	0	9
2024.12.27	2632.68	2638.24	2611.71	2620.97	97229	0	9
2024.12.30	2619.80	2628.08	2596.07	2605.90	108249	0	5
2024.12.31	2606.02	2627.60	2602.48	2623.26	88746	0	9
2025.01.02	2624.91	2660.51	2621.58	2657.96	125109	0	8
2025.01.03	2657.53	2665.12	2636.65	2639.44	107842	0	8
2025.01.06	2641.41	2649.39	2614.28	2635.93	134127	0	8
2025.01.07	2636.16	2664.26	2632.87	2648.49	124350	0	8
2025.01.08	2648.43	2669.96	2645.28	2661.53	123415	0	8
2025.01.09	2661.56	2678.14	2655.35	2670.23	101027	0	8
2025.01.10	2670.21	2697.90	2663.88	2689.04	145658	0	8
2025.01.13	2688.79	2693.35	2656.66	2662.90	140088	0	8
2025.01.14	2663.22	2678.18	2659.81	2677.15	131971	0	5
2025.01.15	2678.09	2697.32	2669.26	2696.18	123644	0	8
2025.01.16	2694.43	2724.81	2689.80	2714.34	141237	0	5
2025.01.17	2714.05	2717.40	2699.20	2702.37	170199	0	8
2025.01.20	2702.37	2713.62	2689.34	2707.07	230220	0	5
2025.01.21	2706.81	2745.90	2702.88	2744.66	297093	0	5
2025.01.22	2744.80	2763.42	2741.89	2756.04	256945	0	8
2025.01.23	2755.70	2758.87	2735.73	2754.48	267994	0	8
2025.01.24	2754.80	2786.00	2753.43	2771.60	275955	0	5
2025.01.27	2767.59	2772.62	2730.31	2740.62	307285	0	8
2025.01.28	2740.74	2765.01	2734.69	2763.26	226129	0	8
2025.01.29	2762.92	2766.23	2744.83	2759.72	262457	0	8
2025.01.30	2759.22	2798.36	2757.88	2794.10	289388	0	8
2025.01.31	2794.98	2817.21	2790.84	2800.57	308232	0	8
2025.02.03	2802.07	2830.64	2772.07	2814.56	363075	0	5
2025.02.04	2813.06	2845.40	2807.17	2841.89	302851	0	5
2025.02.05	2840.90	2882.30	2839.61	2867.08	285881	0	5
2025.02.06	2867.46	2873.25	2833.96	2855.66	274979	0	8
2025.02.07	2855.86	2886.86	2852.17	2861.82	287867	0	5
2025.02.10	2855.81	2911.59	2855.70	2907.79	277141	0	8
2025.02.11	2907.56	2942.67	2881.34	2897.37	346110	0	8
2025.02.12	2897.08	2909.16	2864.16	2903.81	293131	0	5
2025.02.13	2904.35	2929.36	2900.52	2928.29	245298	0	8
2025.02.14	2928.13	2939.95	2876.72	2882.71	307790	0	5
2025.02.17	2885.90	2906.45	2878.44	2898.96	198127	0	8
2025.02.18	2898.60	2936.97	2891.78	2935.11	212319	0	8
2025.02.19	2934.34	2946.97	2918.47	2933.00	251027	0	8
2025.02.20	2933.35	2954.96	2924.08	2939.06	245105	0	8
2025.02.21	2938.17	2949.69	2916.63	2935.98	249991	0	5
2025.02.24	2934.27	2956.21	2921.06	2952.43	264146	0	5
2025.02.25	2952.94	2953.67	2887.84	2914.85	303710	0	5
2025.02.26	2915.20	2930.03	2890.76	2916.30	234560	0	5
2025.02.27	2916.74	2920.76	2867.72	2876.86	306113	0	5
2025.02.28	2877.32	2885.03	2832.46	2858.81	304711	0	5
2025.03.03	2860.06	2895.19	2858.63	2892.95	261999	0	8
2025.03.04	2891.94	2927.86	2881.87	2917.81	273718	0	8
2025.03.05	2917.48	2929.97	2894.29	2918.85	310739	0	5
2025.03.06	2918.78	2926.60	2890.99	2910.86	291280	0	5
2025.03.07	2911.60	2930.42	2896.93	2912.13	294848	0	5
2025.03.10	2911.56	2918.11	2880.14	2889.14	290818	0	5
2025.03.11	2888.09	2922.04	2879.82	2915.61	231808	0	5
2025.03.12	2915.62	2940.54	2905.92	2933.29	247871	0	5
2025.03.13	2933.50	2989.21	2932.66	2988.79	276377	0	8
2025.03.14	2988.26	3004.86	2978.25	2988.31	260112	0	8
2025.03.17	2984.59	3001.89	2982.26	3000.85	203476	0	8
2025.03.18	3001.38	3038.12	2999.38	3033.83	237593	0	5
2025.03.19	3033.92	3051.72	3022.47	3047.16	217778	0	10
2025.03.20	3048.55	3057.46	3025.77	3044.61	242134	0	10
2025.03.21	3044.78	3047.52	2999.08	3023.03	222899	0	5
2025.03.24	3023.82	3033.33	3002.44	3011.88	250223	0	5
2025.03.25	3011.05	3035.96	3007.39	3019.81	200871	0	10
2025.03.26	3019.47	3032.01	3012.00	3019.14	208480	0	11
2025.03.27	3019.31	3059.65	3017.53	3056.72	284033	0	5
2025.03.28	3055.90	3086.74	3054.15	3083.97	270998	0	5
2025.03.31	3087.90	3127.75	3076.67	3123.99	309745	0	5
2025.04.01	3124.73	3149.09	3100.60	3114.10	314693	0	5
2025.04.02	3114.01	3141.91	3105.06	3131.88	267932	0	0
2025.04.03	3131.52	3167.69	3053.97	3114.30	421321	0	0
2025.04.04	3114.01	3136.35	3015.68	3036.77	424460	0	5
2025.04.07	3028.80	3055.45	2956.46	2981.85	502426	0	5
2025.04.08	2982.28	3022.71	2974.77	2982.02	377483	0	5
2025.04.09	2983.85	3099.53	2970.02	3082.77	496510	0	5
2025.04.10	3080.68	3176.44	3071.36	3175.38	421932	0	5
2025.04.11	3176.87	3245.28	3175.95	3237.94	434730	0	5
2025.04.14	3219.10	3245.68	3193.65	3210.64	322743	0	5
2025.04.15	3211.66	3233.68	3209.76	3229.43	235349	0	10
2025.04.16	3230.45	3342.85	3229.68	3342.79	339784	0	5
2025.04.17	3343.17	3357.78	3283.79	3327.12	342010	0	5
2025.04.21	3331.29	3430.47	3328.88	3424.13	343310	0	5
2025.04.22	3423.66	3500.00	3366.71	3381.00	464446	0	5
2025.04.23	3321.96	3386.56	3259.88	3288.35	442477	0	5
2025.04.24	3290.74	3367.37	3290.74	3348.68	341901	0	5
2025.04.25	3354.47	3370.97	3264.97	3316.31	343704	0	5
2025.04.28	3329.58	3353.06	3267.98	3344.13	308431	0	5
2025.04.29	3345.19	3348.61	3299.42	3316.93	267480	0	10
2025.04.30	3315.82	3328.01	3266.58	3288.61	298518	0	5
2025.05.01	3287.66	3290.05	3201.65	3237.61	298175	0	5
2025.05.02	3240.73	3269.21	3222.53	3240.62	301934	0	5
2025.05.05	3241.79	3337.52	3237.66	3333.56	295050	0	10
2025.05.06	3335.68	3434.71	3323.09	3430.50	345338	0	5
2025.05.07	3425.84	3430.25	3360.00	3364.26	352958	0	5
2025.05.08	3366.96	3414.70	3288.51	3305.78	362423	0	5
2025.05.09	3307.84	3347.51	3274.72	3325.42	320884	0	5
2025.05.12	3287.71	3292.03	3207.71	3234.80	405069	0	5
2025.05.13	3238.96	3265.47	3215.51	3250.13	295713	0	5
2025.05.14	3252.02	3257.01	3167.64	3177.43	357591	0	5
2025.05.15	3178.06	3240.62	3120.34	3239.87	343346	0	5
2025.05.16	3239.29	3252.27	3154.12	3201.32	315510	0	5
2025.05.19	3211.78	3249.79	3206.23	3230.18	280677	0	5
2025.05.20	3228.87	3295.76	3204.47	3289.89	291932	0	5
2025.05.21	3291.30	3324.89	3285.10	3315.10	308049	0	5
2025.05.22	3319.25	3345.50	3279.01	3294.81	349016	0	5
2025.05.23	3295.46	3365.88	3286.83	3360.07	326662	0	5
2025.05.26	3352.87	3356.73	3323.56	3342.19	186419	0	5
2025.05.27	3343.32	3349.88	3285.04	3300.51	299711	0	5
2025.05.28	3301.67	3325.53	3276.28	3288.45	280712	0	5
2025.05.29	3286.59	3331.08	3245.44	3317.65	322529	0	5
2025.05.30	3319.51	3322.82	3271.18	3291.15	284918	0	5
2025.06.02	3298.03	3382.97	3298.03	3381.68	286524	0	5
2025.06.03	3383.66	3392.19	3333.16	3353.41	277391	0	5
2025.06.04	3355.56	3384.60	3343.43	3372.32	273007	0	5
2025.06.05	3373.13	3403.57	3339.11	3352.61	333363	0	5
2025.06.06	3354.47	3375.49	3307.09	3311.93	318876	0	5
2025.06.09	3315.33	3338.29	3293.22	3325.58	266051	0	5
2025.06.10	3326.92	3349.11	3301.72	3322.53	275179	0	5
2025.06.11	3321.42	3360.73	3315.52	3355.14	295542	0	5
2025.06.12	3358.36	3398.94	3338.74	3386.95	338813	0	5
2025.06.13	3386.13	3446.78	3379.70	3432.56	362201	0	5
2025.06.16	3442.76	3451.33	3382.46	3385.38	308071	0	5
2025.06.17	3386.40	3403.35	3366.23	3388.63	304431	0	5
2025.06.18	3392.22	3400.07	3362.41	3369.42	288134	0	5
2025.06.19	3370.71	3387.83	3347.29	3370.08	235870	0	5
2025.06.20	3369.16	3374.49	3340.04	3368.99	256907	0	5
2025.06.23	3391.29	3394.90	3347.09	3369.24	302961	0	5
2025.06.24	3368.31	3368.81	3295.34	3323.13	321247	0	5
2025.06.25	3324.06	3337.06	3311.79	3332.18	223257	0	8
2025.06.26	3334.67	3350.28	3309.51	3327.89	257354	0	8
2025.06.27	3327.17	3327.57	3255.55	3274.65	315940	0	5
2025.06.30	3280.46	3309.47	3246.27	3302.95	256130	0	5
2025.07.01	3303.12	3358.13	3302.35	3339.02	274159	0	7
2025.07.02	3337.59	3360.04	3327.54	3356.98	237266	0	5
2025.07.03	3358.87	3365.77	3311.39	3326.11	234378	0	5
2025.07.04	3326.22	3345.16	3323.61	3336.62	145561	0	5
2025.07.07	3337.33	3342.71	3296.50	3336.32	279867	0	5
2025.07.08	3339.55	3345.83	3286.69	3301.71	258981	0	5
2025.07.09	3302.93	3316.88	3282.40	3313.66	227181	0	8
2025.07.10	3314.02	3330.35	3310.17	3323.86	210306	0	8
2025.07.11	3325.14	3368.73	3321.92	3357.32	271227	0	8
2025.07.14	3362.94	3375.02	3341.10	3343.34	240529	0	5
2025.07.15	3342.78	3366.37	3320.28	3324.96	226909	0	5
2025.07.16	3324.02	3377.08	3319.38	3347.55	259472	0	5
2025.07.17	3349.52	3352.23	3309.60	3339.07	223884	0	5
2025.07.18	3339.57	3361.26	3331.73	3350.68	197047	0	8
2025.07.21	3348.84	3401.57	3344.94	3397.16	233514	0	5
2025.07.22	3398.33	3433.53	3383.37	3431.66	246785	0	5
2025.07.23	3431.25	3438.99	3381.14	3387.22	287536	0	5
2025.07.24	3389.65	3393.36	3351.00	3368.56	262895	0	8
2025.07.25	3368.42	3373.55	3325.05	3336.63	218360	0	5
2025.07.28	3329.34	3345.33	3301.35	3314.60	245346	0	8
2025.07.29	3313.86	3334.17	3307.70	3326.64	248272	0	8
2025.07.30	3326.82	3334.02	3267.95	3275.02	263196	0	5
2025.07.31	3275.29	3314.87	3273.90	3290.03	249831	0	5
2025.08.01	3289.89	3363.50	3281.43	3363.21	292386	0	5
2025.08.04	3364.55	3385.49	3344.93	3373.69	236116	0	8
2025.08.05	3374.31	3390.46	3349.80	3380.74	219560	0	5
2025.08.06	3380.91	3385.38	3358.06	3369.30	214519	0	8
2025.08.07	3370.56	3401.82	3365.23	3396.15	352739	0	5
2025.08.08	3401.26	3407.86	3374.65	3397.20	528460	0	5
2025.08.11	3403.61	3405.12	3341.02	3342.93	316556	0	8
2025.08.12	3342.83	3359.02	3330.81	3348.20	286663	0	5
2025.08.13	3349.76	3370.51	3342.47	3356.02	235963	0	5
2025.08.14	3357.18	3374.79	3329.74	3335.38	290373	0	5
2025.08.15	3337.02	3348.79	3332.33	3335.90	256479	0	8
2025.08.18	3336.39	3358.45	3323.50	3332.88	259104	0	8
2025.08.19	3333.77	3345.31	3314.84	3315.57	269303	0	8
2025.08.20	3316.50	3350.27	3311.42	3348.18	260546	0	8
2025.08.21	3350.09	3352.27	3325.04	3338.52	244782	0	8
2025.08.22	3339.07	3378.85	3321.29	3371.95	266931	0	5
2025.08.25	3371.25	3376.22	3359.51	3365.55	207454	0	8
2025.08.26	3366.54	3393.67	3351.37	3393.62	284744	0	8
2025.08.27	3394.10	3398.56	3373.51	3397.45	262897	0	8
2025.08.28	3398.31	3423.17	3384.36	3416.90	290867	0	8
2025.08.29	3416.67	3453.99	3404.16	3448.12	307982	0	8
2025.09.01	3444.29	3489.93	3437.04	3476.31	297163	0	5
2025.09.02	3474.73	3540.00	3470.04	3533.33	421879	0	5
2025.09.03	3530.61	3578.42	3526.35	3559.20	333719	0	8
2025.09.04	3559.97	3564.15	3511.13	3545.75	384847	0	5
2025.09.05	3543.92	3600.00	3540.13	3587.32	406864	0	5
2025.09.08	3583.72	3646.50	3579.47	3636.01	413197	0	5
2025.09.09	3634.80	3674.85	3625.84	3626.21	415500	0	8
2025.09.10	3625.04	3657.55	3620.13	3640.50	364608	0	8
2025.09.11	3642.71	3649.20	3612.31	3633.81	352259	0	5
2025.09.12	3634.23	3656.70	3630.44	3643.41	326565	0	5
2025.09.15	3644.67	3685.52	3626.51	3678.89	350177	0	8
2025.09.16	3680.72	3703.04	3674.43	3689.89	363023	0	8
2025.09.17	3689.58	3707.42	3646.13	3659.92	391050	0	5
2025.09.18	3660.82	3672.99	3627.74	3644.39	384618	0	5
2025.09.19	3643.29	3685.25	3632.18	3685.03	359978	0	8
2025.09.22	3684.78	3748.90	3683.66	3746.87	381047	0	8
2025.09.23	3745.19	3791.14	3736.41	3764.04	427375	0	5
2025.09.24	3766.03	3779.23	3717.39	3736.08	387533	0	5
2025.09.25	3738.94	3761.70	3722.09	3749.40	414185	0	5
2025.09.26	3748.66	3783.78	3734.44	3761.24	388455	0	8
2025.09.29	3760.57	3834.18	3760.43	3833.78	470432	0	8
2025.09.30	3830.94	3871.78	3793.07	3858.25	446590	0	5
2025.10.01	3857.44	3895.28	3853.23	3865.49	444814	0	5
2025.10.02	3869.01	3896.91	3819.06	3856.14	411525	0	5
2025.10.03	3857.01	3891.76	3837.94	3886.75	404988	0	5
2025.10.06	3886.14	3970.07	3884.24	3961.04	477288	0	5
2025.10.07	3958.39	3991.11	3940.64	3984.54	485791	0	8
2025.10.08	3984.64	4059.15	3983.52	4041.67	474958	0	5
2025.10.09	4040.39	4057.97	3944.39	3976.03	554141	0	5
2025.10.10	3979.47	4022.94	3946.64	4018.46	568065	0	5
2025.10.13	4012.06	4116.90	4007.39	4110.60	491771	0	5
2025.10.14	4110.64	4179.75	4090.39	4142.15	591017	0	5
2025.10.15	4143.01	4218.33	4140.75	4208.27	500697	0	5
2025.10.16	4209.54	4330.75	4199.93	4326.25	520381	0	5
2025.10.17	4335.41	4379.26	4186.05	4246.86	652357	0	5
2025.10.20	4243.50	4381.38	4218.95	4356.45	547128	0	5
2025.10.21	4358.70	4375.35	4081.34	4124.93	617416	0	5
2025.10.22	4125.52	4161.50	4004.06	4098.23	643928	0	5
2025.10.23	4104.99	4154.90	4066.18	4126.00	545004	0	5
2025.10.24	4128.98	4144.39	4043.87	4112.84	502537	0	5
2025.10.27	4076.86	4109.12	3971.27	3981.35	552016	0	5
2025.10.28	3980.96	4019.73	3886.62	3952.47	539217	0	5
2025.10.29	3955.53	4030.32	3915.51	3930.47	544277	0	5
2025.10.30	3926.48	4027.14	3915.30	4024.17	552707	0	5
2025.10.31	4022.54	4046.20	3972.24	4003.18	506387	0	5
2025.11.03	3983.73	4030.55	3962.52	4001.20	442953	0	5
2025.11.04	4002.42	4005.75	3928.48	3931.75	455110	0	5
2025.11.05	3933.71	3990.49	3929.51	3979.24	388274	0	5
2025.11.06	3977.21	4019.63	3964.48	3976.79	398591	0	5
2025.11.07	3975.12	4027.50	3974.85	4001.15	366205	0	8
2025.11.10	3999.21	4116.67	3999.00	4115.96	421754	0	5
2025.11.11	4116.61	4149.00	4096.93	4126.97	430572	0	5
2025.11.12	4129.54	4211.77	4098.69	4195.61	507926	0	6
2025.11.13	4203.15	4245.12	4145.31	4171.32	543326	0	5
2025.11.14	4172.25	4211.27	4032.11	4084.72	548178	0	5
2025.11.17	4082.52	4106.61	4006.82	4045.52	480241	0	5
2025.11.18	4051.34	4082.30	3997.70	4067.63	488075	0	5
2025.11.19	4068.81	4132.81	4055.57	4077.97	481552	0	5
2025.11.20	4080.02	4110.07	4038.76	4077.26	526822	0	5
2025.11.21	4074.60	4101.22	4022.26	4065.80	529064	0	5
2025.11.24	4068.96	4139.99	4039.89	4134.78	427655	0	5
2025.11.25	4133.73	4159.32	4109.47	4130.59	478469	0	5
2025.11.26	4132.59	4173.55	4129.66	4163.91	414043	0	5
2025.11.27	4165.09	4168.78	4142.53	4157.45	311050	0	10
2025.11.28	4159.71	4226.82	4152.58	4217.36	328014	0	5
2025.12.01	4229.15	4264.59	4205.56	4232.16	539807	0	10
2025.12.02	4228.59	4236.00	4163.31	4205.42	461027	0	5
2025.12.03	4205.93	4241.49	4194.63	4203.08	495213	0	10
2025.12.04	4204.52	4219.30	4174.88	4208.59	483893	0	5
2025.12.05	4207.10	4259.32	4191.87	4196.32	450918	0	10
2025.12.08	4196.08	4219.02	4175.75	4190.46	442515	0	5
2025.12.09	4191.09	4221.31	4169.71	4208.32	471019	0	10
2025.12.10	4209.56	4238.78	4181.64	4228.56	442980	0	5
2025.12.11	4229.64	4285.95	4204.27	4279.79	476767	0	10
2025.12.12	4281.49	4353.57	4256.86	4300.22	530334	0	5
2025.12.15	4295.98	4350.43	4285.32	4305.04	478634	0	10
2025.12.16	4306.80	4335.01	4271.44	4302.16	479187	0	10
2025.12.17	4301.01	4349.16	4301.01	4338.29	477022	0	10
2025.12.18	4337.77	4374.68	4308.41	4332.51	478951	0	5
2025.12.19	4334.04	4356.60	4309.35	4338.60	424223	0	10
2025.12.22	4338.52	4449.01	4337.87	4443.68	412700	0	10
2025.12.23	4447.56	4499.81	4430.43	4484.70	509030	0	10
2025.12.24	4486.01	4525.88	4448.08	4479.37	474148	0	10
2025.12.26	4498.82	4549.88	4479.87	4531.75	546393	0	5
2025.12.29	4548.84	4549.34	4301.68	4331.77	621480	0	5
2025.12.30	4336.51	4404.33	4323.14	4338.48	551993	0	10
2025.12.31	4342.55	4373.59	4273.76	4311.63	499458	0	5
2026.01.02	4328.78	4402.36	4309.71	4332.70	467537	0	10
2026.01.05	4353.22	4456.02	4344.80	4448.98	532620	0	5
2026.01.06	4451.02	4497.26	4427.59	4494.79	490403	0	5
2026.01.07	4496.24	4500.68	4423.17	4456.48	495744	0	5
2026.01.08	4459.46	4479.45	4407.47	4477.37	502515	0	10
2026.01.09	4482.65	4517.20	4452.67	4510.04	456050	0	5
2026.01.12	4521.41	4630.04	4512.63	4597.54	528780	0	10
2026.01.13	4607.78	4634.69	4569.65	4586.62	487928	0	9
2026.01.14	4591.56	4642.90	4589.32	4626.40	499791	0	10
2026.01.15	4631.75	4632.45	4580.95	4615.60	496073	0	5
2026.01.16	4617.45	4620.82	4536.45	4595.40	465225	0	5
2026.01.19	4633.93	4690.73	4629.29	4670.94	338325	0	5
2026.01.20	4675.10	4766.31	4659.36	4763.55	462226	0	5
2026.01.21	4760.68	4888.55	4755.55	4831.32	532631	0	5
2026.01.22	4832.00	4940.84	4772.45	4936.30	450578	0	5
2026.01.23	4944.49	4989.88	4899.67	4985.91	457458	0	7
2026.01.26	5008.85	5111.23	4989.76	5008.22	582483	0	5
2026.01.27	5022.86	5190.22	5013.76	5181.14	559104	0	5
2026.01.28	5172.51	5419.13	5157.13	5417.52	616071	0	5
2026.01.29	5422.61	5598.06	5098.65	5370.50	720133	0	5
2026.01.30	5400.04	5451.06	4681.35	4882.54	790116	0	5
2026.02.02	4781.13	4884.79	4402.69	4660.33	810346	0	5
2026.02.03	4677.34	4993.79	4677.21	4946.65	657378	0	5
2026.02.04	4962.55	5091.97	4853.42	4964.52	566614	0	5
2026.02.05	4980.35	5023.76	4759.57	4779.24	652057	0	0
2026.02.06	4761.51	4971.43	4654.79	4963.97	523624	0	5
2026.02.09	4990.56	5086.57	4964.97	5058.19	453104	0	5
2026.02.10	5067.96	5078.74	4987.25	5025.21	450215	0	5
2026.02.11	5027.37	5119.30	5017.74	5084.42	431444	0	5
2026.02.12	5096.67	5100.00	4878.61	4921.80	444863	0	5
2026.02.13	4889.84	5046.12	4887.12	5042.83	426013	0	5
2026.02.16	5035.13	5035.45	4965.21	4993.00	239483	0	5
2026.02.17	4991.65	5000.87	4840.92	4877.36	408675	0	5
2026.02.18	4869.58	5010.93	4854.08	4977.20	328048	0	5
2026.02.19	4976.48	5022.28	4960.07	4996.14	317355	0	5
2026.02.20	5003.18	5106.91	4981.58	5103.76	356426	0	10
2026.02.23	5109.06	5237.81	5107.83	5227.61	383086	0	10
2026.02.24	5230.95	5249.73	5093.38	5143.71	388241	0	10
2026.02.25	5141.52	5217.73	5120.31	5164.94	356567	0	10
2026.02.26	5165.12	5205.51	5130.30	5184.90	378096	0	12
2026.02.27	5188.23	5280.82	5166.80	5279.95	386872	0	12
2026.03.02	5315.78	5419.36	5260.44	5321.97	530054	0	10
2026.03.03	5334.19	5379.75	4996.00	5088.16	612663	0	10
2026.03.04	5109.80	5206.12	5084.03	5140.99	514934	0	10
2026.03.05	5150.07	5194.93	5050.68	5080.88	481419	0	10
2026.03.06	5083.76	5174.61	5062.44	5171.06	429956	0	10
2026.03.09	5190.43	5192.08	5014.58	5136.60	505228	0	10
2026.03.10	5148.47	5238.61	5117.49	5192.67	400398	0	10
2026.03.11	5190.10	5223.06	5148.96	5176.09	340157	0	10
2026.03.12	5182.09	5191.69	5054.86	5079.24	382117	0	10
2026.03.13	5074.80	5128.47	5009.59	5021.27	399551	0	10
2026.03.16	5010.84	5038.02	4967.24	5006.19	453650	0	10
2026.03.17	5010.94	5044.31	4973.47	5005.44	370618	0	10
2026.03.18	5005.02	5016.32	4807.00	4818.83	428506	0	10
2026.03.19	4829.45	4867.03	4502.58	4650.33	590367	0	10
2026.03.20	4659.03	4735.93	4477.38	4496.98	563908	0	10
2026.03.23	4487.63	4536.33	4098.82	4406.64	775066	0	10
2026.03.24	4419.92	4484.40	4305.42	4474.53	324728	0	10
2026.03.25	4476.62	4602.42	4456.14	4506.28	263207	0	10
2026.03.26	4517.37	4544.03	4351.28	4378.37	272945	0	10
2026.03.27	4384.07	4555.29	4375.43	4495.03	239922	0	10
2026.03.30	4486.25	4580.57	4419.91	4511.01	256657	0	10
2026.03.31	4514.19	4687.28	4482.59	4667.07	257802	0	10
2026.04.01	4681.82	4793.04	4661.61	4758.08	245505	0	10
2026.04.02	4759.38	4800.25	4554.19	4676.12	256177	0	10
2026.04.06	4631.66	4706.42	4600.63	4650.64	218995	0	10
2026.04.07	4658.51	4718.39	4607.68	4705.59	245084	0	10
2026.04.08	4747.06	4857.02	4699.81	4719.07	249295	0	10
2026.04.09	4727.87	4801.20	4698.48	4765.48	219864	0	10
2026.04.10	4775.64	4795.16	4730.84	4748.66	206028	0	10
2026.04.13	4661.08	4750.29	4644.34	4740.48	217575	0	10
2026.04.14	4751.47	4846.37	4745.66	4841.92	203630	0	10
2026.04.15	4840.14	4871.25	4786.12	4790.67	216830	0	10
2026.04.16	4797.42	4838.31	4772.72	4790.97	208103	0	10
2026.04.17	4794.55	4889.44	4767.51	4834.06	208695	0	10
2026.04.20	4763.04	4827.78	4737.07	4820.62	242725	0	10
2026.04.21	4823.36	4832.89	4668.45	4720.26	253698	0	12
2026.04.22	4722.01	4772.39	4715.53	4740.11	220432	0	10
2026.04.23	4745.51	4753.57	4664.11	4694.31	269130	0	10
2026.04.24	4699.29	4740.49	4657.68	4708.01	249881	0	10
2026.04.27	4692.74	4730.08	4667.17	4681.69	231349	0	10
2026.04.28	4684.09	4701.34	4554.76	4597.01	256867	0	10
2026.04.29	4598.72	4610.34	4510.29	4543.66	259111	0	10
2026.04.30	4543.71	4646.73	4539.21	4621.70	259834	0	13
2026.05.01	4628.14	4660.29	4560.08	4616.19	222825	0	14
2026.05.04	4619.77	4629.43	4500.57	4523.66	247493	0	10
2026.05.05	4523.31	4586.69	4513.43	4557.60	263499	0	10
2026.05.06	4557.95	4722.99	4546.19	4691.02	430638	0	10
